name,url,state,court_type,category,notes
Local Rules,http://www.cod.uscourts.gov/CourtOperations/RulesProcedures/LocalRules.aspx,CO,federal,all,Group: CO USDC
Pilot Projects,http://www.cod.uscourts.gov/CourtOperations/RulesProcedures/PilotProjects.aspx,CO,federal,all,Group: CO USDC
Holiday Schedule,http://www.cod.uscourts.gov/CourtOperations/FAQs.aspx,CO,federal,all,Group: CO USDC
Northern District - Local Rules,https://www.flnd.uscourts.gov/local-rules,FL,federal,all,Group: FL USDC
Northern District - Holiday Schedule,https://www.flnd.uscourts.gov/node/29,FL,federal,all,Group: FL USDC
Northern District - Home Page (News),https://www.flnd.uscourts.gov/,FL,federal,all,Group: FL USDC
Middle District - Home Page,https://www.flmd.uscourts.gov/,FL,federal,all,Group: FL USDC
Middle District - Local Rules,https://www.flmd.uscourts.gov/local-rules,FL,federal,all,Group: FL USDC
Middle District - Holiday Schedule,https://www.flmd.uscourts.gov/holidays,FL,federal,all,Group: FL USDC
Southern District - Home Page (News),https://www.flsd.uscourts.gov/,FL,federal,all,Group: FL USDC
Southern District - Local Rules,https://www.flsd.uscourts.gov/local-rules-and-procedures,FL,federal,all,Group: FL USDC
Southern District - Holiday Schedule,https://www.flsd.uscourts.gov/court-hours-holidays,FL,federal,all,Group: FL USDC
Judge Allyne R. Ross,https://www.nyed.uscourts.gov/district-judge-allyne-r-ross,NY,federal,all,Group: NY USDC - Eastern District Judges
Judge Ann M. Donnelly,https://www.nyed.uscourts.gov/district-judge-ann-m-donnelly,NY,federal,all,Group: NY USDC - Eastern District Judges
Judge Brian M. Cogan,https://www.nyed.uscourts.gov/district-judge-brian-m-cogan,NY,federal,all,Group: NY USDC - Eastern District Judges
Judge Carol Bagley Amon,https://www.nyed.uscourts.gov/district-judge-carol-bagley-amon,NY,federal,all,Group: NY USDC - Eastern District Judges
Judge Dora L. Irizarry,https://www.nyed.uscourts.gov/district-judge-dora-l-irizarry,NY,federal,all,Group: NY USDC - Eastern District Judges
Judge Eric N. Vitaliano,https://www.nyed.uscourts.gov/district-judge-eric-n-vitaliano,NY,federal,all,Group: NY USDC - Eastern District Judges
Judge Eric R. Komitee,https://www.nyed.uscourts.gov/district-judge-eric-r-komitee,NY,federal,all,Group: NY USDC - Eastern District Judges
Judge Frederic Block,https://www.nyed.uscourts.gov/district-judge-frederic-block,NY,federal,all,Group: NY USDC - Eastern District Judges
Judge Gary R. Brown,https://www.nyed.uscourts.gov/district-judge-gary-r-brown,NY,federal,all,Group: NY USDC - Eastern District Judges
Judge Hector Gonzalez,https://www.nyed.uscourts.gov/district-judge-hector-gonzalez,NY,federal,all,Group: NY USDC - Eastern District Judges
Judge I. Leo Glasser,https://www.nyed.uscourts.gov/district-judge-i-leo-glasser,NY,federal,all,Group: NY USDC - Eastern District Judges
Judge Joan M. Azrack,https://www.nyed.uscourts.gov/district-judge-joan-m-azrack,NY,federal,all,Group: NY USDC - Eastern District Judges
Judge Joanna Seybert,https://www.nyed.uscourts.gov/district-judge-joanna-seybert,NY,federal,all,Group: NY USDC - Eastern District Judges
Judge Diane Gujarati,https://www.nyed.uscourts.gov/district-judge-diane-gujarati,NY,federal,all,Group: NY USDC - Eastern District Judges
Judge Kiyo A. Matsumoto,https://www.nyed.uscourts.gov/district-judge-kiyo-matsumoto,NY,federal,all,Group: NY USDC - Eastern District Judges
Judge Margo K. Brodie,https://www.nyed.uscourts.gov/index.php/chief-judge-margo-k-brodie,NY,federal,all,Group: NY USDC - Eastern District Judges
Judge Nicholas G. Garaufis,https://www.nyed.uscourts.gov/index.php/district-judge-nicholas-g-garaufis,NY,federal,all,Group: NY USDC - Eastern District Judges
Judge Nina Gershon,https://www.nyed.uscourts.gov/index.php/district-judge-nina-gershon,NY,federal,all,Group: NY USDC - Eastern District Judges
Judge Nina R. Morrison,https://www.nyed.uscourts.gov/district-judge-nina-r-morrison,NY,federal,all,Group: NY USDC - Eastern District Judges
Judge Pamela K. Chen,https://www.nyed.uscourts.gov/index.php/district-judge-pamela-k-chen,NY,federal,all,Group: NY USDC - Eastern District Judges
Judge Rachel P. Kovner,https://www.nyed.uscourts.gov/district-judge-rachel-p-kovner,NY,federal,all,Group: NY USDC - Eastern District Judges
Judge Raymond J. Dearie,https://www.nyed.uscourts.gov/index.php/district-judge-raymond-j-dearie,NY,federal,all,Group: NY USDC - Eastern District Judges
Judge William F. Kuntz,https://www.nyed.uscourts.gov/district-judge-william-f-kuntz,NY,federal,all,Group: NY USDC - Eastern District Judges
Judge Sanket J. Bulsara,https://www.nyed.uscourts.gov/index.php/district-judge-sanket-j-bulsara,NY,federal,all,Group: NY USDC - Eastern District Judges
Judge Nusrat J. Choudhury,https://www.nyed.uscourts.gov/index.php/district-judge-nusrat-j-choudhury,NY,federal,all,Group: NY USDC - Eastern District Judges
Judge Natasha C. Merle,https://www.nyed.uscourts.gov/district-judge-natasha-c-merle,NY,federal,all,Group: NY USDC - Eastern District Judges
Judge Ramon E. Reyes Jr.,https://www.nyed.uscourts.gov/district-judge-ramon-e-reyes-jr,NY,federal,all,Group: NY USDC - Eastern District Judges
Superior Courts - Local Rules,https://www.azcourts.gov/rules/RecentAmendments/MoreRules/LocalRulesofPracticefortheSuperiorCourts.aspx,AZ,state,all,Group: AZ Superior Courts
Superior Courts - Home Page,https://www.azcourts.gov/AZ-Courts/Superior-Court,AZ,state,all,Group: AZ Superior Courts
Maricopa - Home Page (News),https://superiorcourt.maricopa.gov/,AZ,state,all,Group: AZ Superior Courts
Maricopa - Holiday Schedule,https://superiorcourt.maricopa.gov/resources/court-holiday-schedule/,AZ,state,all,Group: AZ Superior Courts
Pima - Home Page (News),https://www.sc.pima.gov/,AZ,state,all,Group: AZ Superior Courts
Pima - FASTAR Rules,https://www.sc.pima.gov/judges-courts/civil-court/fastar/,AZ,state,all,Group: AZ Superior Courts
Cochise - Administrative Orders,https://www.cochise.az.gov/Archive.aspx?AMID=36,AZ,state,all,Group: AZ Superior Courts
Cochise - Home Page (News),https://www.cochise.az.gov/,AZ,state,all,Group: AZ Superior Courts
Pima - Holiday Schedule,https://www.sc.pima.gov/general-information,AZ,state,all,Group: AZ Superior Courts
Pinal - Home Page (News),https://www.pinalcourtsaz.gov/,AZ,state,all,Group: AZ Superior Courts
Gila - Home Page (News),https://www.gilacountyaz.gov/government/courts/index.php,AZ,state,all,Group: AZ Superior Courts
Graham - Home Page (News),https://www.graham.az.gov/184/Courts-Judicial,AZ,state,all,Group: AZ Superior Courts
District Judge Charles R. Breyer - Standing Orders,https://www.cand.uscourts.gov/judges/breyer-charles-r-crb/,CA,federal,all,Group: CA USDC - Northern District Judges
District Judge Edward M. Chen - Standing Orders,https://www.cand.uscourts.gov/judges/chen-edward-m-emc/,CA,federal,all,Group: CA USDC - Northern District Judges
District Judge Maxine M. Chesney - Standing Orders,https://www.cand.uscourts.gov/judges/chesney-maxine-m-mmc/,CA,federal,all,Group: CA USDC - Northern District Judges
District Judge Vince Chhabria - Standing Orders,https://www.cand.uscourts.gov/judges/chhabria-vince-vc/,CA,federal,all,Group: CA USDC - Northern District Judges
District Judge Jacqueline Scott Corley - Standing Orders,https://www.cand.uscourts.gov/judges/corley-jacqueline-scott-jsc/,CA,federal,all,Group: CA USDC - Northern District Judges
District Judge James Donato - Standing Orders,https://www.cand.uscourts.gov/judges/donato-james-jd/,CA,federal,all,Group: CA USDC - Northern District Judges
District Judge Susan Illston - Standing Orders,https://www.cand.uscourts.gov/judges/illston-susan-si/,CA,federal,all,Group: CA USDC - Northern District Judges
District Judge William H. Orrick - Standing Orders,https://www.cand.uscourts.gov/judges/orrick-william-h-who/,CA,federal,all,Group: CA USDC - Northern District Judges
District Judge Richard Seeborg - Standing Orders,https://www.cand.uscourts.gov/judges/seeborg-richard-rs/,CA,federal,all,Group: CA USDC - Northern District Judges
District Judge Trina L. Thompson - Standing Orders,https://www.cand.uscourts.gov/judges/trina-l-thompson-tlt/,CA,federal,all,Group: CA USDC - Northern District Judges
Magistrate Judge Laurel Beeler - Standing Orders,https://www.cand.uscourts.gov/judges/beeler-laurel-lb/,CA,federal,all,Group: CA USDC - Northern District Judges
Magistrate Judge Lisa J. Cisneros - Standing Orders,https://www.cand.uscourts.gov/judges/lisa-j-cisneros-ljc/,CA,federal,all,Group: CA USDC - Northern District Judges
Magistrate Judge Thomas S. Hixson - Standing Orders,https://www.cand.uscourts.gov/judges/hixson-thomas-s-tsh/,CA,federal,all,Group: CA USDC - Northern District Judges
Magistrate Judge Peter H. Kang - Standing Orders,https://www.cand.uscourts.gov/judges/peter-h-kang-phk/,CA,federal,all,Group: CA USDC - Northern District Judges
Magistrate Judge Sallie Kim - Standing Orders,https://www.cand.uscourts.gov/judges/kim-sallie-sk/,CA,federal,all,Group: CA USDC - Northern District Judges
Magistrate Judge Joseph C. Spero - Standing Orders,https://www.cand.uscourts.gov/judges/spero-joseph-c-jcs/,CA,federal,all,Group: CA USDC - Northern District Judges
Magistrate Judge Alex G. Tse - Standing Orders,https://www.cand.uscourts.gov/judges/tse-alex-g-agt/,CA,federal,all,Group: CA USDC - Northern District Judges
Magistrate Judge Robert M. Illman - Standing Orders,https://www.cand.uscourts.gov/judges/illman-robert-m-rmi/,CA,federal,all,Group: CA USDC - Northern District Judges
Magistrate Judge Kandis A. Westmore - Standing Orders,https://www.cand.uscourts.gov/judges/westmore-kandis-a-kaw/,CA,federal,all,Group: CA USDC - Northern District Judges
Magistrate Judge Nathanael Cousins -Standing Orders,https://www.cand.uscourts.gov/judges/cousins-nathanael-nc/,CA,federal,all,Group: CA USDC - Northern District Judges
Magistrate Judge Virginia K. DeMarchi - Standing Orders,https://www.cand.uscourts.gov/judges/demarchi-virginia-vkd/,CA,federal,all,Group: CA USDC - Northern District Judges
Magistrate Judge Susan van Keulen - Standing Orders,https://www.cand.uscourts.gov/judges/van-keulen-susan-svk/,CA,federal,all,Group: CA USDC - Northern District Judges
District Judge Rita F. Lin - Standing Orders,https://www.cand.uscourts.gov/judges/lin-rita-f-rfl/,CA,federal,all,Group: CA USDC - Northern District Judges
District Judge Araceli Martinez-Olguin - Standing Orders,https://www.cand.uscourts.gov/judges/martinez-olguin-araceli-amo/,CA,federal,all,Group: CA USDC - Northern District Judges
"District Judge Haywood S. Gilliam, Jr. - Standing Orders",https://www.cand.uscourts.gov/judges/gilliam-haywood-s-hsg/,CA,federal,all,Group: CA USDC - Northern District Judges
District Judge Beth Labson Freeman - Standing Orders,https://www.cand.uscourts.gov/judges/freeman-beth-l-blf/,CA,federal,all,Group: CA USDC - Northern District Judges
District Judge Eumi K. Lee - Standing Orders,https://www.cand.uscourts.gov/judges/lee-eumi-k-ekl/,CA,federal,all,Group: CA USDC - Northern District Judges
District Judge P. Casey Pitts - Standing Orders,https://www.cand.uscourts.gov/judges/pitts-p-casey-pcp/,CA,federal,all,Group: CA USDC - Northern District Judges
District Judge Noel Wise - Standing Orders,https://www.cand.uscourts.gov/judges/wise-noel-nw/,CA,federal,all,Group: CA USDC - Northern District Judges
District Judge Edward J. Davila - Standing Orders,https://www.cand.uscourts.gov/judges/davila-edward-j-ejd/,CA,federal,all,Group: CA USDC - Northern District Judges
District Judge Yvonne Gonzalez Rogers - Standing Orders,https://www.cand.uscourts.gov/judges/gonzalez-rogers-yvonne-ygr/,CA,federal,all,Group: CA USDC - Northern District Judges
District Judge Phyllis J. Hamilton - Standing Orders,https://www.cand.uscourts.gov/judges/hamilton-phyllis-j-pjh/,CA,federal,all,Group: CA USDC - Northern District Judges
District Judge Jon S. Tigar - Standing Orders,https://www.cand.uscourts.gov/judges/tigar-jon-s-jst/,CA,federal,all,Group: CA USDC - Northern District Judges
District Judge Jeffrey S. White - Standing Orders,https://www.cand.uscourts.gov/judges/jsw/,CA,federal,all,Group: CA USDC - Northern District Judges
District Judge Claudia Wilken - Standing Orders,https://www.cand.uscourts.gov/judges/wilken-claudia-cw/,CA,federal,all,Group: CA USDC - Northern District Judges
"District Judge James E. Simmons, Jr. - Civil Chambers Rules",https://www.casd.uscourts.gov/Judges/simmons/docs/Simmons%20Civil%20Chambers%20Rules.pdf,CA,federal,all,Group: CA USDC - Southern District Judges
District Judge Benjamin J. Cheeks - Civil Chambers Rules,https://www.casd.uscourts.gov/Judges/cheeks/docs/Judge%20Cheeks%20Civil%20Chambers%20Rules.pdf,CA,federal,all,Group: CA USDC - Southern District Judges
District Judge Jinsook Ohta - Civil Chambers Rules,https://www.casd.uscourts.gov/Judges/ohta/docs/Ohta%20Chambers%20Civil%20Rules.pdf,CA,federal,all,Group: CA USDC - Southern District Judges
District Judge Andrew G. Schopler - Civil Chambers Rules,https://www.casd.uscourts.gov/Judges/schopler/docs/Schopler%20CIVIL%20Chambers%20Rules.pdf,CA,federal,all,Group: CA USDC - Southern District Judges
Magistrate Judge Jill L. Burkhardt - Civil Chambers Rules,https://www.casd.uscourts.gov/Judges/burkhardt/docs/Burkhardt%20Civil%20Chambers%20Rules.pdf,CA,federal,all,Group: CA USDC - Southern District Judges
Magistrate Judge Daniel E. Butcher - Civil Chambers Rules,https://www.casd.uscourts.gov/Judges/butcher/docs/Civil%20Chambers%20Rules.pdf,CA,federal,all,Group: CA USDC - Southern District Judges
Magistrate Judge Steve B. Chu - Civil Chambers Rules,https://www.casd.uscourts.gov/Judges/chu/docs/Civil%20Chambers%20Rules.pdf,CA,federal,all,Group: CA USDC - Southern District Judges
Magistrate Judge Karen S. Crawford - Civil Chambers Rules,https://www.casd.uscourts.gov/Judges/crawford/docs/Civil%20Chambers%20Rules.pdf,CA,federal,all,Group: CA USDC - Southern District Judges
Magistrate Judge Allison H. Goddard - Civil Pretrial Procedures,https://www.casd.uscourts.gov/Judges/goddard/docs/Goddard%20Civil%20Pretrial%20Procedures.pdf,CA,federal,all,Group: CA USDC - Southern District Judges
Judges of the Southern District of California,https://www.casd.uscourts.gov/Judges.aspx,CA,federal,all,Group: CA USDC - Southern District Judges
Magistrate Judge Mitchell D. Dembin - Civil Chambers Rules,https://www.casd.uscourts.gov/Judges/dembin/docs/Dembin%20Civil%20Chambers%20Rules.pdf,CA,federal,all,Group: CA USDC - Southern District Judges
Magistrate Judge David D. Leshner - Civil Chambers Rules,https://www.casd.uscourts.gov/Judges/leshner/docs/Leshner%20Chambers%20Rules.pdf,CA,federal,all,Group: CA USDC - Southern District Judges
Magistrate Judge Barbara L. Major - Civil Chambers Rules,https://www.casd.uscourts.gov/Judges/major/docs/Chambers%20Rules%20Civil.pdf,CA,federal,all,Group: CA USDC - Southern District Judges
"Magistrate Judge Lupe Rodriguez, Jr. - Civil Chambers Rules",https://www.casd.uscourts.gov/Judges/rodriguez/docs/Civil%20Chambers%20Rules.pdf,CA,federal,all,Group: CA USDC - Southern District Judges
Magistrate Judge Valerie E. Torres - Civil Chambers Rules,https://www.casd.uscourts.gov/Judges/torres/docs/Civil%20Chambers%20Rules.pdf,CA,federal,all,Group: CA USDC - Southern District Judges
Magistrate Judge Michelle M. Pettit - Civil Chambers Rules,https://www.casd.uscourts.gov/Judges/pettit/docs/Pettit%20Civil%20Chambers%20Rules.pdf,CA,federal,all,Group: CA USDC - Southern District Judges
Magistrate Judge Allison H. Goddard - Case Management Statement Rules,https://www.casd.uscourts.gov/Judges/goddard/docs/Goddard%20Joint%20Case%20Management%20Statement%20Rules.pdf,CA,federal,all,Group: CA USDC - Southern District Judges
Magistrate Judge Allison H. Goddard - Mandatory Settlement Conference Rules,https://www.casd.uscourts.gov/Judges/goddard/docs/Goddard%20Mandatory%20Settlement%20Conference%20Rules.pdf,CA,federal,all,Group: CA USDC - Southern District Judges
Magistrate Judge David D. Leshner - Mandatory Settlement Conference Rules,https://www.casd.uscourts.gov/Judges/leshner/docs/Mandatory%20Settlement%20Conference%20Procedures.pdf,CA,federal,all,Group: CA USDC - Southern District Judges
Magistrate Judge Michelle M. Pettit - Model Protective Order,https://www.casd.uscourts.gov/Judges/pettit/docs/Pettit%20Model%20Protective%20Order.pdf,CA,federal,all,Group: CA USDC - Southern District Judges
Magistrate Judge David D. Leshner - Rule 26(f) Conference Checklist,https://www.casd.uscourts.gov/Judges/leshner/docs/Rule%2026(f)%20Conference%20Checklist.pdf,CA,federal,all,Group: CA USDC - Southern District Judges
Magistrate Judge Michael S. Berg - Civil Chambers Rules,https://www.casd.uscourts.gov/judges/chambers-rules.aspx,CA,federal,all,Group: CA USDC - Southern District Judges
District Judge Hernan D. Vera - Procedures,https://www.cacd.uscourts.gov/honorable-hern%C3%A1n-d-vera,CA,federal,all,Group: CA USDC - Central District Judges
District Judge Otis D. Wright II - Procedures,https://www.cacd.uscourts.gov/honorable-otis-d-wright-ii,CA,federal,all,Group: CA USDC - Central District Judges
Judges of the Central District of California,https://apps.cacd.uscourts.gov/Jps/,CA,federal,all,Group: CA USDC - Central District Judges
Holiday Schedule,https://www.courts.ca.gov/holidays.htm,CA,state,all,Group: CA State
California Rules of Court,https://www.courts.ca.gov/rules.htm,CA,state,all,Group: CA State
New and Amended Rules - CRC,https://www.courts.ca.gov/3025.htm,CA,state,all,Group: CA State
Judicial Council Forms - Amendments,https://www.courts.ca.gov/3020.htm,CA,state,all,Group: CA State
California Judicial Branch,https://www.courts.ca.gov/,CA,state,all,Group: CA State
Division of Human Rights - Legal Notices,https://dhr.ny.gov/legal-notices,NY,state,all,Group: NY State
Eastern District - Local Rules,https://www.caed.uscourts.gov/caednew/index.cfm/rules/local-rules/,CA,federal,all,Group: CA USDC
Eastern District - Holiday Schedule,https://www.caed.uscourts.gov/caednew/index.cfm/clerks-office/court-holidays/?keywords=holidays&tag=&searchSectionID=,CA,federal,all,Group: CA USDC
Eastern District - Home Page (News),https://www.caed.uscourts.gov/caednew/,CA,federal,all,Group: CA USDC
Southern District - Holiday Schedule,https://www.casd.uscourts.gov/clerksoffice/Court-Holiday-Schedule.aspx,CA,federal,all,Group: CA USDC
Southern District - Home Page (News),https://www.casd.uscourts.gov/,CA,federal,all,Group: CA USDC
Southern District - Local Rules,https://www.casd.uscourts.gov/rules/local-rules.aspx,CA,federal,all,Group: CA USDC
Southern District - General Orders,https://www.casd.uscourts.gov/rules/general-orders.aspx,CA,federal,all,Group: CA USDC
Central District - Home Page (News),https://www.cacd.uscourts.gov/,CA,federal,all,Group: CA USDC
Central District - Local Rules,https://www.cacd.uscourts.gov/court-procedures/local-rules,CA,federal,all,Group: CA USDC
Central District - Holiday Schedule,https://www.cacd.uscourts.gov/calendars/court-holidays,CA,federal,all,Group: CA USDC
Northern District - Home Page (News),https://cand.uscourts.gov/,CA,federal,all,Group: CA USDC
Northern District - Holiday Schedule,https://cand.uscourts.gov/about-court/locations-hours/court-holidays,CA,federal,all,Group: CA USDC
Northern District - Local Rules,https://cand.uscourts.gov/rules-forms-fees/local-rules,CA,federal,all,Group: CA USDC
Bankruptcy Central District - Home Page (News),https://www.cacb.uscourts.gov/,CA,bankruptcy,all,Group: CA USDC
Bankruptcy Central District - Local Rules,https://www.cacb.uscourts.gov/local-rules,CA,bankruptcy,all,Group: CA USDC
Bankruptcy Central District - General Orders,https://www.cacb.uscourts.gov/general-orders,CA,bankruptcy,all,Group: CA USDC
Bankruptcy Southern District - Home Page (News),https://www.casb.uscourts.gov/,CA,bankruptcy,all,Group: CA USDC
Bankruptcy Southern District - Local Rules,https://www.casb.uscourts.gov/rules_procedures,CA,bankruptcy,all,Group: CA USDC
Bankruptcy Southern District - General Orders,https://www.casb.uscourts.gov/general-orders,CA,bankruptcy,all,Group: CA USDC
Bankruptcy Northern District - Home Page (News),https://www.canb.uscourts.gov/,CA,bankruptcy,all,Group: CA USDC
Bankruptcy Northern District - Local Rules,https://www.canb.uscourts.gov/procedures/local-rules,CA,bankruptcy,all,Group: CA USDC
Bankruptcy Eastern District - Home Page (News),https://www.caeb.uscourts.gov/,CA,bankruptcy,all,Group: CA USDC
Bankruptcy Eastern District - Local Rules,https://www.caeb.uscourts.gov/LocalRulesAndGeneralOrders,CA,bankruptcy,all,Group: CA USDC
Cochise - Superior Court Local Rules,https://govt.westlaw.com/azrules/Browse/Home/Arizona/ArizonaCourtRules/ArizonaStatutesCourtRules?guid=N3BCB8250715611DAA16E8D4AC7636430&originationContext=documenttoc&transitionType=Default&contextData=(sc.Default),AZ,state,all,Group: AZ Westlaw
Coconino - Superior Court Local Rules,https://govt.westlaw.com/azrules/Browse/Home/Arizona/ArizonaCourtRules/ArizonaStatutesCourtRules?guid=N422AAC70715611DAA16E8D4AC7636430&originationContext=documenttoc&transitionType=Default&contextData=(sc.Default),AZ,state,all,Group: AZ Westlaw
Pima - Superior Court Local Rules,https://govt.westlaw.com/azrules/Browse/Home/Arizona/ArizonaCourtRules/ArizonaStatutesCourtRules?guid=N0E4EC4C096CF11E8A153B5BE86F2C508&originationContext=documenttoc&transitionType=Default&contextData=(sc.Default),AZ,state,all,Group: AZ Westlaw
Pinal - Superior Court Local Rules,https://govt.westlaw.com/azrules/Browse/Home/Arizona/ArizonaCourtRules/ArizonaStatutesCourtRules?guid=N85410D10715611DAA16E8D4AC7636430&originationContext=documenttoc&transitionType=Default&contextData=(sc.Default),AZ,state,all,Group: AZ Westlaw
Yavapai - Superior Court Local Rules,https://govt.westlaw.com/azrules/Browse/Home/Arizona/ArizonaCourtRules/ArizonaStatutesCourtRules?guid=NA0F778F0715611DAA16E8D4AC7636430&originationContext=documenttoc&transitionType=Default&contextData=(sc.Default),AZ,state,all,Group: AZ Westlaw
Gila - Superior Court Local Rules,https://govt.westlaw.com/azrules/Browse/Home/Arizona/ArizonaCourtRules/ArizonaStatutesCourtRules?guid=N45C622B0715611DAA16E8D4AC7636430&originationContext=documenttoc&transitionType=Default&contextData=(sc.Default),AZ,state,all,Group: AZ Westlaw
Rules of Civil Procedure,https://govt.westlaw.com/azrules/index?__lrTS=20260521221355168&transitionType=Default&contextData=(sc.Default),AZ,state,all,Group: AZ Westlaw
Rules of Family Law Procedure,https://govt.westlaw.com/azrules/Browse/Home/Arizona/ArizonaCourtRules/ArizonaStatutesCourtRules?guid=N1A651810715611DAA16E8D4AC7636430&transitionType=CategoryPageItem&contextData=(sc.Default),AZ,state,all,Group: AZ Westlaw
Rules of Procedure for Judicial Review of Administrative Decisions,https://govt.westlaw.com/azrules/Browse/Home/Arizona/ArizonaCourtRules/ArizonaStatutesCourtRules?guid=NB746AF40715611DAA16E8D4AC7636430&transitionType=Default&contextData=(sc.Default),AZ,state,all,Group: AZ Westlaw
Local Rules,https://www.scd.uscourts.gov/navtop/rules.asp,SC,federal,all,Group: SC USDC
News,https://www.scd.uscourts.gov/navtop/whatsnew.asp,SC,federal,all,Group: SC USDC
Home Page,https://www.scd.uscourts.gov/,SC,federal,all,Group: SC USDC
Local Rules,https://www.ded.uscourts.gov/local-rules,DE,federal,all,Group: DE USDC
Holiday Schedule,https://www.ded.uscourts.gov/court-holidays,DE,federal,all,Group: DE USDC
Home Page (News),https://www.ded.uscourts.gov/,DE,federal,all,Group: DE USDC
Rules of Court,https://courts.delaware.gov/rules/index.aspx/,DE,state,all,Group: DE State
Holiday Schedule,https://courts.delaware.gov/locations/holidays.aspx,DE,state,all,Group: DE State
Delaware Judicial Branch,https://courts.delaware.gov/,DE,state,all,Group: DE State
Middle District - Local Rules,https://www.ncmd.uscourts.gov/local-rules-and-orders,NC,federal,all,Group: NC USDC
Middle District - Holiday Schedule,https://www.ncmd.uscourts.gov/court-info/court-holidays,NC,federal,all,Group: NC USDC
Western District - Home Page (News),https://www.ncwd.uscourts.gov/,NC,federal,all,Group: NC USDC
Middle District - Home Page (News),https://www.ncmd.uscourts.gov/,NC,federal,all,Group: NC USDC
Western District - Local Rules,https://www.ncwd.uscourts.gov/court-info/local-rules-and-orders/local-rules,NC,federal,all,Group: NC USDC
Western District - Holiday Schedule,https://www.ncwd.uscourts.gov/court-info/court-holidays,NC,federal,all,Group: NC USDC
Eastern District - Home Page (News),https://www.nced.uscourts.gov/,NC,federal,all,Group: NC USDC
Eastern District - Local Rules,https://www.nced.uscourts.gov/rules/Default.aspx,NC,federal,all,Group: NC USDC
Eastern District - Holiday Schedule,https://www.nced.uscourts.gov/public1/holidays.aspx,NC,federal,all,Group: NC USDC
Western District - Home Page (News),https://www.txwd.uscourts.gov/,TX,federal,all,Group: TX USDC
Western District - Standing Orders,https://www.txwd.uscourts.gov/judges-information/standing-orders/,TX,federal,all,Group: TX USDC
Western District - Holiday Schedule,https://www.txwd.uscourts.gov/court-information/court-holidays/,TX,federal,all,Group: TX USDC
Western District - Local Rules,https://www.txwd.uscourts.gov/court-information/lcr-introduction/,TX,federal,all,Group: TX USDC
Eastern District - Home Page (News),https://www.txed.uscourts.gov/,TX,federal,all,Group: TX USDC
Eastern District - Local Rules,https://www.txed.uscourts.gov/?q=rules-and-orders,TX,federal,all,Group: TX USDC
Eastern District - Holiday Schedule,https://www.txed.uscourts.gov/court-holidays,TX,federal,all,Group: TX USDC
Eastern District - General Orders,https://www.txed.uscourts.gov/?q=general-orders,TX,federal,all,Group: TX USDC
Southern District - Home Page (News),https://www.txs.uscourts.gov/,TX,federal,all,Group: TX USDC
Southern District - Local Rules,https://www.txs.uscourts.gov/page/local-federal-rules,TX,federal,all,Group: TX USDC
Southern District - General Orders,https://www.txs.uscourts.gov/district/genord/,TX,federal,all,Group: TX USDC
Southern District - Holiday Schedule,https://www.txs.uscourts.gov/office-holidays,TX,federal,all,Group: TX USDC
Northern District - Home Page (News),https://www.txnd.uscourts.gov/,TX,federal,all,Group: TX USDC
Northern District - Holiday Schedule,https://www.txnd.uscourts.gov/court-holidays,TX,federal,all,Group: TX USDC
Northern District - Local Rules,https://www.txnd.uscourts.gov/rules-and-orders,TX,federal,all,Group: TX USDC
Local Rules,https://www.wyd.uscourts.gov/court-info/local-rules-and-orders/local-rules,WY,federal,all,Group: WY USDC
Holiday Schedule,https://www.wyd.uscourts.gov/court-info/court-holidays,WY,federal,all,Group: WY USDC
Home Page (News),https://www.wyd.uscourts.gov/,WY,federal,all,Group: WY USDC
Eastern District - Local Rules,https://www.wied.uscourts.gov/local-rules-and-guidance,WI,federal,all,Group: WI USDC
Eastern District - Home Page (News),https://www.wied.uscourts.gov/,WI,federal,all,Group: WI USDC
Western District - Home Page (News),https://www.wiwd.uscourts.gov/,WI,federal,all,Group: WI USDC
Western District - Local Rules,https://www.wiwd.uscourts.gov/local-rules,WI,federal,all,Group: WI USDC
Southern District - Local Rules,https://www.wvsd.uscourts.gov/court-info/local-rules-and-orders/local-rules,WV,federal,all,Group: WV USDC
Southern District - Holiday Schedule,https://www.wvsd.uscourts.gov/court-info/court-holidays,WV,federal,all,Group: WV USDC
Southern District - Home Page (News),https://www.wvsd.uscourts.gov/,WV,federal,all,Group: WV USDC
Northern District - Home Page (News),https://www.wvnd.uscourts.gov/,WV,federal,all,Group: WV USDC
Northern District - Holiday Schedule,https://www.wvnd.uscourts.gov/court-hours-operation-and-holidays,WV,federal,all,Group: WV USDC
Western District - Local Rules,https://www.wawd.uscourts.gov/local-rules-and-orders,WA,federal,all,Group: WA USDC
Western District - Holiday Schedule,https://www.wawd.uscourts.gov/holidays,WA,federal,all,Group: WA USDC
Western District - Home Page (News),https://www.wawd.uscourts.gov/,WA,federal,all,Group: WA USDC
Eastern District - Home Page (News),https://www.waed.uscourts.gov/,WA,federal,all,Group: WA USDC
Eastern District - Local Rules,https://www.waed.uscourts.gov/court-info/local-rules-and-orders/general-orders,WA,federal,all,Group: WA USDC
Eastern District - Local Rules,https://www.vaed.uscourts.gov/court-info/local-rules-and-orders,VA,federal,all,Group: VA USDC
Eastern District - Holiday Schedule,https://www.vaed.uscourts.gov/government-holidays,VA,federal,all,Group: VA USDC
Eastern District - Home Page (News),https://www.vaed.uscourts.gov/,VA,federal,all,Group: VA USDC
Western District - Home Page (News),https://www.vawd.uscourts.gov/,VA,federal,all,Group: VA USDC
Western District - Local Rules,https://www.vawd.uscourts.gov/court-information/local-rules-and-standing-orders/,VA,federal,all,Group: VA USDC
Western District - Holiday Schedule,https://www.vawd.uscourts.gov/court-information/court-hours-and-holidays/,VA,federal,all,Group: VA USDC
Local Rules,https://www.utd.uscourts.gov/rules-practice,UT,federal,all,Group: UT USDC
Holiday Schedule,https://www.utd.uscourts.gov/general-information,UT,federal,all,Group: UT USDC
Home Page (News),https://www.utd.uscourts.gov/,UT,federal,all,Group: UT USDC
Eastern District - Holiday Schedule,https://www.paed.uscourts.gov/court-holidays,PA,federal,all,Group: PA USDC
Eastern District - Local Rules and Orders,https://www.paed.uscourts.gov/local-rules,PA,federal,all,Group: PA USDC
Eastern District - Home Page (News),https://www.paed.uscourts.gov/,PA,federal,all,Group: PA USDC
Western District - Home Page (News),https://www.pawd.uscourts.gov/,PA,federal,all,Group: PA USDC
Western District - Local Rules and Orders,https://www.pawd.uscourts.gov/local-rules-and-orders,PA,federal,all,Group: PA USDC
Western District - Holiday Schedule,https://www.pawd.uscourts.gov/court-info/court-holidays,PA,federal,all,Group: PA USDC
Middle District - Home Page (News),https://www.pamd.uscourts.gov/,PA,federal,all,Group: PA USDC
Middle District - Local Rules and Orders,https://www.pamd.uscourts.gov/court-info/local-rules-and-orders,PA,federal,all,Group: PA USDC
Middle District - Holiday Schedule,https://www.pamd.uscourts.gov/court-info/court-holidays,PA,federal,all,Group: PA USDC
Local Rules,https://www.ord.uscourts.gov/index.php/rules-orders-and-notices/local-rules,OR,federal,all,Group: OR USDC
Holiday Schedule,https://www.ord.uscourts.gov/index.php/ct-calendar/holiday-closures,OR,federal,all,Group: OR USDC
Proposed Local Rule Amendments,https://www.ord.uscourts.gov/index.php/rules-orders-and-notices/local-rules/proposed-local-rules,OR,federal,all,Group: OR USDC
Home Page (News),https://www.ord.uscourts.gov/,OR,federal,all,Group: OR USDC
Eastern District - Local Rules,https://www.oked.uscourts.gov/court-info/local-rules-and-orders,OK,federal,all,Group: OK USDC
Eastern District - Holiday Schedule,https://www.oked.uscourts.gov/court-info/court-holidays,OK,federal,all,Group: OK USDC
Eastern District - Home Page (News),https://www.oked.uscourts.gov/,OK,federal,all,Group: OK USDC
Western District - Home Page (News),https://www.okwd.uscourts.gov/,OK,federal,all,Group: OK USDC
Western District - Local Rules,https://www.okwd.uscourts.gov/local-rules,OK,federal,all,Group: OK USDC
Western District - General Orders,https://www.okwd.uscourts.gov/general-orders,OK,federal,all,Group: OK USDC
Northern District - Home Page (News),https://www.oknd.uscourts.gov/,OK,federal,all,Group: OK USDC
Northern District - Local Rules,https://www.oknd.uscourts.gov/local-rules,OK,federal,all,Group: OK USDC
Northern District - General Orders,https://www.oknd.uscourts.gov/court-info/local-rules-and-orders/oknd-general-orders,OK,federal,all,Group: OK USDC
Northern District - Local Rules,https://www.ohnd.uscourts.gov/court-info/local-rules-and-orders,OH,federal,all,Group: OH USDC
Northern District - Home Page (News),https://www.ohnd.uscourts.gov/,OH,federal,all,Group: OH USDC
Southern District - Home Page (News),https://www.ohsd.uscourts.gov/,OH,federal,all,Group: OH USDC
Southern District - Local Rules,https://www.ohsd.uscourts.gov/local-rules,OH,federal,all,Group: OH USDC
"Judge John L. Sinatra, Jr.",https://www.nywd.uscourts.gov/content/hon-john-l-sinatra-jr,NY,federal,all,Group: NY USDC - Western District Judges
Chief Judge Elizabeth A. Wolford,https://www.nywd.uscourts.gov/content/hon-elizabeth-wolford-chief-united-states-district-judge,NY,federal,all,Group: NY USDC - Western District Judges
Judge Lawrence J. Vilardo,https://www.nywd.uscourts.gov/content/hon-lawrence-j-vilardo,NY,federal,all,Group: NY USDC - Western District Judges
Judge Mae A. D'Agostino,https://www.nynd.uscourts.gov/standing-ordersrules-practice,NY,federal,all,Group: NY USDC - Northern District Judges
Judge Vincent L. Briccetti,https://www.nysd.uscourts.gov/sites/default/files/practice_documents/VB%20Individual%20Practices.REVISED%202.3.2020_0.pdf,NY,federal,all,Group: NY USDC - Southern District Judges
Judge Charles S. Haight,https://www.nysd.uscourts.gov/sites/default/files/practice_documents/PMH%20Halpern%20Rules%20Rev%2005.02.2022%20.pdf,NY,federal,all,Group: NY USDC - Southern District Judges
Judge Lewis J. Liman,https://www.nysd.uscourts.gov/sites/default/files/practice_documents/LJL%20Individual%20Practices%20in%20Civil%20Cases_updated%206.17.22.pdf,NY,federal,all,Group: NY USDC - Southern District Judges
Judge Alison J. Nathan,https://www.nysd.uscourts.gov/sites/default/files/practice_documents/AJN%20Nathan%20Individual%20Rules%20of%20Practice%20in%20Civil%20Cases%207.7.22.pdf,NY,federal,all,Group: NY USDC - Southern District Judges
Judge Nelson S. Roman,https://www.nysd.uscourts.gov/sites/default/files/practice_documents/nsrIndividualRulesOfPracticeInCivilCases.pdf,NY,federal,all,Group: NY USDC - Southern District Judges
Judge Sidney H. Stein,https://www.nysd.uscourts.gov/sites/default/files/practice_documents/SHS%20Rules%20(Eff.%20Feb.%202020)_0.pdf,NY,federal,all,Group: NY USDC - Southern District Judges
Judge Joan M. Azrack,https://www.nyed.uscourts.gov/pub/rules/JMA-MLR.pdf,NY,federal,all,Group: NY USDC - Southern District Judges
Chief Judge Margo K. Brodie,https://www.nyed.uscourts.gov/pub/rules/MKB-MLR.pdf,NY,federal,all,Group: NY USDC - Southern District Judges
Judge Carol Bagley Amon,https://www.nyed.uscourts.gov/pub/rules/CBA-MLR.pdf,NY,federal,all,Group: NY USDC - Southern District Judges
Judge Frederic Block,https://www.nyed.uscourts.gov/pub/rules/FB-MLR.pdf,NY,federal,all,Group: NY USDC - Southern District Judges
Judge Analisa Torres,https://www.nysd.uscourts.gov/hon-analisa-torres,NY,federal,all,Group: NY USDC - Southern District Judges
Judge Alvin K. Hellerstein,https://www.nysd.uscourts.gov/hon-alvin-k-hellerstein,NY,federal,all,Group: NY USDC - Southern District Judges
Judge Andrew L. Carter Jr.,https://www.nysd.uscourts.gov/hon-andrew-l-carter-jr,NY,federal,all,Group: NY USDC - Southern District Judges
Judge Cathy Seibel,https://www.nysd.uscourts.gov/hon-cathy-seibel,NY,federal,all,Group: NY USDC - Southern District Judges
Judge Collen McMahon,https://www.nysd.uscourts.gov/hon-colleen-mcmahon,NY,federal,all,Group: NY USDC - Southern District Judges
Judge Denise L. Cote,https://www.nysd.uscourts.gov/hon-denise-l-cote,NY,federal,all,Group: NY USDC - Southern District Judges
Judge Edgardo Ramos,https://www.nysd.uscourts.gov/hon-edgardo-ramos,NY,federal,all,Group: NY USDC - Southern District Judges
Judge George B. Daniels,https://www.nysd.uscourts.gov/hon-george-b-daniels,NY,federal,all,Group: NY USDC - Southern District Judges
Judge Gregory H. Woods,https://www.nysd.uscourts.gov/hon-gregory-h-woods,NY,federal,all,Group: NY USDC - Southern District Judges
Judge J. Paul Oetken,https://www.nysd.uscourts.gov/hon-j-paul-oetken,NY,federal,all,Group: NY USDC - Southern District Judges
Judge Jed S. Rakoff,https://www.nysd.uscourts.gov/hon-jed-s-rakoff,NY,federal,all,Group: NY USDC - Southern District Judges
Judge Jennifer H. Rearden,https://www.nysd.uscourts.gov/hon-jennifer-h-rearden,NY,federal,all,Group: NY USDC - Southern District Judges
Judge Jennifer L. Rochon,https://www.nysd.uscourts.gov/hon-jennifer-l-rochon,NY,federal,all,Group: NY USDC - Southern District Judges
Judge Jesse M. Furman,https://www.nysd.uscourts.gov/hon-jesse-m-furman,NY,federal,all,Group: NY USDC - Southern District Judges
Judge John G. Koeltl,https://www.nysd.uscourts.gov/hon-john-g-koeltl,NY,federal,all,Group: NY USDC - Southern District Judges
Judge John P. Cronan,https://www.nysd.uscourts.gov/hon-john-p-cronan,NY,federal,all,Group: NY USDC - Southern District Judges
Judge Katherine Polk Failla,https://www.nysd.uscourts.gov/hon-katherine-polk-failla,NY,federal,all,Group: NY USDC - Southern District Judges
Judge Kenneth M. Karas,https://www.nysd.uscourts.gov/hon-kenneth-m-karas,NY,federal,all,Group: NY USDC - Southern District Judges
Judge Kimba M. Wood,https://www.nysd.uscourts.gov/hon-kimba-m-wood,NY,federal,all,Group: NY USDC - Southern District Judges
Judge Laura Taylor Swain,https://www.nysd.uscourts.gov/hon-laura-taylor-swain,NY,federal,all,Group: NY USDC - Southern District Judges
Judge Lewis A. Kaplan,https://www.nysd.uscourts.gov/hon-lewis-kaplan,NY,federal,all,Group: NY USDC - Southern District Judges
Judge Lewis J. Liman,https://www.nysd.uscourts.gov/hon-lewis-j-liman,NY,federal,all,Group: NY USDC - Southern District Judges
Judge Loretta A. Preska,https://www.nysd.uscourts.gov/hon-loretta-preska,NY,federal,all,Group: NY USDC - Southern District Judges
Judge Lorna G. Schofield,https://www.nysd.uscourts.gov/hon-lorna-g-schofield,NY,federal,all,Group: NY USDC - Southern District Judges
Judge Mary Kay Vyskocil,https://www.nysd.uscourts.gov/hon-mary-kay-vyskocil,NY,federal,all,Group: NY USDC - Southern District Judges
Judge Naomi Reice Buchwald,https://www.nysd.uscourts.gov/hon-naomi-reice-buchwald,NY,federal,all,Group: NY USDC - Southern District Judges
Judge Nelson S. Roman,https://www.nysd.uscourts.gov/hon-nelson-s-roman,NY,federal,all,Group: NY USDC - Southern District Judges
Judge P. Kevin Castel,https://www.nysd.uscourts.gov/hon-p-kevin-castel,NY,federal,all,Group: NY USDC - Southern District Judges
Judge Paul A. Crotty,https://www.nysd.uscourts.gov/hon-paul-crotty,NY,federal,all,Group: NY USDC - Southern District Judges
Judge Paul A. Engelmayer,https://www.nysd.uscourts.gov/hon-paul-engelmayer,NY,federal,all,Group: NY USDC - Southern District Judges
Judge Paul G. Gardephe,https://www.nysd.uscourts.gov/hon-paul-g-gardephe,NY,federal,all,Group: NY USDC - Southern District Judges
Judge Philip M. Halpern,https://www.nysd.uscourts.gov/hon-philip-m-halpern,NY,federal,all,Group: NY USDC - Southern District Judges
Judge Richard J. Sullivan,https://www.nysd.uscourts.gov/hon-richard-j-sullivan-circuit-judge-sitting-designation,NY,appellate,all,Group: NY USDC - Southern District Judges
Judge Richard M. Berman,https://www.nysd.uscourts.gov/hon-richard-m-berman,NY,federal,all,Group: NY USDC - Southern District Judges
Judge Ronnie Abrams,https://www.nysd.uscourts.gov/hon-ronnie-abrams,NY,federal,all,Group: NY USDC - Southern District Judges
Judge Sidney H. Stein,https://www.nysd.uscourts.gov/hon-sidney-h-stein,NY,federal,all,Group: NY USDC - Southern District Judges
Judge Valerie E. Caproni,https://www.nysd.uscourts.gov/hon-valerie-e-caproni,NY,federal,all,Group: NY USDC - Southern District Judges
Judge Vernon S. Broderick,https://www.nysd.uscourts.gov/hon-vernon-s-broderick,NY,federal,all,Group: NY USDC - Southern District Judges
Judge Victor Marrero,https://www.nysd.uscourts.gov/hon-victor-marrero,NY,federal,all,Group: NY USDC - Southern District Judges
Judge Vincent L. Briccetti,https://www.nysd.uscourts.gov/hon-vincent-l-briccetti,NY,federal,all,Group: NY USDC - Southern District Judges
Judge Margaret M. Garnett,https://www.nysd.uscourts.gov/hon-margaret-m-garnett,NY,federal,all,Group: NY USDC - Southern District Judges
Judge Jessica G. L. Clarke,https://www.nysd.uscourts.gov/hon-jessica-g-l-clarke,NY,federal,all,Group: NY USDC - Southern District Judges
Judge Dale E. Ho,https://www.nysd.uscourts.gov/hon-dale-e-ho,NY,federal,all,Group: NY USDC - Southern District Judges
Judge Arun Subramanian,https://www.nysd.uscourts.gov/hon-arun-subramanian,NY,federal,all,Group: NY USDC - Southern District Judges
Judge Jeannette A. Vargas,https://www.nysd.uscourts.gov/hon-jeannette-vargas,NY,federal,all,Group: NY USDC - Southern District Judges
Local Rules,https://www.nmd.uscourts.gov/court-info/local-rules-and-orders/local-rules,NM,federal,all,Group: NM USDC
Holiday Schedule,https://www.nmd.uscourts.gov/court-info/court-holidays,NM,federal,all,Group: NM USDC
Home Page (News),https://www.nmd.uscourts.gov/,NM,federal,all,Group: NM USDC
Local Rules,https://www.njd.uscourts.gov/local-rules-and-appendices,NJ,federal,all,Group: NJ USDC
Holiday Schedule,https://www.njd.uscourts.gov/court-info/court-holidays,NJ,federal,all,Group: NJ USDC
Home Page (News),https://www.njd.uscourts.gov/,NJ,federal,all,Group: NJ USDC
Local Rules (PDF),https://www.nvd.uscourts.gov/wp-content/uploads/2020/04/Local-Rules-of-Practice-Amended-2020.pdf,NV,federal,all,Group: NV USDC
Home Page (News),https://www.nvd.uscourts.gov/,NV,federal,all,Group: NV USDC
Local Rules,https://www.ned.uscourts.gov/attorney/local-rules,NE,federal,all,Group: NE USDC
Home Page (News),https://www.ned.uscourts.gov/,NE,federal,all,Group: NE USDC
Local Rules,https://www.mtd.uscourts.gov/court-info/local-rules-and-orders,MT,federal,all,Group: MT USDC
Holiday Schedule,https://www.mtd.uscourts.gov/court-info/court-holidays,MT,federal,all,Group: MT USDC
Home Page (News),https://www.mtd.uscourts.gov/,MT,federal,all,Group: MT USDC
Western District - General Orders,https://www.mow.uscourts.gov/district/rules,MO,federal,all,Group: MO USDC
Western District - Holiday Schedule,https://www.mow.uscourts.gov/hours-and-closures,MO,federal,all,Group: MO USDC
Western District - Home Page (News),https://www.mow.uscourts.gov/,MO,federal,all,Group: MO USDC
Western District - Local Rules (PDF),https://www.mow.uscourts.gov/sites/mow/files/DC-Local_Rules.pdf,MO,federal,all,Group: MO USDC
Eastern District - Home Page (News),https://www.moed.uscourts.gov/,MO,federal,all,Group: MO USDC
Eastern District - Local Rules,https://www.moed.uscourts.gov/local-rules,MO,federal,all,Group: MO USDC
Eastern District - Holiday Schedule,https://www.moed.uscourts.gov/federal-holidays,MO,federal,all,Group: MO USDC
Western District - Local Rules,https://www.miwd.uscourts.gov/local-rules-practice-and-procedure,MI,federal,all,Group: MI USDC
Western District - Holiday Schedule,https://www.miwd.uscourts.gov/court-info/court-holidays,MI,federal,all,Group: MI USDC
Western District - Home Page (News),https://www.miwd.uscourts.gov/,MI,federal,all,Group: MI USDC
Eastern District - Home Page (News),https://www.mied.uscourts.gov/,MI,federal,all,Group: MI USDC
Eastern District - Local Rules,https://www.mied.uscourts.gov/index.cfm?pagefunction=rulesPlansOrders,MI,federal,all,Group: MI USDC
Eastern District - Holiday Schedule,https://www.mied.uscourts.gov/index.cfm?pagefunction=courtLocations&locationID=3,MI,federal,all,Group: MI USDC
Holiday Schedule,https://www.mnd.uscourts.gov/court-info/court-holidays,MN,federal,all,Group: MN USDC
Proposed Local Rule Amendments,https://www.mnd.uscourts.gov/proposed-local-rule-amendments-public-comments,MN,federal,all,Group: MN USDC
Home Page (News),https://www.mnd.uscourts.gov/,MN,federal,all,Group: MN USDC
Local Rules,https://www.mnd.uscourts.gov/court-info/local-rules-and-orders,MN,federal,all,Group: MN USDC
Local Rules,https://www.mad.uscourts.gov/general/rules-home.htm,MA,federal,all,Group: MA USDC
Home Page (News),https://www.mad.uscourts.gov/,MA,federal,all,Group: MA USDC
Southern District - Local Rules,https://www.insd.uscourts.gov/court-info/local-rules-and-orders,IN,federal,all,Group: IN USDC
Southern District - Holiday Schedule,https://www.insd.uscourts.gov/court-hoursholidays,IN,federal,all,Group: IN USDC
Southern District - Home Page (News),https://www.insd.uscourts.gov/,IN,federal,all,Group: IN USDC
Northern District - Home Page (News),https://www.innd.uscourts.gov/,IN,federal,all,Group: IN USDC
Northern District - Local Rules,https://www.innd.uscourts.gov/court-info/local-rules-and-orders,IN,federal,all,Group: IN USDC
Northern District - Holiday Schedule,https://www.innd.uscourts.gov/court-info/court-holidays,IN,federal,all,Group: IN USDC
Local Rules,https://www.id.uscourts.gov/district/forms_fees_rules/Civil_Rules.cfm,ID,federal,all,Group: ID USDC
Holiday Schedule,https://www.id.uscourts.gov/clerks/Federal_Holidays.cfm,ID,federal,all,Group: ID USDC
General Orders,https://www.id.uscourts.gov/clerks/rules_orders/General_Orders.cfm,ID,federal,all,Group: ID USDC
Home Page (News),https://www.id.uscourts.gov/clerks/Welcome.cfm?,ID,federal,all,Group: ID USDC
Local Rules,https://www.hid.uscourts.gov/rules/local-rules,HI,federal,all,Group: HI USDC
Holiday Schedule,https://www.hid.uscourts.gov/home/court-hours-and-holidays,HI,federal,all,Group: HI USDC
Home Page (News),https://www.hid.uscourts.gov/home,HI,federal,all,Group: HI USDC
Local Rules,https://www.ctd.uscourts.gov/court-info/local-rules-and-orders/,CT,federal,all,Group: CT USDC
Holiday Schedule,https://www.ctd.uscourts.gov/court-info/court-holidays,CT,federal,all,Group: CT USDC
Local Rules,https://www.azd.uscourts.gov/local-rules,AZ,federal,all,Group: AZ USDC
Holiday Schedule,https://www.azd.uscourts.gov/court-holidays,AZ,federal,all,Group: AZ USDC
Home Page (News),https://www.azd.uscourts.gov/,AZ,federal,all,Group: AZ USDC
General Orders,https://www.azd.uscourts.gov/general_orders,AZ,federal,all,Group: AZ USDC
Holiday Schedule,https://www.coloradojudicial.gov/holidays,CO,state,all,Group: CO State
Colorado Judicial Branch,https://www.coloradojudicial.gov/,CO,state,all,Group: CO State
Colorado Revised Statutes,https://content.leg.colorado.gov/agencies/office-legislative-legal-services/red-book-2024,CO,state,all,Group: CO State
Colorado General Assembly,https://leg.colorado.gov/,CO,state,all,Group: CO State
Multnomah - 4th Circuit Local Rules,https://www.courts.oregon.gov/courts/multnomah/go/Pages/rules.aspx,OR,state,all,Group: OR Circuit Courts
Clackamas - 5th Circuit Local Rules,https://www.courts.oregon.gov/courts/clackamas/go/Pages/rules.aspx,OR,state,all,Group: OR Circuit Courts
Lane - 2nd Circuit Local Rules,https://www.courts.oregon.gov/courts/lane/go/Pages/rules.aspx,OR,state,all,Group: OR Circuit Courts
Deschutes - 11th Circuit Local Rules,https://www.courts.oregon.gov/courts/deschutes/go/Pages/rules.aspx,OR,state,all,Group: OR Circuit Courts
Washington - 20th Circuit Local Rules,https://www.courts.oregon.gov/courts/washington/go/Pages/Rules.aspx,OR,state,all,Group: OR Circuit Courts
Jackson - 1st Circuit Local Rules,https://www.courts.oregon.gov/courts/jackson/go/Pages/rules.aspx,OR,state,all,Group: OR Circuit Courts
Umatilla/Morrow - 6th Circuit Local Rules,https://www.courts.oregon.gov/courts/umatilla/go/Pages/Rules.aspx,OR,state,all,Group: OR Circuit Courts
Hood River/Wasco/Sherman/ Gilliam/Wheeler - 7th Circuit Local Rules,https://www.courts.oregon.gov/courts/wasco/go/Pages/Rules.aspx,OR,state,all,Group: OR Circuit Courts
Baker - 8th Circuit Local Rules,https://www.courts.oregon.gov/courts/baker/go/Pages/rules.aspx,OR,state,all,Group: OR Circuit Courts
Malheur - 9th Circuit Local Rules,https://www.courts.oregon.gov/courts/malheur/go/Pages/rules.aspx,OR,state,all,Group: OR Circuit Courts
Union/Wallowa - 10th Circuit Local Rules,https://www.courts.oregon.gov/courts/wallowa/go/Pages/Rules.aspx,OR,state,all,Group: OR Circuit Courts
Polk - 12th Circuit Local Rules,https://www.courts.oregon.gov/courts/polk/go/Pages/Rules.aspx,OR,state,all,Group: OR Circuit Courts
Josephine - 14th Circuit Local Rules,https://www.courts.oregon.gov/courts/josephine/go/Pages/rules.aspx,OR,state,all,Group: OR Circuit Courts
Coos/Curry - 15th Circuit Local Rules,https://www.courts.oregon.gov/courts/coos/go/Pages/rules.aspx,OR,state,all,Group: OR Circuit Courts
Douglas - 16th Circuit Local Rules,https://www.courts.oregon.gov/courts/douglas/go/Pages/rules.aspx,OR,state,all,Group: OR Circuit Courts
Lincoln - 17th Circuit Local Rules,https://www.courts.oregon.gov/courts/lincoln/go/Pages/rules.aspx,OR,state,all,Group: OR Circuit Courts
Clatsop - 18th Circuit Local Rules,https://www.courts.oregon.gov/courts/clatsop/go/Pages/rules.aspx,OR,state,all,Group: OR Circuit Courts
Columbia - 19th Circuit Local Rules,https://www.courts.oregon.gov/courts/columbia/go/Pages/rules.aspx,OR,state,all,Group: OR Circuit Courts
Crook/Jefferson - 22nd Circuit Local Rules,https://www.courts.oregon.gov/courts/crook/go/Pages/rules.aspx,OR,state,all,Group: OR Circuit Courts
Linn - 23rd Circuit Local Rules,https://www.courts.oregon.gov/courts/linn/go/Pages/Rules.aspx,OR,state,all,Group: OR Circuit Courts
Grant/Harney - 24th Circuit Local Rules,https://www.courts.oregon.gov/courts/grant/go/Pages/rules.aspx,OR,state,all,Group: OR Circuit Courts
Yamhill - 25th Circuit Local Rules,https://www.courts.oregon.gov/courts/yamhill/go/Pages/rules.aspx,OR,state,all,Group: OR Circuit Courts
Lake - 26th Circuit Local Rules,https://www.courts.oregon.gov/courts/lake/go/Pages/CourtRules.aspx,OR,state,all,Group: OR Circuit Courts
Klamath - 13th Circuit Local Rules,https://www.courts.oregon.gov/courts/klamath/go/Pages/CourtRules.aspx,OR,state,all,Group: OR Circuit Courts
Marion - 3rd Circuit Local Rules,https://www.courts.oregon.gov/courts/marion/resources/Pages/rules.aspx,OR,state,all,Group: OR Circuit Courts
Benton - 21st Circuit Local Rules,https://www.courts.oregon.gov/courts/benton/go/Pages/rules.aspx,OR,state,all,Group: OR Circuit Courts
Tillamook - 27th Circuit Local Rules,https://www.courts.oregon.gov/courts/tillamook/go/Pages/Rules.aspx,OR,state,all,Group: OR Circuit Courts
Federal Circuit - Rules of Practice,https://www.cafc.uscourts.gov/home/rules-procedures-forms/rules-of-practice-archives/,,appellate,all,Group: U.S. Court of Appeals
Federal Circuit - Notices,https://www.cafc.uscourts.gov/home/the-court/notices-announcements/,,appellate,all,Group: U.S. Court of Appeals
Federal Circuit - Home Page (News),https://www.cafc.uscourts.gov/,,appellate,all,Group: U.S. Court of Appeals
1st Circuit - Home Page (News),https://www.ca1.uscourts.gov/,,appellate,all,Group: U.S. Court of Appeals
1st Circuit - Rule Amendments,https://www.ca1.uscourts.gov/notice-rule-amendments,,appellate,all,Group: U.S. Court of Appeals
1st Circuit - Local Rules (PDF),https://www.ca1.uscourts.gov/sites/ca1/files/rulebook.pdf,,appellate,all,Group: U.S. Court of Appeals
2nd Circuit - Home Page (News),https://www.ca2.uscourts.gov/,,appellate,all,Group: U.S. Court of Appeals
2nd Circuit - Local Rules,https://www.ca2.uscourts.gov/clerk/case_filing/rules/rules_home.html,,appellate,all,Group: U.S. Court of Appeals
2nd Circuit - Holiday Schedule,https://www.ca2.uscourts.gov/clerk/calendars/federal_holidays.html,,appellate,all,Group: U.S. Court of Appeals
3rd Circuit - Home Page (News),https://www.ca3.uscourts.gov/,,appellate,all,Group: U.S. Court of Appeals
3rd Circuit - Local Rules (PDF),https://www.ca3.uscourts.gov/sites/ca3/files/2011_LAR_Final.pdf,,appellate,all,Group: U.S. Court of Appeals
4th Circuit - Home Page (News),https://www.ca4.uscourts.gov/,,appellate,all,Group: U.S. Court of Appeals
5th Circuit - Home Page (News),https://www.ca5.uscourts.gov/,,appellate,all,Group: U.S. Court of Appeals
6th Circuit - Home Page (News),https://www.ca6.uscourts.gov/,,appellate,all,Group: U.S. Court of Appeals
7th Circuit - Home Page (News),https://www.ca7.uscourts.gov/,,appellate,all,Group: U.S. Court of Appeals
8th Circuit - Home Page (News),https://www.ca8.uscourts.gov/,,appellate,all,Group: U.S. Court of Appeals
9th Circuit - Home Page (News),https://www.ca9.uscourts.gov/,,appellate,all,Group: U.S. Court of Appeals
10th Circuit - Home Page (News),https://www.ca10.uscourts.gov/,,appellate,all,Group: U.S. Court of Appeals
11th Circuit - Home Page (News),https://www.ca11.uscourts.gov/,,appellate,all,Group: U.S. Court of Appeals
DC Circuit - Home Page (News),https://www.cadc.uscourts.gov/,,appellate,all,Group: U.S. Court of Appeals
Western District - Holiday Schedule,https://www.kywd.uscourts.gov/court-info/court-calendar,KY,federal,all,Group: KY USDC
Western District - Local Rules,https://www.kywd.uscourts.gov/court-info/local-rules-and-orders/local-rules,KY,federal,all,Group: KY USDC
Western District - Home Page (News),https://www.kywd.uscourts.gov/,KY,federal,all,Group: KY USDC
Eastern District - Home Page (News),https://www.kyed.uscourts.gov/,KY,federal,all,Group: KY USDC
Eastern District - Holiday Schedule,https://www.kyed.uscourts.gov/court-info/court-holidays,KY,federal,all,Group: KY USDC
Eastern District - Local Rules,https://www.kyed.uscourts.gov/rules-and-forms,KY,federal,all,Group: KY USDC
2nd Court of Appeals - Local Rules,https://www.txcourts.gov/2ndcoa/practice-before-the-court/local-rules/rules/,TX,appellate,all,Group: TX Appellate Courts
1st Court of Appeals - ADR Procedures,https://www.txcourts.gov/1stcoa/practice-before-the-court/mediation-adr/,TX,appellate,all,Group: TX Appellate Courts
3rd Court of Appeals - Local Rules,https://www.txcourts.gov/3rdcoa/practice-before-the-court/local-practices/,TX,appellate,all,Group: TX Appellate Courts
4th Court of Appeals - Local Rules,https://www.txcourts.gov/4thcoa/practice-before-the-court/local-rules/,TX,appellate,all,Group: TX Appellate Courts
5th Court of Appeals - Local Rules,https://www.txcourts.gov/5thcoa/practice-before-the-court/local-rules/,TX,appellate,all,Group: TX Appellate Courts
6th Court of Appeals - Practice Procedures,https://www.txcourts.gov/6thcoa/practice-before-the-court/,TX,appellate,all,Group: TX Appellate Courts
8th Court of Appeals - Local Rules (PDF),https://www.txcourts.gov/media/560270/8thlocalrules.pdf,TX,appellate,all,Group: TX Appellate Courts
1st Court of Appeals - Home Page,https://www.txcourts.gov/1stcoa/,TX,appellate,all,Group: TX Appellate Courts
2nd Court of Appeals - IOPs (PDF),https://www.txcourts.gov/media/1460351/web-iops-revised-0425.pdf,TX,appellate,all,Group: TX Appellate Courts
3rd Court of Appeals - Home Page,https://www.txcourts.gov/3rdcoa/,TX,appellate,all,Group: TX Appellate Courts
Rules of Court,https://www.jud.ct.gov/pb.htm,CT,state,all,Group: CT State
Holiday Schedule,https://www.jud.ct.gov/directory/directory/ctinfo1.htm,CT,state,all,Group: CT State
Connecticut Judicial Branch,https://www.jud.ct.gov/,CT,state,all,Group: CT State
Local Rules,https://www.akd.uscourts.gov/court-info/local-rules-and-orders/local-rules,AK,federal,all,Group: AK USDC
Holiday Schedule,https://www.akd.uscourts.gov/court-holidays,AK,federal,all,Group: AK USDC
Home Page (News),https://www.akd.uscourts.gov/,AK,federal,all,Group: AK USDC
Western District - Local Rules (PDF),https://www.arwd.uscourts.gov/sites/arwd/files/ARWD%20Local%20Rules.pdf,AR,federal,all,Group: AR USDC
Western District - General Orders,https://www.arwd.uscourts.gov/general-orders,AR,federal,all,Group: AR USDC
Western District - Home Page (News),https://www.arwd.uscourts.gov/,AR,federal,all,Group: AR USDC
Eastern District - Home Page (News),https://www.are.uscourts.gov/,AR,federal,all,Group: AR USDC
Eastern District - Holiday Schedule,https://www.are.uscourts.gov/court-info/court-holidays,AR,federal,all,Group: AR USDC
Eastern District - General Orders,https://www.are.uscourts.gov/court-info/local-rules-and-orders/general-orders?page=2,AR,federal,all,Group: AR USDC
Eastern District - Local Rules (PDF),https://www.are.uscourts.gov/sites/are/files/local_rules/All_LR.pdf,AR,federal,all,Group: AR USDC
Western District - Local Rules,https://www.arwd.uscourts.gov/court-info/local-rules-and-orders,AR,federal,all,Group: AR USDC
Eastern District - Local Rules,https://www.are.uscourts.gov/court-info/local-rules-and-orders,AR,federal,all,Group: AR USDC
Southern District - Holiday Schedule,https://www.gasd.uscourts.gov/court-info/court-holidays,GA,federal,all,Group: GA USDC
Southern District - Home Page (News),https://www.gasd.uscourts.gov/,GA,federal,all,Group: GA USDC
Southern District - Local Rules,https://www.gasd.uscourts.gov/court-info/local-rules-and-orders,GA,federal,all,Group: GA USDC
Middle District - Home Page (News),https://www.gamd.uscourts.gov/,GA,federal,all,Group: GA USDC
Middle District - Local Rules,https://www.gamd.uscourts.gov/local-rules,GA,federal,all,Group: GA USDC
Middle District - General Orders,https://www.gamd.uscourts.gov/court-info/local-rules-and-orders/general-orders,GA,federal,all,Group: GA USDC
Northern District - Home Page (News),https://www.gand.uscourts.gov/,GA,federal,all,Group: GA USDC
Northern District - Local Rules,https://www.gand.uscourts.gov/court-info/local-rules-and-orders/local-rules,GA,federal,all,Group: GA USDC
Northern District - General Orders,https://www.gand.uscourts.gov/court-info/local-rules-and-orders/general-orders,GA,federal,all,Group: GA USDC
Rules of the Supreme Court,https://www.gasupreme.us/rules/,GA,appellate,all,Group: GA Appellate Courts
Supreme Court - Holiday Schedule,https://www.gasupreme.us/court-information/holidays-2/,GA,appellate,all,Group: GA Appellate Courts
Supreme Court - Home Page,https://www.gasupreme.us/,GA,appellate,all,Group: GA Appellate Courts
Rules of Court - Amendments,https://www.courts.state.hi.us/legal_references/rules/rulesofcourtamendments,HI,state,all,Group: HI State
Rules of Court,https://www.courts.state.hi.us/legal_references/rules/rulesOfCourt,HI,state,all,Group: HI State
Hawaii State Judiciary,https://www.courts.state.hi.us/,HI,state,all,Group: HI State
Holiday Schedule,https://histatelawlibrary.com/about/hawaii-state-holiday-schedule/,HI,state,all,Group: HI State
Rules of Civil Procedure,https://isc.idaho.gov/ircp-new,ID,state,all,Group: ID State
Rules of Family Law Procedure,https://isc.idaho.gov/irflp,ID,state,all,Group: ID State
Rules of Court - Recent Amendments,https://isc.idaho.gov/recent-amendments,ID,state,all,Group: ID State
Idaho Secretary of State,https://sos.idaho.gov/,ID,state,all,Group: ID State
Holiday Schedule,https://sos.idaho.gov/state-holidays/,ID,state,all,Group: ID State
Northern District - General Orders,https://www.ilnd.uscourts.gov/GeneralOrders.aspx,IL,federal,all,Group: IL USDC
Northern District - Home Page (News),https://www.ilnd.uscourts.gov/,IL,federal,all,Group: IL USDC
Northern District - Local Patent Rules,https://www.ilnd.uscourts.gov/rules.php#Local_Patent_Rules1,IL,federal,all,Group: IL USDC
Northern District - Local Rules,https://www.ilnd.uscourts.gov/LandingPage.php?page=local_rules,IL,federal,all,Group: IL USDC
Northern District - Local Rules (PDF),https://www.ilnd.uscourts.gov/_assets/_documents/_rules/LRRULES.pdf,IL,federal,all,Group: IL USDC
Central District - Home Page (News),https://www.ilcd.uscourts.gov/,IL,federal,all,Group: IL USDC
Central District - Local Rules,https://www.ilcd.uscourts.gov/local-rules,IL,federal,all,Group: IL USDC
Central District - Holiday Schedule,https://www.ilcd.uscourts.gov/court-info/court-holidays,IL,federal,all,Group: IL USDC
Central District - Local Rules (PDF),https://www.ilcd.uscourts.gov/sites/ilcd/files/March%202025%20Version%20FINAL_0.pdf,IL,federal,all,Group: IL USDC
Southern District - Home Page (News),https://www.ilsd.uscourts.gov/,IL,federal,all,Group: IL USDC
Southern District - Local Rules,https://www.ilsd.uscourts.gov/local-court-rules,IL,federal,all,Group: IL USDC
Southern District - Administrative Orders,https://www.ilsd.uscourts.gov/administrative-orders,IL,federal,all,Group: IL USDC
Southern District - Holiday Schedule,https://www.ilsd.uscourts.gov/court-info/court-holidays,IL,federal,all,Group: IL USDC
Southern District - Local Rules (PDF),https://www.ilsd.uscourts.gov/sites/ilsd/files/LocalRules.pdf,IL,federal,all,Group: IL USDC
Local Rules,http://ksd.uscourts.gov/index.php/local-rules/,KS,federal,all,Group: KS USDC
Holiday Schedule,http://ksd.uscourts.gov/node/26,KS,federal,all,Group: KS USDC
Home Page (News),https://ksd.uscourts.gov/,KS,federal,all,Group: KS USDC
Rules of Court,https://kscourts.gov/Rules-Orders/Rules,KS,state,all,Group: KS State
Kansas Judicial Branch,https://kscourts.gov/,KS,state,all,Group: KS State
Holiday Schedule,https://kscourts.gov/Footer/Holiday-Schedule,KS,state,all,Group: KS State
Local Rules of Practice,https://kycourts.gov/Courts/Pages/Rules-of-Practice.aspx,KY,state,all,Group: KY State
Holiday Schedule,https://kycourts.gov/AOC/Careers/Pages/default.aspx,KY,state,all,Group: KY State
Administrative Orders,https://kycourts.gov/Courts/Supreme-Court/Pages/Administrative-Orders.aspx,KY,state,all,Group: KY State
Kentucky Judicial Branch,https://kycourts.gov/Pages/index.aspx,KY,state,all,Group: KY State
Middle District - Local Rules and Orders,https://www.lamd.uscourts.gov/court-info/local-rules-and-orders,LA,federal,all,Group: LA USDC
Middle District - Home Page (News),https://www.lamd.uscourts.gov/,LA,federal,all,Group: LA USDC
Middle District - Holiday Schedule,https://www.lamd.uscourts.gov/court-holidays,LA,federal,all,Group: LA USDC
Eastern District - Home Page (News),https://www.laed.uscourts.gov/,LA,federal,all,Group: LA USDC
Eastern District - Local Rules,https://www.laed.uscourts.gov/attorney-information/rules-and-orders/local-rules,LA,federal,all,Group: LA USDC
Eastern District - Holiday Schedule,https://www.laed.uscourts.gov/court-info/court-holidays,LA,federal,all,Group: LA USDC
Western District - Home Page (News),https://www.lawd.uscourts.gov/,LA,federal,all,Group: LA USDC
Western District - Local Rules,https://www.lawd.uscourts.gov/local-rules,LA,federal,all,Group: LA USDC
Western District - Holiday Schedule,https://www.lawd.uscourts.gov/court-info/court-holidays,LA,federal,all,Group: LA USDC
Local Rules,https://www.med.uscourts.gov/local-rules,ME,federal,all,Group: ME USDC
Home Page (News),https://www.med.uscourts.gov/,ME,federal,all,Group: ME USDC
Rules of Court,https://www.courts.maine.gov/rules/index.html,ME,state,all,Group: ME State
Holiday Schedule,https://www.courts.maine.gov/courts/schedules/holidays.html,ME,state,all,Group: ME State
Maine Judicial Branch,https://www.courts.maine.gov/,ME,state,all,Group: ME State
Proposed Amendments,https://www.mdd.uscourts.gov/local-rules-amendments,MD,federal,all,Group: MD USDC
Home Page (News),https://www.mdd.uscourts.gov/,MD,federal,all,Group: MD USDC
Local Rules,https://www.mdd.uscourts.gov/local-rules,MD,federal,all,Group: MD USDC
Rules of Civil Procedure,https://www.mass.gov/law-library/massachusetts-rules-of-civil-procedure,MA,state,all,Group: MA State
Standing Orders,https://www.mass.gov/law-library/massachusetts-district-court-standing-orders,MA,state,all,Group: MA State
Holiday Schedule,https://www.mass.gov/service-details/trial-court-legal-holidays,MA,state,all,Group: MA State
Rule Changes,https://www.mass.gov/service-details/rule-changes-and-invitations-to-comment-on-proposed-rules-and-amendments,MA,state,all,Group: MA State
Massachusetts Judicial Branch,https://www.mass.gov/topics/judicial-branch,MA,state,all,Group: MA State
Massachusetts Legislature,https://malegislature.gov/,MA,state,all,Group: MA State
Uniform Probate Code,https://malegislature.gov/Laws/GeneralLaws/PartII/TitleII/Chapter190B,MA,state,all,Group: MA State
Holiday Schedule,https://courts.michigan.gov/courts/court-holidays/,MI,state,all,Group: MI State
Rules of Civil Procedure,https://courts.michigan.gov/siteassets/rules-instructions-administrative-orders/michigan-court-rules/court-rules-book-ch-2-responsive-html5.zip/index.html,MI,state,all,Group: MI State
Rules of Court,https://courts.michigan.gov/rules-administrative-orders-and-jury-instructions/proposed-adopted/michigan-court-rules/,MI,state,all,Group: MI State
Michigan Judicial Branch,https://courts.michigan.gov/,MI,state,all,Group: MI State
Rules of Court,https://mncourts.gov/SupremeCourt/Court-Rules.aspx,MN,appellate,all,Group: MN State
Recent Rules Orders,https://mncourts.gov/SupremeCourt/Court-Rules/Recent-Rules-Orders.aspx,MN,appellate,all,Group: MN State
Holiday Schedule,https://mncourts.gov/about-the-courts/overview/holidays.aspx,MN,state,all,Group: MN State
Minnesota Judicial Branch,https://mncourts.gov/,MN,state,all,Group: MN State
Northern District - Local Rules and Orders,https://www.msnd.uscourts.gov/court-info/local-rules-and-orders,MS,federal,all,Group: MS USDC
Northern District - Holiday Schedule,https://www.msnd.uscourts.gov/court-holidays,MS,federal,all,Group: MS USDC
Northern District - Home Page (News),https://www.msnd.uscourts.gov/,MS,federal,all,Group: MS USDC
Northern District - Local Rules (PDF),https://www.msnd.uscourts.gov/sites/msnd/files/forms/2024%20Local%20Civil%20Rules%20MSSD%20MSND_12.1.2024.pdf,MS,federal,all,Group: MS USDC
Southern District - Home Page (News),https://www.mssd.uscourts.gov/,MS,federal,all,Group: MS USDC
Southern District - Local Rules and Orders,https://www.mssd.uscourts.gov/court-info/local-rules-and-orders,MS,federal,all,Group: MS USDC
Southern District - Holiday Schedule (2026),https://www.mssd.uscourts.gov/sites/mssd/files/holidays.pdf,MS,federal,all,Group: MS USDC
Holiday Schedule,https://courts.ms.gov/research/statelibrary/holidays.php,MS,state,all,Group: MS State
Rule Amendments,https://courts.ms.gov/research/rules/ruleamendments/ruleamendments.php,MS,state,all,Group: MS State
Mississippi Judiciary Branch,https://courts.ms.gov/,MS,state,all,Group: MS State
Missouri Judicial Branch,https://www.courts.mo.gov/,MO,state,all,Group: MO State
Office of Administration,https://oa.mo.gov/,MO,state,all,Group: MO State
Holiday Schedule,https://oa.mo.gov/commissioner/state-holidays,MO,state,all,Group: MO State
Rules of Civil Procedure,https://www.leg.state.nv.us/Division/Legal/LawLibrary/CourtRules/NRCP.html,NV,state,all,Group: NV State
Holiday Schedule,https://www.leg.state.nv.us/NRS/NRS-236.html,NV,state,all,Group: NV State
Rules Governing Alternative Dispute Resolution,https://www.leg.state.nv.us/Division/Legal/LawLibrary/CourtRules/RGADR.html,NV,state,all,Group: NV State
Nevada Judicial Branch,https://nvcourts.gov/,NV,state,all,Group: NV State
Nevada Legislature,https://www.leg.state.nv.us/,NV,state,all,Group: NV State
Local Rules,https://www.nhd.uscourts.gov/local-rules-0,NH,federal,all,Group: NH USDC
Home Page (News),https://www.nhd.uscourts.gov/,NH,federal,all,Group: NH USDC
Rules of Court,https://www.courts.state.nh.us/rules/index.htm,NH,state,all,Group: NH State
New Hampshire Judicial Branch,https://www.courts.nh.gov/,NH,state,all,Group: NH State
Holiday Schedule,https://www.courts.nh.gov/your-visit/court-holidays,NH,state,all,Group: NH State
Rules of Court,https://www.njcourts.gov/attorneys/rules-of-court,NJ,state,all,Group: NJ State
New Jersey Judicial Branch,https://www.njcourts.gov/,NJ,state,all,Group: NJ State
Holiday Schedule,https://www.njcourts.gov/court-holidays-and-recesses-2025-2026,NJ,state,all,Group: NJ State
Local Rules and Standing Orders,https://www.ndd.uscourts.gov/court-info/local-rules-and-orders,ND,federal,all,Group: ND USDC
Local Rules (PDF),https://www.ndd.uscourts.gov/lci/Local_Rules.pdf,ND,federal,all,Group: ND USDC
Home Page (News),https://www.ndd.uscourts.gov/,ND,federal,all,Group: ND USDC
North Dakota Judicial Branch,https://www.ndcourts.gov/,ND,state,all,Group: ND State
North Dakota Secretary of State,https://www.sos.nd.gov/,ND,state,all,Group: ND State
Holiday Schedule,https://www.sos.nd.gov/state-office-holiday-closings,ND,state,all,Group: ND State
Notices,https://www.ndcourts.gov/news/north-dakota/north-dakota-supreme-court/notices,ND,state,all,Group: ND State
Rules of Court,https://www.supremecourt.ohio.gov/laws-rules/ohio-rules-of-court/,OH,appellate,all,Replaced old Ohio Supreme Court link that was changed | Group: OH State
Holiday Schedule,https://www.supremecourt.ohio.gov/opinions-cases/clerk-of-court/office/holiday-filing-rule/,OH,appellate,all,Group: OH State
Ohio Judicial Branch,https://www.supremecourt.ohio.gov/,OH,appellate,all,Group: OH State
Guam - Rules of Procedure (PDF),https://www.guamcourts.gov/sites/default/files/Local-Rules_2025-10-13.pdf,,state,all,Group: Territories Superior Courts
Guam - Rules of Procedure,https://www.guamcourts.gov/courts-council/superior-court/rules-procedure,,state,all,Group: Territories Superior Courts
Virgin Islands - Rules of Procedure (PDF),https://www.vicourts.org/common/pages/DisplayFile.aspx?itemId=15913409,,state,all,Group: Territories Superior Courts
American Samoa - Rules of Procedure,https://asbar.org/court-rule/rules-of-civil-procedure/,,state,all,Group: Territories Superior Courts
Northern Mariana Islands - Local Rules,https://www.nmid.uscourts.gov/local-and-federal-rules,,federal,all,Group: Territories USDC
Northern Mariana Islands - Holiday Schedule,https://www.nmid.uscourts.gov/holiday-schedule,,federal,all,Group: Territories USDC
Northern Mariana Islands - Home Page (News),https://www.nmid.uscourts.gov/,,federal,all,Group: Territories USDC
Virgin Islands - Home Page (News),https://www.vid.uscourts.gov/,,federal,all,Group: Territories USDC
Virgin Islands - Local Rules,https://www.vid.uscourts.gov/court-info/local-rules-and-orders/local-rules/,,federal,all,Group: Territories USDC
Virgin Islands - Holiday Schedule,https://www.vid.uscourts.gov/court-info/court-holidays,,federal,all,Group: Territories USDC
Puerto Rico - Home Page (News),https://www.prd.uscourts.gov/,,federal,all,Group: Territories USDC
Puerto Rico - Local Rules,https://www.prd.uscourts.gov/court-info/local-rules-and-orders/local-rules,,federal,all,Group: Territories USDC
Guam - Home Page (News),https://www.gud.uscourts.gov/,,federal,all,Group: Territories USDC
Guam - Local Rules,https://www.gud.uscourts.gov/Local_Rules_of_Practice,,federal,all,Group: Territories USDC
Guam - Holiday Schedule,https://www.gud.uscourts.gov/holidays,,federal,all,Group: Territories USDC
Local Rules,https://www.rid.uscourts.gov/local-rules-and-procedures,RI,federal,all,Group: RI USDC
Holiday Schedule,https://www.rid.uscourts.gov/court-holidays,RI,federal,all,Group: RI USDC
Home Page (News),https://www.rid.uscourts.gov/,RI,federal,all,Group: RI USDC
South Carolina Legislature,https://www.scstatehouse.gov/,SC,state,all,Group: SC State
Court Office Closures,https://ujs.sd.gov/closure/,SD,state,all,Group: SD State
South Dakota Judicial Branch,https://ujs.sd.gov/,SD,state,all,Group: SD State
South Dakota Legislature,https://sdlegislature.gov/,SD,state,all,Group: SD State
Rules of Civil Procedure,https://sdlegislature.gov/Statutes/15,SD,state,all,Group: SD State
Local Rules,https://www.sdd.uscourts.gov/LocalRulesCivil,SD,federal,all,Group: SD USDC
Home Page (News),https://www.sdd.uscourts.gov/,SD,federal,all,Group: SD USDC
Proposed Rules and Amendments,https://www.tncourts.gov/rules/proposed/,TN,state,all,Group: TN State
Archived Rules and Amendments,https://www.tncourts.gov/rules/proposed/archive,TN,state,all,Group: TN State
Tennessee Judicial Branch,https://www.tncourts.gov/,TN,state,all,Group: TN State
Tennessee State Government,https://www.tn.gov/,TN,state,all,Group: TN State
Holiday Schedule,https://www.tn.gov/about-tn/state-holidays.html,TN,state,all,Group: TN State
Eastern District - Holiday Schedule,https://www.tned.uscourts.gov/court-holidays,TN,federal,all,Group: TN USDC
Eastern District - Local Rules,https://www.tned.uscourts.gov/local-rules,TN,federal,all,Group: TN USDC
Eastern District - Home Page (News),https://www.tned.uscourts.gov/,TN,federal,all,Group: TN USDC
Middle District - Home Page (News),https://www.tnmd.uscourts.gov/,TN,federal,all,Group: TN USDC
Middle District - Administrative Orders,https://www.tnmd.uscourts.gov/administrative-orders,TN,federal,all,Group: TN USDC
Middle District - Holiday Schedule,https://www.tnmd.uscourts.gov/hours-and-holidays,TN,federal,all,Group: TN USDC
Western District - Home Page (News),https://www.tnwd.uscourts.gov/,TN,federal,all,Group: TN USDC
Western District - Administrative Orders,https://www.tnwd.uscourts.gov/administrative-orders,TN,federal,all,Group: TN USDC
Approved Court Rules,https://www.utcourts.gov/utc/rules-approved/,UT,state,all,Group: UT State
Holiday Schedule,https://www.utcourts.gov/lawlibrary/holidays.html,UT,state,all,Group: UT State
Utah Judicial Branch,https://www.utcourts.gov/,UT,state,all,Group: UT State
Local Rules,https://www.vtd.uscourts.gov/court-info/local-rules-and-orders,VT,federal,all,Group: VT USDC
Holiday Schedule,https://www.vtd.uscourts.gov/court-info/court-holidays,VT,federal,all,Group: VT USDC
Home Page (News),https://www.vtd.uscourts.gov/,VT,federal,all,Group: VT USDC
Promulgated Rules,https://www.vermontjudiciary.org/attorneys/rules/promulgated,VT,state,all,Group: VT State
Vermont Judicial Branch,https://www.vtcourts.gov/,VT,state,all,Group: VT State
Department of Human Resources,https://humanresources.vermont.gov/,VT,state,all,Group: VT State
Holiday Schedule,https://humanresources.vermont.gov/benefits-wellness/holiday-schedule,VT,state,all,Group: VT State
Rule Amendments,https://www.courts.state.va.us/courts/scv/amendments_tracked/home.html,VA,state,all,Group: VA State
Virginia Judicial Branch,https://www.courts.state.va.us/,VA,state,all,Group: VA State
Legislative Information System,https://law.lis.virginia.gov/,VA,state,all,Group: VA State
Holiday Schedule,https://law.lis.virginia.gov/vacode/title2.2/chapter33/section2.2-3300/,VA,state,all,Group: VA State
Recent Rule Orders,http://www.courtswv.gov/legal-community/court-rules/recent-rules-orders,WV,state,all,Group: WV State
West Virginia Judicial Branch,https://www.courtswv.gov/,WV,state,all,Group: WV State
West Virginia Legislature,https://www.wvlegislature.gov/,WV,state,all,Group: WV State
Orders,https://www.wicourts.gov/scrules/orders.htm,WI,state,all,Group: WI State
Current Rules,https://www.wicourts.gov/supreme/sc_rules.jsp,WI,state,all,Group: WI State
Wisconsin Judicial Branch,https://www.wicourts.gov/,WI,state,all,Group: WI State
Division of Personnel Management,https://dpm.wi.gov/Pages/home.aspx,WI,state,all,Group: WI State
Holiday Schedule,https://dpm.wi.gov/Pages/How_Do_I/seeStateHolidays.aspx,WI,state,all,Group: WI State
Wyoming Judicial Branch,https://www.wyocourts.gov/,WY,state,all,Group: WY State
Court Rules,https://www.wyocourts.gov/court-rules/,WY,state,all,Group: WY State
Rule Amendments,https://www.wyocourts.gov/rule-amendments/,WY,state,all,Group: WY State
Wyoming Secretary of State,https://sos.wyo.gov/,WY,state,all,Group: WY State
Holiday Schedule,https://sos.wyo.gov/holiday.aspx,WY,state,all,Group: WY State
Local Rules and Orders,https://www.dcd.uscourts.gov/court-info/local-rules-and-orders/local-rules,DC,federal,all,Group: DC USDC
Holidays,https://www.dcd.uscourts.gov/court-info/court-holidays,DC,federal,all,Group: DC USDC
Home Page (News),https://www.dcd.uscourts.gov/,DC,federal,all,Group: DC USDC
Holiday Schedule,https://www.courts.wa.gov/appellate_trial_courts/?fa=atc.closing,WA,appellate,all,Group: WA Superior Courts
Okanogan - Local Rules (PDF),https://www.courts.wa.gov/court_rules/pdf/LCR/24/SUP/LCR_Okanogan_SUP.pdf,WA,state,all,Group: WA Superior Courts
Superior Court Civil Arbitration Rules,https://www.courts.wa.gov/court_rules/?fa=court_rules.list&group=sup&set=SCCAR,WA,state,all,Group: WA Superior Courts
Spokane - Local Rules,https://www.spokanecounty.gov/1675/Local-Court-Notices-Resources-Rules,WA,state,all,Group: WA Superior Courts
Thurston - Local Rules,https://www.thurstoncountywa.gov/departments/superior-court/court-rules,WA,state,all,Group: WA Superior Courts
Adams - Local Rules,https://www.co.adams.wa.us/537/Local-Court-Rules,WA,state,all,Group: WA Superior Courts
Asotin - Local Rules,https://www.asotincountywa.gov/400/LOCAL-COURT-RULES,WA,state,all,Group: WA Superior Courts
Chelan - Local Rules,https://www.co.chelan.wa.us/clerk/pages/resources-court-clerk,WA,state,all,Group: WA Superior Courts
Clallam - Local Rules,https://www.clallamcountywa.gov/502/Superior-Court,WA,state,all,Group: WA Superior Courts
Cowlitz - Local Rules,https://www.cowlitzsuperiorcourt.us/local-court-rules,WA,state,all,Group: WA Superior Courts
Douglas - Local Rules,https://www.douglascountywa.net/349/Court-Rules-State-Laws,WA,state,all,Group: WA Superior Courts
Ferry - Local Rules,https://www.ferry-county.com/law_and_justice/county_clerk.php,WA,state,all,Group: WA Superior Courts
Grays Harbor - Local Rules,https://www.graysharbor.us/government/superior_court/local_court_rules.php,WA,state,all,Group: WA Superior Courts
Island - Local Rules,https://www.islandcountywa.gov/220/Superior-Court,WA,state,all,Group: WA Superior Courts
Jefferson - Local Rules,https://www.co.jefferson.wa.us/321/Local-Court-Rules,WA,state,all,Group: WA Superior Courts
Kitsap - Local Rules,https://www.kitsap.gov/sc/Pages/default.aspx,WA,state,all,Group: WA Superior Courts
Kittitas - Local Rules,https://www.co.kittitas.wa.us/clerk/rules.aspx,WA,state,all,Group: WA Superior Courts
Klickitat - Local Rules,https://www.klickitatcounty.gov/877/Superior-Court,WA,state,all,Group: WA Superior Courts
Lewis - Local Rules,https://lewiscountywa.gov/offices/superior-court/local-court-rules/,WA,state,all,Group: WA Superior Courts
Lincoln - Local Rules,https://www.lincolncountywa.com/207/Washington-State-Court-Forms,WA,state,all,Group: WA Superior Courts
San Juan - Local Rules,https://www.sanjuancountywa.gov/1018/Court-Rules,WA,state,all,Group: WA Superior Courts
Skagit - Local Rules,https://www.skagitcounty.net/Departments/superiorcourt/main.htm,WA,state,all,Group: WA Superior Courts
Snohomish - Local Rules,https://snohomishcountywa.gov/5817/Local-Court-Rules,WA,state,all,Group: WA Superior Courts
Walla Walla - Local Rules,https://www.wwcowa.gov/government/superior_court/local_court_rules.php,WA,state,all,Group: WA Superior Courts
Yakima - Local Rules,https://www.yakimacounty.us/2457/Current-Local-Rules,WA,state,all,Group: WA Superior Courts
Okanogan - Local Rules,https://www.okanogancounty.gov/189/Superior-Court,WA,state,all,Group: WA Superior Courts
Pacific - Local Rules,https://pacificcountysuperiorcourt.com/lcrs,WA,state,all,Group: WA Superior Courts
Pierce - Local Rules,https://www.piercecountywa.gov/1195/Local-Rules,WA,state,all,Group: WA Superior Courts
Whatcom - Local Rules,https://www.whatcomcounty.us/413/Superior-Court,WA,state,all,Group: WA Superior Courts
Clark - Local Rules,https://clark.wa.gov/superior-court/local-rules,WA,state,all,Group: WA Superior Courts
King - Local Rules,https://kingcounty.gov/en/dept/dja/courts-jails-legal-system/superior-court-local-rules,WA,state,all,Group: WA Superior Courts
Rhode Island Judicial Branch,https://www.courts.ri.gov/Pages/default.aspx,RI,state,all,Group: RI State
Holiday Schedule,https://www.pacourts.us/courts/supreme-court/calendar,PA,state,all,Group: PA State
Orphans' Court Rules (PDF),https://www.pacourts.us/assets/opinions/supreme/out/682spct-attach.pdf,PA,state,all,Group: PA State
Pennsylvania Judicial Branch,https://www.pacourts.us/,PA,state,all,Group: PA State
Rules of Practice for the Superior and District Courts,https://www.nccourts.gov/courts/supreme-court/court-rules/general-rules-of-practice-for-the-superior-and-district-courts,NC,state,all,Group: NC District Courts
Wake - 10th District Local Rules,https://www.nccourts.gov/locations/wake-county/wake-county-local-rules-and-forms,NC,state,all,Group: NC District Courts
Cherokee - 43rd District Local Rules,https://www.nccourts.gov/locations/cherokee-county/cherokee-county-local-rules-and-forms,NC,state,all,Group: NC District Courts
McDowell - 41st District Local Rules,https://www.nccourts.gov/locations/mcdowell-county/mcdowell-county-local-rules-and-forms,NC,state,all,Group: NC District Courts
Buncombe - 40th District Local Rules,https://www.nccourts.gov/locations/buncombe-county/buncombe-county-local-rules-and-forms,NC,state,all,Group: NC District Courts
Camden - 1st District Local Rules,https://www.nccourts.gov/locations/camden-county/camden-county-local-rules-and-forms,NC,state,all,Group: NC District Courts
Beaufort - 2nd District Local Rules,https://www.nccourts.gov/locations/beaufort-county/beaufort-county-local-rules-and-forms,NC,state,all,Group: NC District Courts
Pitt - 3rd District Local Rules,https://www.nccourts.gov/locations/pitt-county/pitt-county-local-rules-and-forms,NC,state,all,Group: NC District Courts
Carteret - 4th District Local Rules,https://www.nccourts.gov/locations/carteret-county/carteret-county-local-rules-and-forms,NC,state,all,Group: NC District Courts
Duplin - 5th District Local Rules,https://www.nccourts.gov/locations/duplin-county/duplin-county-local-rules-and-forms,NC,state,all,Group: NC District Courts
Cleveland - 39th District Local Rules,https://www.nccourts.gov/locations/cleveland-county/cleveland-county-local-rules-and-forms,NC,state,all,Group: NC District Courts
Gaston - 38th District Local Rules,https://www.nccourts.gov/locations/gaston-county/gaston-county-local-rules-and-forms,NC,state,all,Group: NC District Courts
Randolph - 37th District Local Rules,https://www.nccourts.gov/locations/randolph-county/randolph-county-local-rules-and-forms,NC,state,all,Group: NC District Courts
Avery - 35th District Local Rules,https://www.nccourts.gov/locations/avery-county/avery-county-local-rules-and-forms,NC,state,all,Group: NC District Courts
Alleghany - 34th District Local Rules,https://www.nccourts.gov/locations/alleghany-county/alleghany-county-local-rules-and-forms,NC,state,all,Group: NC District Courts
New Hanover - 6th District Local Rules,https://www.nccourts.gov/locations/new-hanover-county/new-hanover-county-local-rules-and-forms,NC,state,all,Group: NC District Courts
Bertie - 7B District Local Rules,https://www.nccourts.gov/locations/bertie-county/bertie-county-local-rules-and-forms,NC,state,all,Group: NC District Courts
Nash - 8th District Local Rules,https://www.nccourts.gov/locations/nash-county/nash-county-local-rules-and-forms,NC,state,all,Group: NC District Courts
Greene - 9th District Local Rules,https://www.nccourts.gov/locations/greene-county/greene-county-local-rules-and-forms,NC,state,all,Group: NC District Courts
Hoke - 29th District Local Rules,https://www.nccourts.gov/locations/hoke-county/hoke-county-local-rules-and-forms,NC,state,all,Group: NC District Courts
Davidson - 33rd District Local Rules,https://www.nccourts.gov/locations/davidson-county/davidson-county-local-rules-and-forms,NC,state,all,Group: NC District Courts
Forsyth - 31st District Local Rules,https://www.nccourts.gov/locations/forsyth-county/forsyth-county-local-rules-and-forms,NC,state,all,Group: NC District Courts
Union - 30th District Local Rules,https://www.nccourts.gov/locations/union-county/union-county-local-rules-and-forms,NC,state,all,Group: NC District Courts
District Court - Home Page,https://www.nccourts.gov/courts/district-court,NC,state,all,Group: NC District Courts
Halifax - 7A District Local Rules,https://www.nccourts.gov/locations/halifax-county/halifax-county-local-rules-and-forms,NC,state,all,Group: NC District Courts
Holiday Schedule,https://mdcourts.gov/administration/holidays,MD,state,all,Group: MD State
Proposed Rule Changes,https://mdcourts.gov/rules/ruleschanges,MD,state,all,Group: MD State
Administrative Orders,https://mdcourts.gov/adminorderscourts,MD,state,all,Group: MD State
Maryland Judicial Branch,https://mdcourts.gov/,MD,state,all,Group: MD State
Southern District - Holiday Schedule,https://www.iasd.uscourts.gov/court-info/court-holidays,IA,federal,all,Group: IA USDC
Southern District - Home Page (News),https://www.iasd.uscourts.gov/,IA,federal,all,Group: IA USDC
Northern District - Home Page (News),https://www.iand.uscourts.gov/,IA,federal,all,Group: IA USDC
Northern District - Local Rules,https://www.iand.uscourts.gov/local-rules-and-orders,IA,federal,all,Group: IA USDC
Northern District - Holiday Schedule,https://www.iand.uscourts.gov/court-info,IA,federal,all,Group: IA USDC
Federal Court Rules,https://laws-lois.justice.gc.ca/eng/regulations/sor-98-106/fulltext.html,,state,all,Group: Canada General
Specific Claims Tribunal Rules of Practice and Procedure,https://laws-lois.justice.gc.ca/eng/regulations/SOR-2011-119/index.html,,state,all,Group: Canada General
Government of Canada,https://laws-lois.justice.gc.ca/eng/index.html,,state,all,Group: Canada General
Public Holiday Schedule,https://www.canada.ca/en/revenue-agency/services/tax/public-holidays.html,,state,all,Group: Canada General
Holiday Schedule,https://canada-holidays.ca/,,state,all,Group: Canada General
Oklahoma Legislature,https://www.oklegislature.gov/,OK,state,all,Group: OK State
Oklahoma Secretary of State,https://www.sos.ok.gov/,OK,state,all,Group: OK State
Holiday Schedule,https://www.sos.ok.gov/home/holidays.aspx,OK,state,all,Group: OK State
Oklahoma Statutes,https://www.oklegislature.gov/osStatuesTitle.aspx,OK,state,all,Group: OK State
Arizona Judicial Branch,https://www.azcourts.gov/,AZ,state,all,Group: AZ State
Holiday Schedule,https://www.azleg.gov/viewdocument/?docName=https://www.azleg.gov/ars/1/00301.htm,AZ,state,all,Group: AZ State
Revised Statutes - Title 12 (Civil Proceedings),https://www.azleg.gov/arsDetail/?title=12,AZ,state,all,Group: AZ State
Rules of Civil Procedure - Recent Amendments,https://www.azcourts.gov/rules/RecentAmendments/RulesofCivilProcedure.aspx,AZ,state,all,Group: AZ State
Rule Amendments from Recent Rules Agenda,https://www.azcourts.gov/rules/RuleAmendmentsfromRecentRulesAgenda(s).aspx,AZ,state,all,Group: AZ State
Revised Statutes - Title 14 (Probate),https://www.azleg.gov/arsDetail/?title=14,AZ,state,all,Group: AZ State
Nunavut - Rules of Court,https://www.nunavutcourts.ca/court-policies/rules,,state,all,Group: Canada Territories
Nunavut Courts - Home Page,https://www.nunavutcourts.ca/,,state,all,Group: Canada Territories
Northwest Territories - Rules of Court,https://www.justice.gov.nt.ca/en/court-rules/,,state,all,Group: Canada Territories
Northwest Territories Courts - Home Page,https://www.nwtcourts.ca/en/,,state,all,Group: Canada Territories
American Arbitration Association - Rules,https://www.adr.org/active-rules,,state,all,Group: Alternate Dispute Resolution
American Arbitration Association - Home Page,https://www.adr.org/,,state,all,Group: Alternate Dispute Resolution
Montana Judicial Branch,https://courts.mt.gov/,MT,state,all,Group: MT State
Montana Legislature,https://www.legmt.gov/,MT,state,all,Group: MT State
Administrative Rules of Montana,https://rules.mt.gov/,MT,state,all,Group: MT State
Rules of Civil Procedure,https://mca.legmt.gov/bills/mca/title_0250/chapters_index.html,MT,state,all,Group: MT State
Nova Scotia - News,https://www.courts.ns.ca/resources/news,,state,all,Group: Canada Provinces
Nova Scotia - Civil Procedure Rules,https://www.courts.ns.ca/operations/rules,,state,all,Group: Canada Provinces
Nova Scotia - Holiday Schedule,https://www.courts.ns.ca/locations,,state,all,Group: Canada Provinces
Nova Scotia Courts - Home Page,https://www.courts.ns.ca/,,state,all,Group: Canada Provinces
British Columbia Courts - Home Page,https://www.bccourts.ca/,,state,all,Group: Canada Provinces
British Columbia - Court of Appeal Rules,https://www.bccourts.ca/Court_of_Appeal/,,state,all,Group: Canada Provinces
Alberta Courts - Home Page,https://www.albertacourts.ca/,,state,all,Group: Canada Provinces
Alberta - Rules of Court,https://www.albertacourts.ca/kb/areas-of-law/civil,,state,all,Group: Canada Provinces
Saskatchewan Courts - Home Page,https://sasklawcourts.ca/,,state,all,Group: Canada Provinces
Saskatchewan - Practice Directives,https://sasklawcourts.ca/kings-bench/rules-practice-directives/,,state,all,Group: Canada Provinces
Manitoba Courts - Home Page,https://www.manitobacourts.mb.ca/,,state,all,Group: Canada Provinces
Manitoba - Court of King's Bench Rules,https://www.manitobacourts.mb.ca/court-of-queens-bench/procedure-rules-and-forms/statutes-and-rules/,,state,all,Group: Canada Provinces
New Brunswick Courts - Home Page,https://www.courtsnb-coursnb.ca/content/cour/en.html,,state,all,Group: Canada Provinces
New Brunswick - Practice Directives,https://www.courtsnb-coursnb.ca/content/cour/en/kings-bench/content/practice-directive.html,,state,all,Group: Canada Provinces
Ontario Courts - Home Page,https://www.ontariocourts.ca/ocj/,,state,all,Group: Canada Provinces
Ontario - Rules of Civil Procedure,https://www.ontario.ca/laws/regulation/900194,,state,all,Group: Canada Provinces
Ontario - Family Law Rules,https://www.ontario.ca/laws/regulation/990114,,state,all,Group: Canada Provinces
Prince Edward Island Courts - Home Page,https://www.courts.pe.ca/,,state,all,Group: Canada Provinces
Prince Edward Island Court - Rules of Civil Procedure,https://www.courts.pe.ca/rules-of-civil-procedure,,state,all,Group: Canada Provinces
New Brunswick - Rules of Court,https://www2.gnb.ca/content/gnb/en/departments/public-safety/attorney-general/content/acts_regulations/content/rules_of_court.html,,state,all,Group: Canada Provinces
Ontario - Rules and Decisions,https://tribunalsontario.ca/lat-aabs/laws-rules-and-decisions/,,state,all,Group: Canada Provinces
Rules of the Superior Court,https://www.dccourts.gov/superior-court/superior-court-resources/rules-of-the-superior-court,DC,state,all,Group: DC Courts
Home Page (News),https://www.dccourts.gov/,DC,state,all,Group: DC Courts
Rules of the Court of Appeals,https://www.dccourts.gov/court-of-appeals/court-of-appeals-resources/rules-of-the-dc-court-of-appeals,DC,appellate,all,Group: DC Courts
Superior Court - Administrative Orders,https://www.dccourts.gov/superior-court/superior-court-resources/superior-court-orders,DC,state,all,Group: DC Courts
Superior Court - Home Page,https://www.dccourts.gov/superior-court,DC,state,all,Group: DC Courts
Court of Appeals - Home Page,https://www.dccourts.gov/court-of-appeals,DC,appellate,all,Group: DC Courts
Court of Appeals - Administrative Orders,https://www.dccourts.gov/court-of-appeals/court-of-appeals-orders-and-notices,DC,appellate,all,Group: DC Courts
Federal Rules of Bankruptcy Procedure,https://www.uscourts.gov/rules-policies/current-rules-practice-procedure/federal-rules-bankruptcy-procedure,,bankruptcy,all,Group: U.S. Federal Courts
Federal Rules of Civil Procedure,https://www.uscourts.gov/rules-policies/current-rules-practice-procedure/federal-rules-civil-procedure,,federal,all,Group: U.S. Federal Courts
Proposed Amendments,https://www.uscourts.gov/rules-policies/proposed-amendments-published-public-comment,,federal,all,Group: U.S. Federal Courts
Pending Rules and Forms Amendments,https://www.uscourts.gov/rules-policies/pending-rules-and-forms-amendments,,federal,all,Group: U.S. Federal Courts
Bankruptcy Forms,https://www.uscourts.gov/forms/bankruptcy-forms,,bankruptcy,all,Group: U.S. Federal Courts
Supreme Court - Approved Amendments,https://supremecourt.nmcourts.gov/14056-2/,NM,appellate,all,Group: NM Appellate Courts
Supreme Court - Home Page,https://supremecourt.nmcourts.gov/,NM,appellate,all,Group: NM Appellate Courts
Proposed Rules,https://supremecourt.flcourts.gov/Case-Information/Rules-Cases-Proposed-Amendments,FL,appellate,all,Group: FL Appellate Courts
Rules of Appellate Procedure,https://rules.floridaappellate.com/,FL,appellate,all,Group: FL Appellate Courts
6th District Court of Appeal,https://6dca.flcourts.gov/,FL,appellate,all,Group: FL Appellate Courts
Human Rights - Rules of Practice,https://govt.westlaw.com/nycrr/Browse/Home/NewYork/UnofficialNewYorkCodesRulesandRegulations?guid=Ia3dea5d0b72a11ddba5e846354f3a78d&originationContext=documenttoc&transitionType=Default&contextData=(sc.Default,NY,state,all,Group: NY Westlaw
Human Rights - General Regulations,https://govt.westlaw.com/nycrr/Browse/Home/NewYork/UnofficialNewYorkCodesRulesandRegulations?guid=Ia4302130b72a11ddba5e846354f3a78d&originationContext=documenttoc&transitionType=Default&contextData=(sc.Default,NY,state,all,Group: NY Westlaw
Public Holiday Schedule,https://www.australia.com/en-us/facts-and-planning/when-to-go/australian-public-holidays.html,,state,all,Group: Australia
Federal Circuit and Family Court,https://www.fcfcoa.gov.au/,,state,all,Group: Australia
Federal Circuit and Family Court - Legislation,https://www.fcfcoa.gov.au/resources/legislation,,state,all,Group: Australia
Circuit Courts - Map,https://www.alacourt.gov/JudicialCircuits.aspx,AL,appellate,all,Group: AL Circuit Courts
Baldwin - Home Page,https://baldwin.alacourt.gov/,AL,state,all,Group: AL Circuit Courts
Baldwin - Court Schedule (2026),https://baldwin.alacourt.gov/media/numltzz3/courtcalendar2026.pdf,AL,state,all,Group: AL Circuit Courts
Mobile - Home Page,https://mobile.alacourt.gov/,AL,state,all,Group: AL Circuit Courts
Middle District - Home Page (News),https://www.almd.uscourts.gov/,AL,federal,all,Group: AL USDC
Middle District - Local Rules and Orders,https://www.almd.uscourts.gov/about/rules-orders-procedures,AL,federal,all,Group: AL USDC
Middle District - Holiday Schedule,https://www.almd.uscourts.gov/calendar,AL,federal,all,Group: AL USDC
Alabama Judicial Branch,https://judicial.alabama.gov/,AL,state,all,Group: AL State
Rule Changes,https://judicial.alabama.gov/rules/index,AL,state,all,Group: AL State
Holiday Schedule (2026),https://www.alacourt.gov/docs/2026UJSCalendar.pdf?v=0.1,AL,state,all,Group: AL State
Rules of Civil Procedure,https://judicial.alabama.gov/library/CivilProcedure,AL,state,all,Group: AL State
Alaska Court System,https://courts.alaska.gov/,AK,state,all,Group: AK State
Rules of Court,https://courts.alaska.gov/rules/index.htm,AK,state,all,Group: AK State
Holiday Schedule,https://courts.alaska.gov/main/holidays.htm,AK,state,all,Group: AK State
Home Page,https://courts.alaska.gov/appellate/index.htm,AK,appellate,all,Group: AK Appellate Courts
Court Orders,https://courts.alaska.gov/jord/index.htm,AK,appellate,all,Group: AK Appellate Courts
Rules of Appellate Procedure (PDF),https://courts.alaska.gov/rules/docs/app.pdf,AK,appellate,all,Group: AK Appellate Courts
Court Directory,https://courts.alaska.gov/courtdir/index.htm,AK,state,all,Group: AK Superior Courts
Anchorage - Home Page,https://courts.alaska.gov/courtdir/3an.htm,AK,state,all,Group: AK Superior Courts
Arkansas Judicial Branch,https://www.arcourts.gov/,AR,state,all,Group: AR State
Arkansas Secretary of State,https://www.sos.arkansas.gov/news/calendar/,AR,state,all,Group: AR State
Rules of Civil Procedure,https://opinions.arcourts.gov/ark/cr/en/item/16712/index.do,AR,state,all,Group: AR State
Holiday Schedule,https://www.sos.arkansas.gov/about-the-office/media-center/news/state-holiday-calendar/,AR,state,all,Group: AR State
Administrative Orders,https://opinions.arcourts.gov/ark/ao/en/nav_date.do,AR,state,all,Group: AR State
Rules of Court - Amendments,https://opinions.arcourts.gov/ark/cr/en/nav_date.do,AR,state,all,Group: AR State
"Title 28 - Wills, Estates, and Fiduciary Relationships",https://advance.lexis.com/container?config=00JAA3ZTU0NTIzYy0zZDEyLTRhYmQtYmRmMS1iMWIxNDgxYWMxZTQKAFBvZENhdGFsb2cubRW4ifTiwi5vLw6cI1uX&crid=06fb1a0e-d4e1-4789-a405-1a504e529ced&prid=3df6d106-0918-4a72-9054-5f8cdad5e689,AR,state,all,Group: AR State
Home Page,https://courts.ca.gov/courts/superior-courts,CA,state,all,Group: CA Superior Courts
San Joaquin - Local Rules,https://www.sjcourts.org/local-rules,CA,state,all,Group: CA Superior Courts
San Mateo - Local Rules,https://sanmateo.courts.ca.gov/general-information/local-rules,CA,state,all,Group: CA Superior Courts
Alameda - Home Page (News),https://www.alameda.courts.ca.gov/,CA,state,all,Group: CA Superior Courts
Alameda - Local Rules,https://www.alameda.courts.ca.gov/general-information/local-rules-forms,CA,state,all,Group: CA Superior Courts
Alameda - Pending Rules,https://www.alameda.courts.ca.gov/general-information/local-rules/pending-rules,CA,state,all,Group: CA Superior Courts
Calaveras - Home Page (News),https://www.calaveras.courts.ca.gov/,CA,state,all,Group: CA Superior Courts
Calaveras - Local Rules,https://www.calaveras.courts.ca.gov/general-information/local-rules,CA,state,all,Group: CA Superior Courts
Contra Costa - Home Page (News),https://contracosta.courts.ca.gov/,CA,state,all,Group: CA Superior Courts
Contra Costa - Local Rules,https://contracosta.courts.ca.gov/general-information/local-rules-court,CA,state,all,Group: CA Superior Courts
Alpine - Home Page (News),https://www.alpine.courts.ca.gov/,CA,state,all,Group: CA Superior Courts
Alpine - Local Rules,https://www.alpine.courts.ca.gov/forms-filings/local-rules-standing-orders,CA,state,all,Group: CA Superior Courts
Colusa - Home Page (News),https://www.colusa.courts.ca.gov/,CA,state,all,Group: CA Superior Courts
Colusa - Local Rules,https://www.colusa.courts.ca.gov/court-forms-filings,CA,state,all,Group: CA Superior Courts
Butte - Home Page (News),https://www.butte.courts.ca.gov/,CA,state,all,Group: CA Superior Courts
Butte - Local Rules,https://www.butte.courts.ca.gov/forms-filing/local-rules-and-forms,CA,state,all,Group: CA Superior Courts
Del Norte - Home Page,https://www.delnorte.courts.ca.gov/,CA,state,all,Group: CA Superior Courts
Del Norte - Local Rules,https://www.delnorte.courts.ca.gov/general-information/local-rules,CA,state,all,Group: CA Superior Courts
Amador - Home Page,https://www.amadorcourt.org/,CA,state,all,Group: CA Superior Courts
Amador - Local Rules,https://www.amadorcourt.org/gi-localRules.aspx,CA,state,all,Group: CA Superior Courts
El Dorado - Home Page,https://www.eldorado.courts.ca.gov/,CA,state,all,Group: CA Superior Courts
El Dorado - Local Rules,https://www.eldorado.courts.ca.gov/general-information/local-rules-information-services,CA,state,all,Group: CA Superior Courts
Humboldt - Home Page,https://www.humboldt.courts.ca.gov/,CA,state,all,Group: CA Superior Courts
Humboldt - Local Rules,https://www.humboldt.courts.ca.gov/forms-filings/local-rules,CA,state,all,Group: CA Superior Courts
Fresno - Home Page,https://www.fresno.courts.ca.gov/,CA,state,all,Group: CA Superior Courts
Fresno - Local Rules,https://www.fresno.courts.ca.gov/forms-filing/local-rules,CA,state,all,Group: CA Superior Courts
Glenn - Home Page,https://www.glenn.courts.ca.gov/,CA,state,all,Group: CA Superior Courts
Glenn - Local Rules,https://www.glenn.courts.ca.gov/general-information/local-rules,CA,state,all,Group: CA Superior Courts
Imperial - Home Page,https://www.imperial.courts.ca.gov/,CA,state,all,Group: CA Superior Courts
Imperial - Local Rules,https://www.imperial.courts.ca.gov/general-information/local-rules,CA,state,all,Group: CA Superior Courts
Inyo - Home Page,https://www.inyo.courts.ca.gov/,CA,state,all,Group: CA Superior Courts
Inyo - Local Rules,https://www.inyo.courts.ca.gov/forms-filing/local-rules,CA,state,all,Group: CA Superior Courts
Kings - Home Page,https://www.kings.courts.ca.gov/,CA,state,all,Group: CA Superior Courts
Kings - Local Rules,https://www.kings.courts.ca.gov/general-information/local-rules,CA,state,all,Group: CA Superior Courts
Kern - Home Page,https://www.kern.courts.ca.gov/,CA,state,all,Group: CA Superior Courts
Kern - Local Rules,https://www.kern.courts.ca.gov/forms-filing/local-rules-court,CA,state,all,Group: CA Superior Courts
Lake - Home Page,https://lake.courts.ca.gov/,CA,state,all,Group: CA Superior Courts
Lake - Local Rules,https://lake.courts.ca.gov/forms-filings,CA,state,all,Group: CA Superior Courts
Lassen - Home Page,https://www.lassen.courts.ca.gov/,CA,state,all,Group: CA Superior Courts
Lassen - Local Rules,https://www.lassen.courts.ca.gov/general-information/local-rules,CA,state,all,Group: CA Superior Courts
Los Angeles - Home Page,https://www.lacourt.ca.gov/home,CA,state,all,Group: CA Superior Courts
Los Angeles - Local Rules,https://www.lacourt.ca.gov/pages/cp/gi-court-rules,CA,state,all,Group: CA Superior Courts
Marin - Home Page,https://www.marin.courts.ca.gov/,CA,state,all,Group: CA Superior Courts
Marin - Local Rules,https://www.marin.courts.ca.gov/general-information/local-rules,CA,state,all,Group: CA Superior Courts
Mariposa - Home Page,https://www.mariposa.courts.ca.gov/,CA,state,all,Group: CA Superior Courts
Mariposa - Local Rules,https://www.mariposa.courts.ca.gov/general-information/local-rules,CA,state,all,Group: CA Superior Courts
Mendocino - Home Page,https://www.mendocino.courts.ca.gov/,CA,state,all,Group: CA Superior Courts
Mendocino - Local Rules,https://www.mendocino.courts.ca.gov/general-information/court-rules-orders,CA,state,all,Group: CA Superior Courts
Merced - Home Page,https://www.merced.courts.ca.gov/,CA,state,all,Group: CA Superior Courts
Merced - Local Rules,https://www.merced.courts.ca.gov/forms-filing/local-rules,CA,state,all,Group: CA Superior Courts
Modoc - Home Page,https://www.modoc.courts.ca.gov/,CA,state,all,Group: CA Superior Courts
Modoc - Local Rules,https://www.modoc.courts.ca.gov/general-information/local-rules,CA,state,all,Group: CA Superior Courts
Madera - Home Page,https://www.madera.courts.ca.gov/,CA,state,all,Group: CA Superior Courts
Madera - Local Rules,https://www.madera.courts.ca.gov/general-information/local-rules,CA,state,all,Group: CA Superior Courts
Mono - Home Page,https://www.mono.courts.ca.gov/,CA,state,all,Group: CA Superior Courts
Mono - Local Rules,https://www.mono.courts.ca.gov/general-information/other-superior-courts-local-rules,CA,state,all,Group: CA Superior Courts
Monterey - Home Page,https://www.monterey.courts.ca.gov/,CA,state,all,Group: CA Superior Courts
Monterey - Local Rules,https://www.monterey.courts.ca.gov/general-information/local-rules-court,CA,state,all,Group: CA Superior Courts
Napa - Home Page,https://www.napa.courts.ca.gov/,CA,state,all,Group: CA Superior Courts
Napa - Local Rules,https://www.napa.courts.ca.gov/general-information/local-rules,CA,state,all,Group: CA Superior Courts
Nevada - Home Page,https://www.nevada.courts.ca.gov/,CA,state,all,Group: CA Superior Courts
Nevada - Local Rules,https://www.nevada.courts.ca.gov/forms-filing/rules-court,CA,state,all,Group: CA Superior Courts
Orange - Home Page,https://www.occourts.org/,CA,state,all,Group: CA Superior Courts
Orange - Local Rules,https://www.occourts.org/forms-filing/rules-court,CA,state,all,Group: CA Superior Courts
Placer - Home Page,https://www.placer.courts.ca.gov/,CA,state,all,Group: CA Superior Courts
Placer - Local Rules,https://www.placer.courts.ca.gov/forms-filing/local-rules-court,CA,state,all,Group: CA Superior Courts
Plumas - Home Page,https://plumas.courts.ca.gov/,CA,state,all,Group: CA Superior Courts
Plumas - Local Rules,https://plumas.courts.ca.gov/general-information/local-rules,CA,state,all,Group: CA Superior Courts
Sacramento - Home Page,https://www.saccourt.ca.gov/,CA,state,all,Group: CA Superior Courts
Sacramento - Local Rules,https://www.saccourt.ca.gov/local-rules/local-rules.aspx,CA,state,all,Group: CA Superior Courts
Sacramento - Complex Civil Guidelines,https://www.saccourt.ca.gov/civil/complex-civil-cases.aspx,CA,state,all,Group: CA Superior Courts
Riverside - Home Page,https://www.riverside.courts.ca.gov/,CA,state,all,Group: CA Superior Courts
Riverside - Local Rules,https://www.riverside.courts.ca.gov/general-information/local-rules,CA,state,all,Group: CA Superior Courts
San Benito - Home Page,https://www.sanbenito.courts.ca.gov/,CA,state,all,Group: CA Superior Courts
San Benito - Local Rules,https://www.sanbenito.courts.ca.gov/general-information/local-rules,CA,state,all,Group: CA Superior Courts
San Bernardino - Home Page,https://sanbernardino.courts.ca.gov/,CA,state,all,Group: CA Superior Courts
San Bernardino - Local Rules,https://sanbernardino.courts.ca.gov/forms-filing/local-rules-court,CA,state,all,Group: CA Superior Courts
San Francisco - Home Page,https://sf.courts.ca.gov/,CA,state,all,Group: CA Superior Courts
San Francisco - Local Rules,https://sf.courts.ca.gov/general-information/san-francisco-local-rules-court,CA,state,all,Group: CA Superior Courts
San Diego - Home Page,https://www.sdcourt.ca.gov/,CA,state,all,Group: CA Superior Courts
San Diego - Local Rules,https://www.sdcourt.ca.gov/sdcourt/generalinformation/localrulesofcourt,CA,state,all,Group: CA Superior Courts
San Luis Obispo - Home Page,https://www.slo.courts.ca.gov/,CA,state,all,Group: CA Superior Courts
San Luis Obispo - Local Rules,https://www.slo.courts.ca.gov/forms-filing/local-rules,CA,state,all,Group: CA Superior Courts
San Mateo - Home Page,https://sanmateo.courts.ca.gov/,CA,state,all,Group: CA Superior Courts
Santa Barbara - Home Page,https://www.santabarbara.courts.ca.gov/,CA,state,all,Group: CA Superior Courts
Santa Barbara - Local Rules,https://www.santabarbara.courts.ca.gov/forms-filing/local-rules,CA,state,all,Group: CA Superior Courts
Santa Barbara - Proposed Local Rules,https://www.santabarbara.courts.ca.gov/forms-filing/local-rules/proposed-local-rulesforms,CA,state,all,Group: CA Superior Courts
Santa Clara - Home Page,https://santaclara.courts.ca.gov/,CA,state,all,Group: CA Superior Courts
Santa Clara - Local Rules,https://santaclara.courts.ca.gov/general-information/local-rules-court,CA,state,all,Group: CA Superior Courts
Santa Cruz - Home Page,https://www.santacruz.courts.ca.gov/,CA,state,all,Group: CA Superior Courts
Santa Cruz - Local Rules,https://www.santacruz.courts.ca.gov/forms-filing/local-rules,CA,state,all,Group: CA Superior Courts
Shasta - Home Page,https://shasta.courts.ca.gov/,CA,state,all,Group: CA Superior Courts
Shasta - Local Rules,https://shasta.courts.ca.gov/general-information/local-rules-court,CA,state,all,Group: CA Superior Courts
Sierra - Home Page,https://www.sierra.courts.ca.gov/,CA,state,all,Group: CA Superior Courts
Sierra - Local Rules,https://www.sierra.courts.ca.gov/forms-filing,CA,state,all,Group: CA Superior Courts
Siskiyou - Home Page,https://www.siskiyou.courts.ca.gov/,CA,state,all,Group: CA Superior Courts
Siskiyou - Local Rules,https://www.siskiyou.courts.ca.gov/general-information/local-rules-standing-orders,CA,state,all,Group: CA Superior Courts
Solano - Home Page,https://solano.courts.ca.gov/,CA,state,all,Group: CA Superior Courts
Solano - Local Rules,https://solano.courts.ca.gov/general-information/local-rules-court,CA,state,all,Group: CA Superior Courts
Sonoma - Home Page,https://sonoma.courts.ca.gov/,CA,state,all,Group: CA Superior Courts
Sonoma - Local Rules,https://sonoma.courts.ca.gov/general-information/local-rules,CA,state,all,Group: CA Superior Courts
Stanislaus - Home Page,https://www.stanislaus.courts.ca.gov/,CA,state,all,Group: CA Superior Courts
Stanislaus - Local Rules,https://www.stanislaus.courts.ca.gov/general-information/local-rules-fee-and-bail-schedules,CA,state,all,Group: CA Superior Courts
Sutter - Home Page,https://www.sutter.courts.ca.gov/,CA,state,all,Group: CA Superior Courts
Sutter - Local Rules,https://www.sutter.courts.ca.gov/general-information/local-rules-court,CA,state,all,Group: CA Superior Courts
Tehama - Home Page,https://www.tehama.courts.ca.gov/,CA,state,all,Group: CA Superior Courts
Tehama - Local Rules,https://www.tehama.courts.ca.gov/general-information/local-rules,CA,state,all,Group: CA Superior Courts
Trinity - Home Page,https://www.trinity.courts.ca.gov/,CA,state,all,Group: CA Superior Courts
Trinity - Local Rules,https://www.trinity.courts.ca.gov/general-information/local-rules,CA,state,all,Group: CA Superior Courts
Tulare - Home Page,https://www.tulare.courts.ca.gov/,CA,state,all,Group: CA Superior Courts
Tulare - Local Rules,https://www.tulare.courts.ca.gov/forms-filing,CA,state,all,Group: CA Superior Courts
Tuolumne - Home Page,https://www.tuolumne.courts.ca.gov/,CA,state,all,Group: CA Superior Courts
Tuolumne - Local Rules,https://www.tuolumne.courts.ca.gov/forms-filing/local-rules,CA,state,all,Group: CA Superior Courts
Ventura - Home Page,https://ventura.courts.ca.gov/,CA,state,all,Group: CA Superior Courts
Ventura - Local Rules,https://ventura.courts.ca.gov/general-information/local-rules-court,CA,state,all,Group: CA Superior Courts
Yolo - Home Page,https://www.yolo.courts.ca.gov/,CA,state,all,Group: CA Superior Courts
Yolo - Local Rules,https://www.yolo.courts.ca.gov/general-information/local-rules-news-notices-orders-and-policies,CA,state,all,Group: CA Superior Courts
Yuba - Home Page,https://www.yuba.courts.ca.gov/,CA,state,all,Group: CA Superior Courts
Yuba - Local Rules,https://www.yuba.courts.ca.gov/general-information/local-rules-court-superior-court-california-county-yuba,CA,state,all,Group: CA Superior Courts
Superior Courts - Local Rules,https://courts.ca.gov/forms-rules/rules-court/local-rules,CA,state,all,Group: CA Superior Courts
Calaveras - General Orders,https://www.calaveras.courts.ca.gov/general-orders,CA,state,all,Group: CA Superior Courts
El Dorado - Standing Orders,https://www.eldorado.courts.ca.gov/general-information/standing-orders,CA,state,all,Group: CA Superior Courts
Supreme Court - Home Page,https://www.coloradojudicial.gov/supreme-court,CO,appellate,all,Group: CO Appellate Courts
Court of Appeals - Home Page,https://www.coloradojudicial.gov/court-appeals,CO,appellate,all,Group: CO Appellate Courts
Adopted/Proposed Rule Changes,https://www.coloradojudicial.gov/supreme-court/adopted-proposed-rule-changes,CO,appellate,all,Group: CO Appellate Courts
Home Page,https://www.coloradojudicial.gov/water-courts,CO,state,all,Group: CO Water Courts
Division 2 - Home Page,https://www.coloradojudicial.gov/water-courts/division-2,CO,state,all,Group: CO Water Courts
Division 2 - Administrative Order (PDF),https://www.coloradojudicial.gov/sites/default/files/2023-06/Water%20Division%202%20Administrative%20Order%20Amended%20March%202019.pdf,CO,state,all,Group: CO Water Courts
Division 1 - Home Page,https://www.coloradojudicial.gov/water-courts/division-1?topic=153&wrapped=true,CO,state,all,Group: CO Water Courts
Division 1 - Court Policies (PDF),https://www.coloradojudicial.gov/sites/default/files/2024-06/2023_9_8%2023CW1%20-%20Revised%20Division%201%20Water%20Court%20Policies.pdf,CO,state,all,Group: CO Water Courts
Court of Appeals - Division One (Home Page),https://coa1.azcourts.gov/,AZ,appellate,all,Group: AZ Appellate Courts
Court of Appeals - Division Two (Home Page),https://www.appeals2.az.gov/ODSPlus/apl2.cfm,AZ,appellate,all,Group: AZ Appellate Courts
Supreme Court - Home Page,https://www.azcourts.gov/AZSupremeCourt,AZ,appellate,all,Group: AZ Appellate Courts
Rules of Appellate Procedure,https://govt.westlaw.com/azrules/Browse/Home/Arizona/ArizonaCourtRules/ArizonaStatutesCourtRules?guid=N0854C3F0715611DAA16E8D4AC7636430&transitionType=CategoryPageItem&contextData=(sc.Default),AZ,appellate,all,Group: AZ Appellate Courts
Rules of the Supreme Court,https://govt.westlaw.com/azrules/Browse/Home/Arizona/ArizonaCourtRules/ArizonaStatutesCourtRules?guid=N96EE7620715511DAA16E8D4AC7636430&transitionType=CategoryPageItem&contextData=(sc.Default),AZ,appellate,all,Group: AZ Appellate Courts
Georgia Judicial Branch,https://georgiacourts.gov/,GA,state,all,Group: GA State
Home Page,https://www.illinoiscourts.gov/courts/circuit-court/,IL,appellate,all,Group: IL Circuit Courts
Cook - Home Page (News),https://www.cookcountycourtil.gov/,IL,state,all,Group: IL Circuit Courts
Cook - Local Rules,https://www.cookcountycourtil.gov/about/circuit-court-rules,IL,appellate,all,Group: IL Circuit Courts
Cook - Holiday Schedule,https://www.cookcountycourtil.gov/about/legal-court-holidays,IL,state,all,Group: IL Circuit Courts
Illinois Judicial Branch,https://www.illinois.gov/government/judicial-branch.html,IL,state,all,Group: IL State
Illinois General Assembly,https://www.ilga.gov/,IL,state,all,Group: IL State
Illinois Compiled Statutes,https://www.ilga.gov/Legislation/ILCS/Chapters,IL,state,all,Group: IL State
Holiday Schedule,https://www.illinoiscourts.gov/courts/additional-resources/holidays-and-closings/,IL,state,all,Group: IL State
Illinois Courts,https://www.illinoiscourts.gov/,IL,state,all,Group: IL State
Supreme Court - Home Page,https://www.illinoiscourts.gov/courts/supreme-court/,IL,appellate,all,Group: IL Appellate Courts
Court of Appeals - Home Page,https://www.illinoiscourts.gov/courts/appellate-court/,IL,appellate,all,Group: IL Appellate Courts
Rules of Appellate Procedure,https://www.illinoiscourts.gov/courts/appellate-court/appellate-court-local-rules/,IL,appellate,all,Group: IL Appellate Courts
Rules of the Supreme Court,https://www.illinoiscourts.gov/rules-law/supreme-court-rules/,IL,appellate,all,Group: IL Appellate Courts
Indiana Judicial Branch,https://www.in.gov/courts/,IN,state,all,Group: IN State
Holiday Schedule,https://www.in.gov/courts/holidays/,IN,state,all,Group: IN State
Orders Amending Rules,https://www.in.gov/courts/public-records/orders/rules/,IN,state,all,Group: IN State
Rules of Court,https://www.in.gov/courts/publications/rules/,IN,state,all,Group: IN State
Circuit Courts - Directory,https://www.in.gov/courts/directory/,IN,state,all,Group: IN Circuit Courts
Hamilton - Home Page,https://www.in.gov/courts/local/hamilton-county/,IN,state,all,Group: IN Circuit Courts
Hamilton - Local Rules (PDF),https://www.in.gov/courts/files/hamilton-local-rules.pdf,IN,state,all,Group: IN Circuit Courts
Iowa Judicial Branch,https://www.iowacourts.gov/,IA,state,all,Group: IA State
Iowa Legislature,https://www.legis.iowa.gov/,IA,state,all,Group: IA State
Rules of Court,https://www.legis.iowa.gov/law/courtRules/courtRulesListings,IA,state,all,Group: IA State
Department of Administrative Services,https://das.iowa.gov/,IA,state,all,Group: IA State
Holiday Schedule,https://das.iowa.gov/state-employees/state-accounting/centralized-payroll/state-holidays,IA,state,all,Group: IA State
Circuit Courts - Directory,https://www.kycourts.gov/Courts/Circuit-Court/Pages/default.aspx,KY,appellate,all,Group: KY Circuit Courts
Jefferson - Local Rules,https://www.kycourts.gov/Courts/Pages/Rules-of-Practice.aspx,KY,state,all,Group: KY Circuit Courts
Jefferson - Local Rules (PDF),https://www.kycourts.gov/Courts/Rules%20of%20Practice/C30LOCALRULES.pdf,KY,state,all,Group: KY Circuit Courts
Louisiana Judicial Branch,https://www.louisiana.gov/government/judicial-branch/,LA,state,all,Group: LA State
Louisiana Clerks of Courts Association,https://www.laclerksofcourt.org/,LA,state,all,Group: LA State
Holiday Schedule,https://www.laclerksofcourt.org/holidays,LA,state,all,Group: LA State
Home Page,https://www.louisiana.gov/government/judicial-branch/,LA,appellate,all,Group: LA Appellate Courts
Supreme Court - Home Page,https://www.lasc.org/,LA,appellate,all,Group: LA Appellate Courts
Supreme Court - News,https://www.lasc.org/CourtNews/,LA,appellate,all,Group: LA Appellate Courts
Rules of the Supreme Court,https://www.lasc.org/SupremeCourtRules,LA,appellate,all,Group: LA Appellate Courts
Court of Appeals - First Circuit,https://www.la-fcca.org/,LA,appellate,all,Group: LA Appellate Courts
Rules of Appellate Procedure - First Circuit (PDF),https://cdnsm5-hosted2.civiclive.com/UserFiles/Servers/Server_161501/File/Clerks%20Office/First%20Circuit%20Local%20Rules/revised%20local%20rules.pdf,LA,appellate,all,Group: LA Appellate Courts
Court of Appeals - Home Page,https://www.courts.michigan.gov/courts/court-of-appeals/,MI,appellate,all,Group: MI Appellate Courts
Supreme Court - Home Page,https://www.courts.michigan.gov/courts/supreme-court/,MI,appellate,all,Group: MI Appellate Courts
Rules of Appellate Procedure,https://www.courts.michigan.gov/siteassets/rules-instructions-administrative-orders/michigan-court-rules/court-rules-book-ch-7-responsive-html5.zip/index.html,MI,appellate,all,Group: MI Appellate Courts
Proposed Rules/Amendments (Appellate Procedure),https://www.courts.michigan.gov/rules-administrative-orders-and-jury-instructions/proposed-adopted/michigan-court-rules/chapter-7-appellate-rules/,MI,appellate,all,Group: MI Appellate Courts
Nebraska Judicial Branch,https://nebraskajudicial.gov/,NE,state,all,Group: NE State
Holiday Schedule,https://nebraskajudicial.gov/personnel-and-miscellaneous-rules/nebraska-judicial-branch-personnel-policies-and-procedures-manual/26-authorized-leave/holidays,NE,state,all,Group: NE State
Court of Appeals - Home Page,https://nebraskajudicial.gov/courts/court-appeals,NE,appellate,all,Group: NE Appellate Courts
Rules of the Supreme Court,https://nebraskajudicial.gov/supreme-court-rules,NE,appellate,all,Group: NE Appellate Courts
Home Page (News),https://nvcourts.gov/supreme,NV,appellate,all,Group: NV Appellate Courts
Rules of Appellate Procedure,https://nvcourts.gov/nevada_court_rules/nevada_appellate_court_rules2/nevada_rules_of_appellate_procedure,NV,appellate,all,Group: NV Appellate Courts
District Courts - Directory,https://nvcourts.gov/find_a_court/district_courts,NV,state,all,Group: NV District Courts
Clark - Home Page,https://www.clarkcountycourts.us/,NV,state,all,Group: NV District Courts
Clark - Local Rules,https://www.clarkcountycourts.us/general/court-rules-and-administrative-orders/,NV,state,all,Group: NV District Courts
Clark - Holiday Schedule,https://www.clarkcountycourts.us/general/holidays/,NV,state,all,Group: NV District Courts
Washoe - Home Page,https://www.washoecourts.com/,NV,state,all,Group: NV District Courts
Washoe - Administrative Orders,https://www.washoecourts.com/AdminOrders,NV,state,all,Group: NV District Courts
Washoe - Local Rules,https://www.leg.state.nv.us/courtrules/seconddcr.html,NV,state,all,Group: NV District Courts
Nye - Home Page,https://www.nyecountynv.gov/295/District-Court,NV,state,all,Group: NV District Courts
Nye - Holiday Schedule,https://www.nyecountynv.gov/576/Holidays,NV,state,all,Group: NV District Courts
New Mexico Judicial Branch,https://nmcourts.gov/,NM,state,all,Group: NM State
New Mexico Compilation Commission,https://nmonesource.com/nmos/en/nav.do,NM,state,all,Group: NM State
Employment Laws 2026,https://www.employmentlawhandbook.com/employment-and-labor-laws/states/new-mexico/,NM,state,all,Group: NM State
Rules of Court,https://nmonesource.com/nmos/nmra/en/nav_date.do,NM,state,all,Group: NM State
Eastern District - Home Page (News),https://www.nyed.uscourts.gov/,NY,federal,all,Group: NY USDC
Eastern District - Local Rules,https://www.nyed.uscourts.gov/local-rules-search?title=&type%5B33%5D=33&__ncforminfo=FTbkWN78EjQlhbebp-RN-JYg0nl1PbJzgOXYLkiOdMyNGI5ywVNLZYf2s3pgO3DKarXyYSFKnnVYOmAhzX456etsd7d_B0gigCyVbe-CBYoKNomyUJl1VnULhkRCfYiYqfTTMjzN9-5-hxyA6EA9IP8M1jlceZOEOCUqXdxWfE2UEOQCIYfWCTmkUcigWDNa4v7uFBMDe-idK2iHjESz1ZzPnByCaiSOJk5rM1VMEfhC_UXHWguHTgK1Eld4HnTFa8Vv54k_0kZOwvZJ-FzysFIcic7cZkKAUgTt4-vftmX0FMBswgUDQA3_V3E4ee02cttNJ7Z-6K9i7TXkjjLFe2LPCSqXPleD,NY,federal,all,Group: NY USDC
Eastern District - Holiday Schedule,https://www.nyed.uscourts.gov/court-hours-and-holidays,NY,federal,all,Group: NY USDC
Court of Appeals - Home Page,https://www.nycourts.gov/ctapps/index.htm,NY,appellate,all,Group: NY Appellate Courts
Court of Appeals - Rules of Practice,https://www.nycourts.gov/ctapps/500rules.htm,NY,appellate,all,Group: NY Appellate Courts
"Appellate Division, 4th Judicial Department",https://www.nycourts.gov/courts/ad4/,NY,appellate,all,Group: NY Appellate Courts
"Appellate Division, 4th Judicial Department - Rules of Practice",https://ad4.nycourts.gov/rules,NY,appellate,all,Group: NY Appellate Courts
North Carolina Judicial Branch,https://www.nccourts.gov/,NC,state,all,Group: NC State
Rules for Court Ordered Arbitration,https://www.nccourts.gov/courts/supreme-court/court-rules/rules-for-court-ordered-arbitration,NC,state,all,Group: NC State
Rules of the Dispute Resolution Commission,https://www.nccourts.gov/courts/supreme-court/court-rules/rules-of-the-dispute-resolution-commission,NC,state,all,Group: NC State
Rules for Mediated Settlement Conferences,https://www.nccourts.gov/courts/supreme-court/court-rules/rules-for-mediated-settlement-conferences-and-other-settlement-procedures-in-superior-court-civil-actions,NC,state,all,Group: NC State
Rules of Mediation for Matters Before the Superior Court (PDF),https://www.nccourts.gov/assets/inline-files/Rules%20of%20Mediation%20for%20Matters%20Before%20the%20Clerk%20of%20Superior%20Court%20-%20Codified%2018%20June%202024.pdf?VersionId=cZgXbb6mUyc4gn4WK8Y5THC90pSvARpp,NC,state,all,Group: NC State
Business Court Rules (PDF),https://www.nccourts.gov/assets/inline-files/Business-Court-Rules-Codified-16-February-2023.pdf?VersionId=OiJZZzkNAcIBTRtd9eUvXCmCivIIfULY,NC,state,all,Group: NC State
North Carolina Industrial Commission,https://www.ic.nc.gov/,NC,state,all,Group: NC State
Holiday Schedule,https://www.ic.nc.gov/calendars.html,NC,state,all,Group: NC State
Supreme Court - Home Page,https://www.nccourts.gov/courts/supreme-court,NC,appellate,all,Group: NC Appellate Courts
Rules of Appellate Procedure,https://www.nccourts.gov/courts/supreme-court/court-rules/north-carolina-rules-of-appellate-procedure,NC,appellate,all,Group: NC Appellate Courts
Supreme Court - Home Page,https://www.ndcourts.gov/supreme-court,ND,appellate,all,Group: ND Appellate Courts
Courts of Common Pleas - Home Page,https://www.supremecourt.ohio.gov/courts/judicial-system/judicial-system-structure/,OH,appellate,all,Group: OH Courts of Common Pleas
Union - Local Rules,https://www.unioncountyohio.gov/localrules,OH,state,all,Group: OH Courts of Common Pleas
Union - Holiday Schedule,https://www.unioncountyohio.gov/ScheduledClosures,OH,state,all,Group: OH Courts of Common Pleas
Union - Home Page,https://www.unioncountyohio.gov/,OH,state,all,Group: OH Courts of Common Pleas
Tulsa - Home Page,https://www.tulsacountydistrictcourt.org/,OK,state,all,Group: OK District Courts
Tulsa - Local Rules,https://www.tulsacountydistrictcourt.org/localrules.html,OK,state,all,Group: OK District Courts
Oklahoma - Home Page,https://www.oklahomacounty.org/,OK,state,all,Group: OK District Courts
Oklahoma/Canadian - Local Rules (PDF),https://www.oklahomacounty.org/Portals/0/Oklahoma%20and%20Canadian%20County%20Local%20Court%20Rules%20as%20adopted%208-21-25.pdf,OK,state,all,Group: OK District Courts
Oregon Judicial Branch,https://www.courts.oregon.gov/Pages/default.aspx,OR,state,all,Group: OR State
Oregon Legislature,https://www.oregonlegislature.gov/,OR,state,all,Group: OR State
Uniform Trial Court Rules,https://www.courts.oregon.gov/programs/utcr/Pages/currentrules.aspx,OR,state,all,Group: OR State
Holiday Schedule,https://www.courts.oregon.gov/about/pages/holidays.aspx,OR,state,all,Group: OR State
Rules of Civil Procedure,https://www.oregonlegislature.gov/bills_laws/Pages/orcp.aspx,OR,state,all,Group: OR State
Appellate Courts - Home Page,https://www.courts.oregon.gov/courts/appellate/Pages/default.aspx,OR,appellate,all,Group: OR Appellate Courts
Rules of Appellate Procedure,https://www.courts.oregon.gov/courts/appellate/rules/Pages/orap.aspx,OR,appellate,all,Group: OR Appellate Courts
Judicial Districts - Directory,https://www.pacourts.us/courts/courts-of-common-pleas/judicial-districts,PA,state,all,Group: PA Judicial Districts
Philadelphia - 1st Judicial District Home Page,https://www.courts.phila.gov/,PA,state,all,Group: PA Judicial Districts
Philadelphia - 1st Judicial District Holiday Schedule,https://www.courts.phila.gov/holidays/,PA,state,all,Group: PA Judicial Districts
Philadelphia - 1st Judicial District Local Rules,https://www.courts.phila.gov/localrules/,PA,state,all,Group: PA Judicial Districts
Philadelphia - 1st Judicial District News,https://www.courts.phila.gov/news/,PA,state,all,Group: PA Judicial Districts
Supreme Court - Home Page,https://www.courts.ri.gov/Courts/SupremeCourt/Pages/default.aspx,RI,appellate,all,Group: RI Appellate Courts
Supreme Court Rules,https://www.courts.ri.gov/Courts/SupremeCourt/Pages/Supreme%20Court%20Rules.aspx,RI,appellate,all,Group: RI Appellate Courts
Supreme Court - Home Page,https://www.utcourts.gov/en/courts/court-types/appellate-courts/sup.html,UT,appellate,all,Group: UT Appellate Courts
Supreme Court Standing Orders,https://legacy.utcourts.gov/rules/urap-scso.php,UT,appellate,all,Group: UT Appellate Courts
Washington Judicial Branch,https://www.courts.wa.gov/,WA,state,all,Group: WA State
Rule-Related Court Orders,https://www.courts.wa.gov/court_rules/?fa=court_rules.ruleorderpage,WA,state,all,Group: WA State
Archive Rule History,https://www.courts.wa.gov/court_rules/?fa=court_rules.archivelist,WA,state,all,Group: WA State
District Courts Judicial Directory,https://www.txcourts.gov/judicial-directory/court-jurisdiction-maps/,TX,state,all,Group: TX District Courts
Angelina - Home Page,https://www.angelinacounty.net/,TX,state,all,Group: TX District Courts
Angelina - Local Rules,https://www.angelinacounty.net/districtcourt159/,TX,state,all,Group: TX District Courts
Austin - Home Page,https://www.austincounty.com/page/austin.Home,TX,state,all,Group: TX District Courts
Austin - Holiday Schedule,https://www.austincounty.com/page/austin.HolidayCalendar,TX,state,all,Group: TX District Courts
Bailey - Home Page,https://www.co.bailey.tx.us/,TX,state,all,Group: TX District Courts
Bell - Home Page,https://www.bellcountytx.com/,TX,state,all,Group: TX District Courts
Bell - Local Rules (PDF),https://topics.txcourts.gov/LocalRulesPublic/PreviewAttachment/1286,TX,state,all,Group: TX District Courts
Aransas - Home Page,https://www.aransascountytx.gov/main/,TX,state,all,Group: TX District Courts
Aransas - Holiday Schedule,https://www.aransascountytx.gov/main/calendars.php,TX,state,all,Group: TX District Courts
Brazos - Home Page,https://www.brazoscountytx.gov/,TX,state,all,Group: TX District Courts
Brazos - Holiday Schedule,https://www.brazoscountytx.gov/318/County-Holidays,TX,state,all,Group: TX District Courts
Brewster - Home Page,https://www.brewstercounty.gov/,TX,state,all,Group: TX District Courts
Brown - Home Page,https://www.browncountytx.gov/,TX,state,all,Group: TX District Courts
Caldwell - Home Page,https://www.co.caldwell.tx.us/,TX,state,all,Group: TX District Courts
Camp - Home Page,https://www.co.camp.tx.us/,TX,state,all,Group: TX District Courts
Camp - Holiday Schedule,https://www.co.camp.tx.us/page/camp.County.News,TX,state,all,Group: TX District Courts
Colorado - Home Page,https://www.co.colorado.tx.us/,TX,state,all,Group: TX District Courts
Colorado - Holiday Schedule,https://www.co.colorado.tx.us/page/colorado.Holiday.Schedule,TX,state,all,Group: TX District Courts
Colorado - Local Rules (PDF),https://topics.txcourts.gov/LocalRulesPublic/PreviewAttachment/2012,TX,state,all,Group: TX District Courts
Coleman - Home Page,https://www.co.coleman.tx.us/,TX,state,all,Group: TX District Courts
Coleman - Holiday Schedule,https://www.co.coleman.tx.us/page/coleman.Holidays,TX,state,all,Group: TX District Courts
Coryell - Home Page,https://www.coryellcounty.org/,TX,state,all,Group: TX District Courts
Coryell - Holiday Schedule,https://www.coryellcounty.org/page/coryell.Holiday,TX,state,all,Group: TX District Courts
Dallas - Home Page,https://www.dallascounty.org/,TX,state,all,Group: TX District Courts
Dallas - Local Civil Rules (PDF),https://www.dallascounty.org/Assets/uploads/docs/district-clerk/Local-Rules-for-Civil-District-Courts-With-Appendixes-Included.pdf,TX,state,all,Group: TX District Courts
Dallas - Local Family Rules (PDF),https://www.dallascounty.org/Assets/uploads/docs/district-clerk/familyrules.pdf,TX,state,all,Group: TX District Courts
Fayette - Home Page,https://www.co.fayette.tx.us/,TX,state,all,Group: TX District Courts
Fayette - Holiday Schedule (PDF),https://www.co.fayette.tx.us/upload/page/1714/docs/signed%202026%20Amended%20Holiday%20Schedule.pdf,TX,state,all,Group: TX District Courts
Fannin - Home Page,https://www.co.fannin.tx.us/,TX,state,all,Group: TX District Courts
Fannin - Holiday Schedule,https://www.co.fannin.tx.us/page/fannin.County.Calendars,TX,state,all,Group: TX District Courts
Fisher - Home Page,https://www.fishercounty.org/,TX,state,all,Group: TX District Courts
Fisher - Holiday Schedule (PDF),https://www.fishercounty.org/upload/page/7774/docs/INFORMATION/FISHER%20COUNTY%20Holidays%202026.pdf,TX,state,all,Group: TX District Courts
Floyd - Home Page,https://www.co.floyd.tx.us/,TX,state,all,Group: TX District Courts
Franklin - Home Page,https://www.co.franklin.tx.us/,TX,state,all,Group: TX District Courts
Franklin - Holiday Schedule,https://www.co.franklin.tx.us/page/franklin.Holidays,TX,state,all,Group: TX District Courts
Garza - Home Page,https://www.garzacounty.gov/,TX,state,all,Group: TX District Courts
Garza - Holiday Schedule,https://www.garzacounty.gov/page/calendar.holidays,TX,state,all,Group: TX District Courts
Gray - Home Page,https://www.co.gray.tx.us/,TX,state,all,Group: TX District Courts
Grimes - Home Page,https://grimescountytexas.gov/,TX,state,all,Group: TX District Courts
Grimes - Holiday Schedule,https://grimescountytexas.gov/county-holidays,TX,state,all,Group: TX District Courts
Hansford - Home Page,https://www.co.hansford.tx.us/,TX,state,all,Group: TX District Courts
Harris - Home Page,https://www.justex.net/,TX,state,all,Group: TX District Courts
Harris - Local Civil Rules,https://www.justex.net/info/21/8,TX,state,all,Group: TX District Courts
Harris - Local Family Rules,https://www.justex.net/info/21/9,TX,state,all,Group: TX District Courts
Haskell - Home Page,https://www.haskellcountytx.gov/,TX,state,all,Group: TX District Courts
Hemphill - Home Page,https://www.co.hemphill.tx.us/,TX,state,all,Group: TX District Courts
Hill - Home Page,https://www.co.hill.tx.us/,TX,state,all,Group: TX District Courts
Hill - Holiday Schedule,https://www.co.hill.tx.us/page/hill.Bulletin,TX,state,all,Group: TX District Courts
Hopkins - Home Page,http://hopkinscountytx.org/,TX,state,all,Group: TX District Courts
Irion- Home Page,https://www.co.irion.tx.us/,TX,state,all,Group: TX District Courts
Jackson - Home Page,https://www.co.jackson.tx.us/,TX,state,all,Group: TX District Courts
Jeff - Home Page,https://www.jeffdaviscounty.texas.gov/,TX,state,all,Group: TX District Courts
Jim Hogg - Home Page,https://www.co.jim-hogg.tx.us/,TX,state,all,Group: TX District Courts
Jones - Home Page,https://www.co.jones.tx.us/,TX,state,all,Group: TX District Courts
Jones - Holiday Schedule (PDF),https://www.co.jones.tx.us/upload/page/1299/holidays%202026_20251105164038.pdf,TX,state,all,Group: TX District Courts
Johnson - Home Page,https://www.johnsoncountytx.org/,TX,state,all,Group: TX District Courts
Lamar - Home Page,https://www.lamarcountytx.gov/,TX,state,all,Group: TX District Courts
Lamar - Holiday Schedule,https://www.lamarcountytx.gov/Archive.aspx?AMID=39,TX,state,all,Group: TX District Courts
Lamb - Home Page,https://www.co.lamb.tx.us/,TX,state,all,Group: TX District Courts
Lamb - Holiday Schedule (PDF),https://www.co.lamb.tx.us/upload/page/5005/docs/2026%20Holiday%20Schedule.pdf,TX,state,all,Group: TX District Courts
Lee - Home Page,https://www.co.lee.tx.us/,TX,state,all,Group: TX District Courts
Lee - Holiday Schedule,https://www.co.lee.tx.us/page/CountyHolidaySchedule,TX,state,all,Group: TX District Courts
Loving - Home Page,https://www.co.loving.tx.us/,TX,state,all,Group: TX District Courts
Menard - Home Page,https://www.co.menard.tx.us/,TX,state,all,Group: TX District Courts
Menard - Holiday Schedule,https://www.co.menard.tx.us/page/menard.CountyHolidays,TX,state,all,Group: TX District Courts
Mills - Home Page,https://www.millscountytx.gov/,TX,state,all,Group: TX District Courts
Mills - Holiday Schedule,https://www.millscountytx.gov/page/mills.Holidays,TX,state,all,Group: TX District Courts
Runnels - Home Page,https://www.runnelscounty.org/,TX,state,all,Group: TX District Courts
Runnels - Holiday Schedule,https://www.runnelscounty.org/page/runnels.holidays,TX,state,all,Group: TX District Courts
Sherman - Home Page,https://www.co.sherman.tx.us/,TX,state,all,Group: TX District Courts
Sherman - Holiday Schedule,https://www.co.sherman.tx.us/page/sherman.Holiday,TX,state,all,Group: TX District Courts
Smith - Home Page,https://www.smith-county.com/,TX,state,all,Group: TX District Courts
Smith - Holiday Schedule,https://www.smith-county.com/175/County-Calendar-Holiday-Schedule,TX,state,all,Group: TX District Courts
Stonewall - Home Page,https://www.stonewallcounty.org/,TX,state,all,Group: TX District Courts
Tarrant - Home Page,https://www.tarrantcountytx.gov/en.html,TX,state,all,Group: TX District Courts
Tarrant - Local Rules,https://www.tarrantcountytx.gov/en/district-clerk/about-us/rules/local-rules-of-the-courts.html,TX,state,all,Group: TX District Courts
Tarrant - Holiday Schedule,https://www.tarrantcountytx.gov/en/calendar.html,TX,state,all,Group: TX District Courts
Tom Green - Home Page,https://www.tomgreencountytx.gov/,TX,state,all,Group: TX District Courts
Tom Green - Holiday Schedule,https://www.tomgreencountytx.gov/page/ct.Holidays,TX,state,all,Group: TX District Courts
Wilson - Home Page,https://www.co.wilson.tx.us/,TX,state,all,Group: TX District Courts
Wilson - Holiday Schedule,https://www.co.wilson.tx.us/page/wilson.Holidays,TX,state,all,Group: TX District Courts
Texas Judicial Branch,https://www.txcourts.gov/,TX,state,all,Group: TX State
Statewide Rules,https://www.txcourts.gov/rules-forms/rules-standards/,TX,state,all,Group: TX State
Rule Advisories,https://www.txcourts.gov/supreme/administrative-orders/rules-advisories/,TX,state,all,Group: TX State
Texas Constitutions and Statutes,https://statutes.capitol.texas.gov/,TX,state,all,Group: TX State
Holiday Schedule,https://statutes.capitol.texas.gov/?tab=1&code=GV&chapter=GV.662&artSec=,TX,state,all,Group: TX State
Circuit Courts - Map,https://www.flcourts.gov/Courts-System/court-structure/trial-courts-circuit,FL,appellate,all,Group: FL Circuit Courts
1st Judicial Circuit - Home Page,https://www.firstjudicialcircuit.org/,FL,appellate,all,Group: FL Circuit Courts
4th Judicial Circuit - Home Page,https://www.jud4.org/,FL,state,all,Group: FL Circuit Courts
6th Judicial Circuit - Home Page,https://www.jud6.org/,FL,state,all,Group: FL Circuit Courts
6th Judicial Circuit - Local Rules,https://www.jud6.org/LegalCommunity/LocalRules.html,FL,state,all,Group: FL Circuit Courts
7th Judicial Circuit - Home Page,https://circuit7.org/,FL,appellate,all,Group: FL Circuit Courts
7th Judicial Circuit - Administrative Orders,https://circuit7.org/administrative-orders/,FL,appellate,all,Group: FL Circuit Courts
7th Judicial Circuit - Holiday Schedule,https://circuit7.org/courthouse-hours-and-holidays/,FL,appellate,all,Group: FL Circuit Courts
9th Judicial Circuit - Home Page,https://ninthcircuit.org/,FL,appellate,all,Group: FL Circuit Courts
9th Judicial Circuit - Administrative Orders,https://ninthcircuit.org/resources/admin-orders,FL,appellate,all,Group: FL Circuit Courts
9th Judicial Circuit - Holiday Schedule,https://ninthcircuit.org/about/court-holidays,FL,appellate,all,Group: FL Circuit Courts
10th Judicial Circuit - Home Page,https://www.jud10.flcourts.org/,FL,state,all,Group: FL Circuit Courts
10th Judicial Circuit - Administrative Orders (Division 1),https://www.jud10.flcourts.org/admin-orders?q=administrative-orders/admin-1,FL,state,all,Group: FL Circuit Courts
10th Judicial Circuit - Administrative Orders (Division 3),https://www.jud10.flcourts.org/admin-orders?q=administrative-orders/admin-3,FL,state,all,Group: FL Circuit Courts
10th Judicial Circuit - Holiday Schedule,https://www.jud10.flcourts.org/courthouse-hours-holidays,FL,state,all,Group: FL Circuit Courts
11th Judicial Circuit - Home Page,https://www.jud11.flcourts.org/,FL,state,all,Group: FL Circuit Courts
11th Judicial Circuit - Local Rules,https://www.jud11.flcourts.org/General-Information/Local-Rules,FL,state,all,Group: FL Circuit Courts
11th Judicial Circuit - Holiday Schedule,https://www.jud11.flcourts.org/About-the-Court/Court-Holidays-Closings,FL,state,all,Group: FL Circuit Courts
13th Judicial Circuit - Home Page,https://www.fljud13.org/,FL,state,all,Group: FL Circuit Courts
13th Judicial Circuit - Local Rules,https://www.fljud13.org/AdministrativeOrders/LocalRules.aspx,FL,state,all,Group: FL Circuit Courts
13th Judicial Circuit - Holiday Schedule,https://www.fljud13.org/AboutUs/CourtHolidays.aspx,FL,state,all,Group: FL Circuit Courts
14th Judicial Circuit - Home Page,https://jud14.flcourts.org/,FL,state,all,Group: FL Circuit Courts
14th Judicial Circuit - Administrative Orders,https://jud14.flcourts.org/administrative-orders,FL,state,all,Group: FL Circuit Courts
14th Judicial Circuit - Holiday Schedule,https://jud14.flcourts.org/calendars-schedules,FL,state,all,Group: FL Circuit Courts
15th Judicial Circuit - Home Page,https://www.15thcircuit.com/,FL,appellate,all,Group: FL Circuit Courts
15th Judicial Circuit - Administrative Orders,https://www.15thcircuit.com/updated-administrative-orders,FL,appellate,all,Group: FL Circuit Courts
15th Judicial Circuit - Holiday Schedule,https://www.15thcircuit.com/court-schedule,FL,appellate,all,Group: FL Circuit Courts
16th Judicial Circuit - Home Page,https://keyscourts.net/,FL,state,all,Group: FL Circuit Courts
17th Judicial Circuit - Home Page,https://www.17th.flcourts.org/,FL,state,all,Group: FL Circuit Courts
17th Judicial Circuit - Local Rules,https://www.17th.flcourts.org/local-rules-2/,FL,state,all,Group: FL Circuit Courts
17th Judicial Circuit - Administrative Orders,https://www.17th.flcourts.org/civil-administrative-orders/,FL,state,all,Group: FL Circuit Courts
17th Judicial Circuit - Holiday Schedule,https://www.17th.flcourts.org/court-closures-2/,FL,state,all,Group: FL Circuit Courts
19th Judicial Circuit - Home Page,https://www.circuit19.org/,FL,appellate,all,Group: FL Circuit Courts
20th Judicial Circuit - Home Page,https://www.ca.cjis20.org/,FL,state,all,Group: FL Circuit Courts
20th Judicial Circuit - Administrative Orders,https://www.ca.cjis20.org/Documents/admin-orders.aspx,FL,state,all,Group: FL Circuit Courts
20th Judicial Circuit - Holiday Schedule,https://www.ca.cjis20.org/About-The-Court/Court-Schedules/,FL,state,all,Group: FL Circuit Courts
19th Judicial Circuit - Local Rules,https://www.rjslawlibrary.org/local-rules,FL,state,all,Group: FL Circuit Courts
4th Judicial Circuit - Administrative Orders,https://www.duvalclerk.gov/services/adminorders,FL,state,all,Group: FL Circuit Courts
Florida Judicial Branch,https://www.flcourts.gov/,FL,state,all,Group: FL State
The Florida Bar - Home Page,https://www.floridabar.org/,FL,state,all,Group: FL State
The Florida Bar - News,https://www.floridabar.org/news_article_section/notices/,FL,state,all,Group: FL State
The Florida Bar - Rules of Court Procedure,https://www.floridabar.org/rules/ctproc/,FL,state,all,Group: FL State
Supreme Court - Home Page (News),https://www.supremecourt.gov/,,appellate,all,Group: U.S. Supreme Court
Supreme Court - Rules and Guidance,https://www.supremecourt.gov/filingandrules/rules_guidance.aspx,,appellate,all,Group: U.S. Supreme Court
Supreme Court - Press Releases,https://www.supremecourt.gov/publicinfo/press/pressreleases.aspx,,appellate,all,Group: U.S. Supreme Court
U.S. Agencies Index,https://www.usa.gov/agency-index,,state,all,Group: U.S. Federal Agencies
Federal Aviation Administration - Home Page,https://www.faa.gov/,,state,all,Group: U.S. Federal Agencies
Office of Personnel Management - Holiday Schedule,https://www.opm.gov/policy-data-oversight/pay-leave/federal-holidays/,,state,all,Group: U.S. Federal Agencies
Office of Personnel Management - Home Page,https://www.opm.gov/,,state,all,Group: U.S. Federal Agencies
FINRA - Home Page,https://www.finra.org/,,state,all,Group: U.S. Federal Agencies
FINRA - Manual Updates,https://www.finra.org/rules-guidance/rulebooks/updates,,state,all,Group: U.S. Federal Agencies
U.S. Trustee Program - Home Page,https://www.justice.gov/ust,,state,all,Group: U.S. Federal Agencies
U.S. Tax Court - Home Page,https://www.ustaxcourt.gov/,,state,all,Group: U.S. Federal Agencies
U.S. Tax Court - Court Rules,https://www.ustaxcourt.gov/rules/,,state,all,Group: U.S. Federal Agencies
