"Parent site","Site custom name","Site status","Site folder","Page URL","Page status","Versions","Added","Crawl frequency","Last new","Response code","Last checked","Title","Custom title","Page notes","Last version","Last change"
"http://www.cod.uscourts.gov","CO USDC",monitored,"Colorado","http://www.cod.uscourts.gov/CourtOperations/RulesProcedures/LocalRules.aspx",monitored,38,2013-12-17T16:41:50Z,every day,2026-04-30T12:09:13Z,200 OK,2026-05-28T07:20:09Z,"Local Rules | US District Court of Colorado","Local Rules","","https://versionista.com/27/22014/64780615/","https://versionista.com/27/22014/64780615:0/"
"http://www.cod.uscourts.gov","CO USDC",monitored,"Colorado","http://www.cod.uscourts.gov/CourtOperations/RulesProcedures/PilotProjects.aspx",monitored,21,2013-12-17T16:42:22Z,every day,2026-05-09T11:37:15Z,200 OK,2026-05-28T00:28:00Z,"Pilot Projects | US District Court of Colorado","Pilot Projects","","https://versionista.com/27/22015/64898862/","https://versionista.com/27/22015/64898862:0/"
"http://www.cod.uscourts.gov","CO USDC",monitored,"Colorado","http://www.cod.uscourts.gov/CourtOperations/FAQs.aspx",monitored,2,2021-08-03T19:53:03Z,every day,2021-08-17T02:48:08Z,200 OK,2026-05-28T11:33:54Z,"FAQs | US District Court of Colorado","Holiday Schedule","","https://versionista.com/27/16010652/34507532/","https://versionista.com/27/16010652/34507532:0/"
"https://www.flnd.uscourts.gov","FL USDC ",monitored,"Florida","https://www.flnd.uscourts.gov/local-rules",monitored,12,2022-12-14T23:23:45Z,every day,2026-04-17T05:21:41Z,200 OK,2026-05-28T05:20:51Z,"Local Rules | Northern District of Florida | United States District Court","Northern District - Local Rules","","https://versionista.com/1241/19473448/64610695/","https://versionista.com/1241/19473448/64610695:0/"
"https://www.flnd.uscourts.gov","FL USDC ",monitored,"Florida","https://www.flnd.uscourts.gov/node/29",monitored,18,2022-12-14T23:26:06Z,every day,2026-04-17T10:33:18Z,200 OK,2026-05-28T04:42:04Z,"Holidays | Northern District of Florida | United States District Court","Northern District - Holiday Schedule","","https://versionista.com/1241/19473450/64613954/","https://versionista.com/1241/19473450/64613954:0/"
"https://www.flnd.uscourts.gov","FL USDC ",monitored,"Florida","https://www.flnd.uscourts.gov/",monitored,1,2026-05-19T21:20:54Z,every day,2026-05-19T21:24:25Z,200 OK,2026-05-28T08:03:00Z,"Northern District of Florida | United States District Court","Northern District - Home Page (News)","","https://versionista.com/1241/24105743/65029628/",
"https://www.flnd.uscourts.gov","FL USDC ",monitored,"Florida","https://www.flmd.uscourts.gov/",monitored,4,2026-05-19T21:22:30Z,every day,2026-05-28T01:42:31Z,200 OK,2026-05-28T01:42:31Z,"Middle District of Florida | United States District Court","Middle District - Home Page","","https://versionista.com/1241/24105744/65135597/","https://versionista.com/1241/24105744/65135597:0/"
"https://www.flnd.uscourts.gov","FL USDC ",monitored,"Florida","https://www.flmd.uscourts.gov/local-rules",monitored,1,2026-05-19T21:22:46Z,every day,2026-05-19T21:38:46Z,200 OK,2026-05-28T19:34:59Z,"Local Rules | Middle District of Florida | United States District Court","Middle District - Local Rules","","https://versionista.com/1241/24105745/65029805/",
"https://www.flnd.uscourts.gov","FL USDC ",monitored,"Florida","https://www.flmd.uscourts.gov/holidays",monitored,1,2026-05-19T21:23:03Z,every day,2026-05-19T21:36:05Z,200 OK,2026-05-28T08:18:02Z,"Holidays | Middle District of Florida | United States District Court","Middle District - Holiday Schedule","","https://versionista.com/1241/24105746/65029772/",
"https://www.flnd.uscourts.gov","FL USDC ",monitored,"Florida","https://www.flsd.uscourts.gov/",monitored,2,2026-05-19T21:23:56Z,every day,2026-05-28T05:37:44Z,200 OK,2026-05-28T05:37:44Z,"Southern District of Florida | United States District Court","Southern District - Home Page (News)","","https://versionista.com/1241/24105748/65138715/","https://versionista.com/1241/24105748/65138715:0/"
"https://www.flnd.uscourts.gov","FL USDC ",monitored,"Florida","https://www.flsd.uscourts.gov/local-rules-and-procedures",monitored,1,2026-05-19T21:24:10Z,every day,2026-05-19T21:27:10Z,200 OK,2026-05-28T04:43:34Z,"Local Rules and Procedures | Southern District of Florida | United States District Court","Southern District - Local Rules","","https://versionista.com/1241/24105749/65029659/",
"https://www.flnd.uscourts.gov","FL USDC ",monitored,"Florida","https://www.flsd.uscourts.gov/court-hours-holidays",monitored,1,2026-05-19T21:24:24Z,every day,2026-05-19T21:34:29Z,200 OK,2026-05-26T19:01:21Z,"Court Hours / Holidays | Southern District of Florida | United States District Court","Southern District - Holiday Schedule","","https://versionista.com/1241/24105750/65029746/",
"https://www.nyed.uscourts.gov","NY USDC - Eastern District Judges",monitored,"New York","https://www.nyed.uscourts.gov/district-judge-allyne-r-ross",monitored,1,2026-04-16T15:06:35Z,every day,2026-04-16T15:10:18Z,200 OK,2026-05-27T21:57:02Z,"District Judge Allyne R. Ross | US Courts - New York Eastern District","Judge Allyne R. Ross","","https://versionista.com/1247/24042061/64602151/",
"https://www.nyed.uscourts.gov","NY USDC - Eastern District Judges",monitored,"New York","https://www.nyed.uscourts.gov/district-judge-ann-m-donnelly",monitored,1,2026-04-16T15:12:58Z,every day,2026-04-16T15:14:32Z,200 OK,2026-05-27T20:24:39Z,"District Judge Ann M. Donnelly | US Courts - New York Eastern District","Judge Ann M. Donnelly","","https://versionista.com/1247/24042069/64602191/",
"https://www.nyed.uscourts.gov","NY USDC - Eastern District Judges",monitored,"New York","https://www.nyed.uscourts.gov/district-judge-brian-m-cogan",monitored,1,2026-04-16T15:29:59Z,every day,2026-04-16T15:32:27Z,200 OK,2026-05-27T16:25:35Z,"District Judge Brian M. Cogan | US Courts - New York Eastern District","Judge Brian M. Cogan","","https://versionista.com/1247/24042088/64602355/",
"https://www.nyed.uscourts.gov","NY USDC - Eastern District Judges",monitored,"New York","https://www.nyed.uscourts.gov/district-judge-carol-bagley-amon",monitored,1,2026-04-16T15:35:46Z,every day,2026-04-16T15:37:08Z,200 OK,2026-05-27T14:38:16Z,"District Judge Carol Bagley Amon | US Courts - New York Eastern District","Judge Carol Bagley Amon","","https://versionista.com/1247/24042091/64602387/",
"https://www.nyed.uscourts.gov","NY USDC - Eastern District Judges",monitored,"New York","https://www.nyed.uscourts.gov/district-judge-dora-l-irizarry",monitored,1,2026-04-16T15:47:29Z,every day,2026-04-16T15:59:26Z,200 OK,2026-05-28T06:55:27Z,"District Judge Dora L. Irizarry | US Courts - New York Eastern District","Judge Dora L. Irizarry","","https://versionista.com/1247/24042092/64602547/",
"https://www.nyed.uscourts.gov","NY USDC - Eastern District Judges",monitored,"New York","https://www.nyed.uscourts.gov/district-judge-eric-n-vitaliano",monitored,1,2026-04-16T15:56:17Z,every day,2026-04-16T15:56:47Z,200 OK,2026-05-28T00:20:25Z,"District Judge Eric N. Vitaliano | US Courts - New York Eastern District","Judge Eric N. Vitaliano","","https://versionista.com/1247/24042097/64602530/",
"https://www.nyed.uscourts.gov","NY USDC - Eastern District Judges",monitored,"New York","https://www.nyed.uscourts.gov/district-judge-eric-r-komitee",monitored,1,2026-04-16T16:14:17Z,every day,2026-04-16T16:21:19Z,200 OK,2026-05-27T16:34:53Z,"District Judge Eric R. Komitee | US Courts - New York Eastern District","Judge Eric R. Komitee","","https://versionista.com/1247/24042106/64602723/",
"https://www.nyed.uscourts.gov","NY USDC - Eastern District Judges",monitored,"New York","https://www.nyed.uscourts.gov/district-judge-frederic-block",monitored,1,2026-04-16T16:46:44Z,every day,2026-04-16T16:51:40Z,200 OK,2026-05-26T08:21:19Z,"District Judge Frederic Block | US Courts - New York Eastern District","Judge Frederic Block","","https://versionista.com/1247/24042111/64602885/",
"https://www.nyed.uscourts.gov","NY USDC - Eastern District Judges",monitored,"New York","https://www.nyed.uscourts.gov/district-judge-gary-r-brown",monitored,1,2026-04-16T17:02:18Z,every day,2026-04-16T17:08:07Z,200 OK,2026-05-28T12:21:24Z,"District Judge Gary R. Brown | US Courts - New York Eastern District","Judge Gary R. Brown","","https://versionista.com/1247/24042117/64602967/",
"https://www.nyed.uscourts.gov","NY USDC - Eastern District Judges",monitored,"New York","https://www.nyed.uscourts.gov/district-judge-hector-gonzalez",monitored,1,2026-04-16T17:27:31Z,every day,2026-04-16T17:32:39Z,200 OK,2026-05-27T01:58:58Z,"District Judge Hector Gonzalez | US Courts - New York Eastern District","Judge Hector Gonzalez","","https://versionista.com/1247/24042126/64603074/",
"https://www.nyed.uscourts.gov","NY USDC - Eastern District Judges",monitored,"New York","https://www.nyed.uscourts.gov/district-judge-i-leo-glasser",monitored,1,2026-04-16T19:26:12Z,every day,2026-04-16T19:36:12Z,200 OK,2026-05-28T15:17:02Z,"District Judge I. Leo Glasser | US Courts - New York Eastern District","Judge I. Leo Glasser","","https://versionista.com/1247/24042206/64603762/",
"https://www.nyed.uscourts.gov","NY USDC - Eastern District Judges",monitored,"New York","https://www.nyed.uscourts.gov/district-judge-joan-m-azrack",monitored,1,2026-04-16T19:30:41Z,every day,2026-04-16T19:31:37Z,200 OK,2026-05-28T17:06:46Z,"District Judge Joan M. Azrack | US Courts - New York Eastern District","Judge Joan M. Azrack","","https://versionista.com/1247/24042207/64603742/",
"https://www.nyed.uscourts.gov","NY USDC - Eastern District Judges",monitored,"New York","https://www.nyed.uscourts.gov/district-judge-joanna-seybert",monitored,1,2026-04-16T20:07:16Z,every day,2026-04-16T20:09:02Z,200 OK,2026-05-27T06:40:24Z,"District Judge Joanna Seybert | US Courts - New York Eastern District","Judge Joanna Seybert","","https://versionista.com/1247/24042227/64603922/",
"https://www.nyed.uscourts.gov","NY USDC - Eastern District Judges",monitored,"New York","https://www.nyed.uscourts.gov/district-judge-diane-gujarati",monitored,1,2026-04-21T21:16:33Z,every day,2026-04-21T21:42:55Z,200 OK,2026-05-28T00:50:16Z,"District Judge Diane Gujarati | US Courts - New York Eastern District","Judge Diane Gujarati","","https://versionista.com/1247/24050366/64669215/",
"https://www.nyed.uscourts.gov","NY USDC - Eastern District Judges",monitored,"New York","https://www.nyed.uscourts.gov/district-judge-kiyo-matsumoto",monitored,1,2026-04-23T15:57:26Z,every day,2026-04-23T15:59:13Z,200 OK,2026-05-28T07:29:35Z,"District Judge Kiyo A. Matsumoto | US Courts - New York Eastern District","Judge Kiyo A. Matsumoto","","https://versionista.com/1247/24052433/64694892/",
"https://www.nyed.uscourts.gov","NY USDC - Eastern District Judges",monitored,"New York","https://www.nyed.uscourts.gov/index.php/chief-judge-margo-k-brodie",monitored,1,2026-04-23T16:20:04Z,every day,2026-04-23T16:20:54Z,200 OK,2026-05-28T18:42:20Z,"Chief Judge Margo K. Brodie | US Courts - New York Eastern District","Judge Margo K. Brodie","","https://versionista.com/1247/24052441/64695046/",
"https://www.nyed.uscourts.gov","NY USDC - Eastern District Judges",monitored,"New York","https://www.nyed.uscourts.gov/index.php/district-judge-nicholas-g-garaufis",monitored,1,2026-04-23T19:38:09Z,every day,2026-04-23T19:42:36Z,200 OK,2026-05-27T00:52:55Z,"District Judge Nicholas G. Garaufis | US Courts - New York Eastern District","Judge Nicholas G. Garaufis","","https://versionista.com/1247/24052558/64696424/",
"https://www.nyed.uscourts.gov","NY USDC - Eastern District Judges",monitored,"New York","https://www.nyed.uscourts.gov/index.php/district-judge-nina-gershon",monitored,1,2026-04-23T19:55:04Z,every day,2026-04-23T19:55:11Z,200 OK,2026-05-28T08:07:45Z,"District Judge Nina Gershon | US Courts - New York Eastern District","Judge Nina Gershon","","https://versionista.com/1247/24052568/64696531/",
"https://www.nyed.uscourts.gov","NY USDC - Eastern District Judges",monitored,"New York","https://www.nyed.uscourts.gov/district-judge-nina-r-morrison",monitored,1,2026-04-23T20:05:33Z,every day,2026-04-23T20:07:09Z,200 OK,2026-05-28T13:35:11Z,"District Judge Nina R. Morrison | US Courts - New York Eastern District","Judge Nina R. Morrison","","https://versionista.com/1247/24052574/64696633/",
"https://www.nyed.uscourts.gov","NY USDC - Eastern District Judges",monitored,"New York","https://www.nyed.uscourts.gov/index.php/district-judge-pamela-k-chen",monitored,1,2026-04-23T20:51:00Z,every day,2026-04-23T20:51:29Z,200 OK,2026-05-26T00:14:23Z,"District Judge Pamela K. Chen | US Courts - New York Eastern District","Judge Pamela K. Chen","","https://versionista.com/1247/24052620/64697035/",
"https://www.nyed.uscourts.gov","NY USDC - Eastern District Judges",monitored,"New York","https://www.nyed.uscourts.gov/district-judge-rachel-p-kovner",monitored,1,2026-04-23T21:02:28Z,every day,2026-04-23T21:11:24Z,200 OK,2026-05-28T19:01:19Z,"District Judge Rachel P. Kovner | US Courts - New York Eastern District","Judge Rachel P. Kovner","","https://versionista.com/1247/24052626/64697218/",
"https://www.nyed.uscourts.gov","NY USDC - Eastern District Judges",monitored,"New York","https://www.nyed.uscourts.gov/index.php/district-judge-raymond-j-dearie",monitored,1,2026-04-23T21:17:52Z,every day,2026-04-23T21:19:56Z,200 OK,2026-05-26T23:46:23Z,"District Judge Raymond J. Dearie | US Courts - New York Eastern District","Judge Raymond J. Dearie","","https://versionista.com/1247/24052632/64697314/",
"https://www.nyed.uscourts.gov","NY USDC - Eastern District Judges",monitored,"New York","https://www.nyed.uscourts.gov/district-judge-william-f-kuntz",monitored,2,2026-04-23T21:38:31Z,every day,2026-04-25T13:33:25Z,200 OK,2026-05-27T19:30:50Z,"District Judge William F. Kuntz | US Courts - New York Eastern District","Judge William F. Kuntz","","https://versionista.com/1247/24052640/64720823/","https://versionista.com/1247/24052640/64720823:0/"
"https://www.nyed.uscourts.gov","NY USDC - Eastern District Judges",monitored,"New York","https://www.nyed.uscourts.gov/index.php/district-judge-sanket-j-bulsara",monitored,1,2026-04-23T22:05:12Z,every day,2026-04-23T22:07:21Z,200 OK,2026-05-27T12:58:00Z,"District Judge Sanket J. Bulsara | US Courts - New York Eastern District","Judge Sanket J. Bulsara","","https://versionista.com/1247/24052662/64697835/",
"https://www.nyed.uscourts.gov","NY USDC - Eastern District Judges",monitored,"New York","https://www.nyed.uscourts.gov/index.php/district-judge-nusrat-j-choudhury",monitored,1,2026-04-27T15:22:10Z,every day,2026-04-27T15:23:54Z,200 OK,2026-05-27T15:36:10Z,"District Judge Nusrat J. Choudhury | US Courts - New York Eastern District","Judge Nusrat J. Choudhury","","https://versionista.com/1247/24055504/64742395/",
"https://www.nyed.uscourts.gov","NY USDC - Eastern District Judges",monitored,"New York","https://www.nyed.uscourts.gov/district-judge-natasha-c-merle",monitored,1,2026-04-27T19:48:21Z,every day,2026-04-27T19:49:47Z,200 OK,2026-05-28T12:15:18Z,"District Judge Natasha C. Merle | US Courts - New York Eastern District","Judge Natasha C. Merle","","https://versionista.com/1247/24055760/64744540/",
"https://www.nyed.uscourts.gov","NY USDC - Eastern District Judges",monitored,"New York","https://www.nyed.uscourts.gov/district-judge-ramon-e-reyes-jr",monitored,1,2026-04-27T20:31:39Z,every day,2026-04-27T20:33:13Z,200 OK,2026-05-27T01:48:07Z,"District Judge Ramon E. Reyes, Jr. | US Courts - New York Eastern District","Judge Ramon E. Reyes Jr.","","https://versionista.com/1247/24055831/64744999/",
"https://www.azcourts.gov","AZ Superior Courts",monitored,"Arizona","https://www.azcourts.gov/rules/RecentAmendments/MoreRules/LocalRulesofPracticefortheSuperiorCourts.aspx",monitored,15,2023-11-10T16:11:42Z,every 2 days,2026-03-20T02:19:47Z,200 OK,2026-05-27T10:11:38Z,"Local Rules of Practice for the Superior Courts","Superior Courts - Local Rules","","https://versionista.com/130900/21738521/64250289/","https://versionista.com/130900/21738521/64250289:0/"
"https://www.azcourts.gov","AZ Superior Courts",monitored,"Arizona","https://www.azcourts.gov/AZ-Courts/Superior-Court",monitored,1,2026-04-14T23:00:44Z,every 2 days,2026-04-14T23:00:54Z,200 OK,2026-05-27T21:58:49Z,"Superior Court","Superior Courts - Home Page","","https://versionista.com/130900/24039639/64576097/",
"https://www.azcourts.gov","AZ Superior Courts",monitored,"Arizona","https://superiorcourt.maricopa.gov/",monitored,9,2026-04-14T23:05:05Z,every 2 days,2026-05-24T00:10:28Z,200 OK,2026-05-27T21:56:31Z,"The Judicial Branch of Arizona in Maricopa County | Superior Court | Adult Probation | Juvenile Probation","Maricopa - Home Page (News)","","https://versionista.com/130900/24039643/65087857/","https://versionista.com/130900/24039643/65087857:0/"
"https://www.azcourts.gov","AZ Superior Courts",monitored,"Arizona","https://superiorcourt.maricopa.gov/resources/court-holiday-schedule/",monitored,1,2026-04-14T23:06:15Z,every 2 days,2026-04-14T23:06:26Z,200 OK,2026-05-27T22:04:08Z,"Court Holiday Schedule","Maricopa - Holiday Schedule","","https://versionista.com/130900/24039644/64576151/",
"https://www.azcourts.gov","AZ Superior Courts",monitored,"Arizona","https://www.sc.pima.gov/",monitored,8,2026-04-14T23:07:06Z,every 2 days,2026-05-24T00:59:26Z,200 OK,2026-05-27T22:40:39Z,"Arizona Superior Court in Pima County","Pima - Home Page (News)","","https://versionista.com/130900/24039645/65088179/","https://versionista.com/130900/24039645/65088179:0/"
"https://www.azcourts.gov","AZ Superior Courts",monitored,"Arizona","https://www.sc.pima.gov/judges-courts/civil-court/fastar/",monitored,3,2026-04-14T23:07:58Z,every 2 days,2026-04-18T20:49:12Z,200 OK,2026-05-27T22:08:37Z,"FASTAR","Pima - FASTAR Rules","","https://versionista.com/130900/24039647/64631394/","https://versionista.com/130900/24039647/64631394:0/"
"https://www.azcourts.gov","AZ Superior Courts",monitored,"Arizona","https://www.apachecountyaz.gov/Superior-Court",paused,9,2026-04-14T23:10:18Z,every 2 days,2026-04-30T14:18:11Z,403 Forbidden,2026-04-30T14:18:11Z,"Attention Required! | Cloudflare","Apache - Local Rules","","https://versionista.com/130900/24039650/64781883/","https://versionista.com/130900/24039650/64781883:0/"
"https://www.azcourts.gov","AZ Superior Courts",monitored,"Arizona","https://www.apachecountyaz.gov/",paused,9,2026-04-14T23:11:26Z,every 2 days,2026-04-30T14:15:11Z,403 Forbidden,2026-04-30T14:15:11Z,"Attention Required! | Cloudflare","Apache - Home Page (News)","","https://versionista.com/130900/24039651/64781862/","https://versionista.com/130900/24039651/64781862:0/"
"https://www.azcourts.gov","AZ Superior Courts",monitored,"Arizona","https://www.apachecountyaz.gov/accnt_591117/site_591118/Documents/Local-Rules-of-Practice.pdf",paused,5,2026-04-23T21:31:22Z,every 2 days,2026-05-01T16:56:07Z,403 Forbidden,2026-05-01T16:56:07Z,"Attention Required! | Cloudflare","Apache - Local Rules (PDF)","","https://versionista.com/130900/24052635/64799193/","https://versionista.com/130900/24052635/64799193:0/"
"https://www.azcourts.gov","AZ Superior Courts",monitored,"Arizona","https://www.cochise.az.gov/Archive.aspx?AMID=36",monitored,1,2026-04-23T21:35:34Z,every 2 days,2026-04-23T21:35:41Z,200 OK,2026-05-27T02:27:04Z,"Archive Center • Administrative Orders","Cochise - Administrative Orders","","https://versionista.com/130900/24052637/64697483/",
"https://www.azcourts.gov","AZ Superior Courts",monitored,"Arizona","https://www.cochise.az.gov/",monitored,13,2026-04-23T21:37:11Z,every 2 days,2026-05-27T02:25:26Z,200 OK,2026-05-27T02:25:26Z,"Cochise County, AZ | Official Website","Cochise - Home Page (News)","","https://versionista.com/130900/24052638/65122496/","https://versionista.com/130900/24052638/65122496:0/"
"https://www.azcourts.gov","AZ Superior Courts",monitored,"Arizona","https://www.coconino.az.gov/132/Clerk-of-the-Superior-Court",paused,1,2026-04-23T22:09:32Z,every 2 days,2026-04-23T22:10:00Z,403 Forbidden,2026-05-09T13:08:41Z,"Just a moment...","Coconino - Home Page (News)","","https://versionista.com/130900/24052668/64697874/",
"https://www.azcourts.gov","AZ Superior Courts",monitored,"Arizona","https://www.coconino.az.gov/1971/Clerks-Holiday-Schedule",paused,1,2026-04-23T22:11:08Z,every 2 days,2026-04-23T22:11:15Z,403 Forbidden,2026-05-09T13:13:25Z,"Just a moment...","Coconino - Holiday Schedule","","https://versionista.com/130900/24052669/64697899/",
"https://www.azcourts.gov","AZ Superior Courts",monitored,"Arizona","https://www.sc.pima.gov/general-information",monitored,2,2026-04-23T22:30:15Z,every 2 days,2026-04-25T21:19:24Z,200 OK,2026-05-27T03:28:07Z,"General Information","Pima - Holiday Schedule","","https://versionista.com/130900/24052677/64725183/","https://versionista.com/130900/24052677/64725183:0/"
"https://www.azcourts.gov","AZ Superior Courts",monitored,"Arizona","https://www.pinalcourtsaz.gov/",monitored,3,2026-04-23T22:41:54Z,every 2 days,2026-05-25T04:18:39Z,200 OK,2026-05-27T03:41:12Z,"Pinal County Superior Court, AZ | Official Website","Pinal - Home Page (News)","","https://versionista.com/130900/24052685/65099433/","https://versionista.com/130900/24052685/65099433:0/"
"https://www.azcourts.gov","AZ Superior Courts",monitored,"Arizona","https://courts.yavapaiaz.gov/Departments/Superior-Court",paused,4,2026-04-23T22:47:03Z,every 2 days,2026-04-29T19:21:36Z,403 Forbidden,2026-04-29T19:21:36Z,"Access Denied","Yavapai - Home Page (News)","","https://versionista.com/130900/24052689/64770585/","https://versionista.com/130900/24052689/64770585:0/"
"https://www.azcourts.gov","AZ Superior Courts",monitored,"Arizona","https://www.gilacountyaz.gov/government/courts/index.php",monitored,2,2026-04-23T23:07:57Z,every 2 days,2026-05-13T11:51:23Z,200 OK,2026-05-27T04:06:22Z,"Welcome to the Gila County Courts","Gila - Home Page (News)","","https://versionista.com/130900/24052698/64946996/","https://versionista.com/130900/24052698/64946996:0/"
"https://www.azcourts.gov","AZ Superior Courts",monitored,"Arizona","https://www.graham.az.gov/184/Courts-Judicial",monitored,1,2026-05-27T20:16:41Z,every 2 days,2026-05-27T20:16:53Z,403 Forbidden,2026-05-27T20:16:53Z,"Just a moment...","Graham - Home Page (News)","","https://versionista.com/130900/24122251/65132977/",
"https://www.cand.uscourts.gov","CA USDC - Northern District Judges",monitored,"California","https://www.cand.uscourts.gov/judges/breyer-charles-r-crb/",monitored,10,2025-07-11T21:00:23Z,every 2 days,2025-11-06T02:48:34Z,200 OK,2026-05-25T08:33:36Z,"District Judge Charles R. Breyer | Northern District of California | United States District Court","District Judge Charles R. Breyer - Standing Orders","","https://versionista.com/130953/23561936/62478956/","https://versionista.com/130953/23561936/62478956:0/"
"https://www.cand.uscourts.gov","CA USDC - Northern District Judges",monitored,"California","https://www.cand.uscourts.gov/judges/chen-edward-m-emc/",monitored,6,2025-07-11T21:01:19Z,every 2 days,2025-10-30T03:28:22Z,200 OK,2026-05-28T19:05:34Z,"District Judge Edward M Chen | Northern District of California | United States District Court","District Judge Edward M. Chen - Standing Orders","","https://versionista.com/130953/23561938/62383656/","https://versionista.com/130953/23561938/62383656:0/"
"https://www.cand.uscourts.gov","CA USDC - Northern District Judges",monitored,"California","https://www.cand.uscourts.gov/judges/chesney-maxine-m-mmc/",monitored,7,2025-07-11T21:02:12Z,every 2 days,2025-11-01T22:57:12Z,200 OK,2026-05-25T06:16:53Z,"District Judge Maxine M. Chesney | Northern District of California | United States District Court","District Judge Maxine M. Chesney - Standing Orders","","https://versionista.com/130953/23561939/62426206/","https://versionista.com/130953/23561939/62426206:0/"
"https://www.cand.uscourts.gov","CA USDC - Northern District Judges",monitored,"California","https://www.cand.uscourts.gov/judges/chhabria-vince-vc/",monitored,6,2025-07-11T22:03:24Z,every 2 days,2025-10-29T01:04:03Z,200 OK,2026-05-26T19:39:46Z,"District Judge Vince Chhabria | Northern District of California | United States District Court","District Judge Vince Chhabria - Standing Orders","","https://versionista.com/130953/23561985/62367290/","https://versionista.com/130953/23561985/62367290:0/"
"https://www.cand.uscourts.gov","CA USDC - Northern District Judges",monitored,"California","https://www.cand.uscourts.gov/judges/corley-jacqueline-scott-jsc/",monitored,6,2025-07-11T22:05:52Z,every 2 days,2025-10-29T12:40:19Z,200 OK,2026-05-27T07:50:37Z,"District Judge Jacqueline Scott Corley | Northern District of California | United States District Court","District Judge Jacqueline Scott Corley - Standing Orders","","https://versionista.com/130953/23561987/62374512/","https://versionista.com/130953/23561987/62374512:0/"
"https://www.cand.uscourts.gov","CA USDC - Northern District Judges",monitored,"California","https://www.cand.uscourts.gov/judges/donato-james-jd/",monitored,7,2025-07-11T22:08:00Z,every 2 days,2025-11-05T00:52:14Z,200 OK,2026-05-27T20:14:24Z,"District Judge James Donato | Northern District of California | United States District Court","District Judge James Donato - Standing Orders","","https://versionista.com/130953/23561988/62463957/","https://versionista.com/130953/23561988/62463957:0/"
"https://www.cand.uscourts.gov","CA USDC - Northern District Judges",monitored,"California","https://www.cand.uscourts.gov/judges/illston-susan-si/",monitored,6,2025-07-11T22:09:08Z,every 2 days,2025-10-31T18:07:44Z,200 OK,2026-05-26T05:16:41Z,"District Judge Susan Illston | Northern District of California | United States District Court","District Judge Susan Illston - Standing Orders","","https://versionista.com/130953/23561989/62407597/","https://versionista.com/130953/23561989/62407597:0/"
"https://www.cand.uscourts.gov","CA USDC - Northern District Judges",monitored,"California","https://www.cand.uscourts.gov/judges/orrick-william-h-who/",monitored,5,2025-07-11T22:09:47Z,every 2 days,2025-10-29T12:29:32Z,200 OK,2026-05-27T06:15:44Z,"District Judge William H. Orrick | Northern District of California | United States District Court","District Judge William H. Orrick - Standing Orders","","https://versionista.com/130953/23561994/62374473/","https://versionista.com/130953/23561994/62374473:0/"
"https://www.cand.uscourts.gov","CA USDC - Northern District Judges",monitored,"California","https://www.cand.uscourts.gov/judges/seeborg-richard-rs/",monitored,9,2025-07-11T22:09:58Z,every 2 days,2025-11-05T23:59:26Z,200 OK,2026-05-28T18:43:43Z,"Chief District Judge Richard Seeborg | Northern District of California | United States District Court","District Judge Richard Seeborg - Standing Orders","","https://versionista.com/130953/23561995/62478027/","https://versionista.com/130953/23561995/62478027:0/"
"https://www.cand.uscourts.gov","CA USDC - Northern District Judges",monitored,"California","https://www.cand.uscourts.gov/judges/trina-l-thompson-tlt/",monitored,8,2025-07-11T22:10:11Z,every 2 days,2025-11-01T08:50:46Z,200 OK,2026-05-28T17:40:57Z,"District Judge Trina L. Thompson | Northern District of California | United States District Court","District Judge Trina L. Thompson - Standing Orders","","https://versionista.com/130953/23561996/62416708/","https://versionista.com/130953/23561996/62416708:0/"
"https://www.cand.uscourts.gov","CA USDC - Northern District Judges",monitored,"California","https://www.cand.uscourts.gov/judges/beeler-laurel-lb/",monitored,5,2025-08-06T15:30:31Z,every 2 days,2025-10-29T03:04:58Z,200 OK,2026-05-28T06:50:56Z,"Magistrate Judge Laurel Beeler | Northern District of California | United States District Court","Magistrate Judge Laurel Beeler - Standing Orders","","https://versionista.com/130953/23665321/62368895/","https://versionista.com/130953/23665321/62368895:0/"
"https://www.cand.uscourts.gov","CA USDC - Northern District Judges",monitored,"California","https://www.cand.uscourts.gov/judges/lisa-j-cisneros-ljc/",monitored,8,2025-08-06T15:31:15Z,every 2 days,2025-11-02T22:26:43Z,200 OK,2026-05-28T08:04:37Z,"Magistrate Judge Lisa J. Cisneros | Northern District of California | United States District Court","Magistrate Judge Lisa J. Cisneros - Standing Orders","","https://versionista.com/130953/23665322/62436418/","https://versionista.com/130953/23665322/62436418:0/"
"https://www.cand.uscourts.gov","CA USDC - Northern District Judges",monitored,"California","https://www.cand.uscourts.gov/judges/hixson-thomas-s-tsh/",monitored,5,2025-08-06T15:31:52Z,every 2 days,2025-10-29T05:11:03Z,200 OK,2026-05-26T10:27:27Z,"Magistrate Judge Thomas S. Hixson | Northern District of California | United States District Court","Magistrate Judge Thomas S. Hixson - Standing Orders","","https://versionista.com/130953/23665323/62369895/","https://versionista.com/130953/23665323/62369895:0/"
"https://www.cand.uscourts.gov","CA USDC - Northern District Judges",monitored,"California","https://www.cand.uscourts.gov/judges/peter-h-kang-phk/",monitored,6,2025-08-06T15:32:27Z,every 2 days,2025-10-29T02:45:53Z,200 OK,2026-05-25T01:32:49Z,"Magistrate Judge Peter H. Kang | Northern District of California | United States District Court","Magistrate Judge Peter H. Kang - Standing Orders","","https://versionista.com/130953/23665324/62368637/","https://versionista.com/130953/23665324/62368637:0/"
"https://www.cand.uscourts.gov","CA USDC - Northern District Judges",monitored,"California","https://www.cand.uscourts.gov/judges/kim-sallie-sk/",monitored,6,2025-08-06T15:32:57Z,every 2 days,2025-11-03T00:17:39Z,200 OK,2026-05-27T09:15:03Z,"Magistrate Judge Sallie Kim | Northern District of California | United States District Court","Magistrate Judge Sallie Kim - Standing Orders","","https://versionista.com/130953/23665325/62437428/","https://versionista.com/130953/23665325/62437428:0/"
"https://www.cand.uscourts.gov","CA USDC - Northern District Judges",monitored,"California","https://www.cand.uscourts.gov/judges/spero-joseph-c-jcs/",monitored,5,2025-08-06T15:33:32Z,every 2 days,2025-10-30T01:01:13Z,200 OK,2026-05-24T06:48:20Z,"Magistrate Judge Joseph C. Spero | Northern District of California | United States District Court","Magistrate Judge Joseph C. Spero - Standing Orders","","https://versionista.com/130953/23665326/62381603/","https://versionista.com/130953/23665326/62381603:0/"
"https://www.cand.uscourts.gov","CA USDC - Northern District Judges",monitored,"California","https://www.cand.uscourts.gov/judges/tse-alex-g-agt/",monitored,6,2025-08-06T15:34:01Z,every 2 days,2025-11-01T00:32:56Z,200 OK,2026-05-26T14:37:55Z,"Magistrate Judge Alex G. Tse | Northern District of California | United States District Court","Magistrate Judge Alex G. Tse - Standing Orders","","https://versionista.com/130953/23665327/62411970/","https://versionista.com/130953/23665327/62411970:0/"
"https://www.cand.uscourts.gov","CA USDC - Northern District Judges",monitored,"California","https://www.cand.uscourts.gov/judges/illman-robert-m-rmi/",monitored,6,2025-08-06T15:34:30Z,every 2 days,2025-10-28T15:01:53Z,200 OK,2026-05-27T20:41:17Z,"Magistrate Judge Robert M. Illman | Northern District of California | United States District Court","Magistrate Judge Robert M. Illman - Standing Orders","","https://versionista.com/130953/23665328/62361217/","https://versionista.com/130953/23665328/62361217:0/"
"https://www.cand.uscourts.gov","CA USDC - Northern District Judges",monitored,"California","https://www.cand.uscourts.gov/judges/westmore-kandis-a-kaw/",monitored,6,2025-08-06T15:35:37Z,every 2 days,2025-10-30T00:11:16Z,200 OK,2026-05-27T16:07:02Z,"Magistrate Judge Kandis A. Westmore | Northern District of California | United States District Court","Magistrate Judge Kandis A. Westmore - Standing Orders","","https://versionista.com/130953/23665331/62381032/","https://versionista.com/130953/23665331/62381032:0/"
"https://www.cand.uscourts.gov","CA USDC - Northern District Judges",monitored,"California","https://www.cand.uscourts.gov/judges/cousins-nathanael-nc/",monitored,5,2025-08-06T15:36:19Z,every 2 days,2025-10-29T19:31:40Z,200 OK,2026-05-28T03:50:18Z,"Magistrate Judge Nathanael M. Cousins | Northern District of California | United States District Court","Magistrate Judge Nathanael Cousins -Standing Orders","","https://versionista.com/130953/23665332/62377933/","https://versionista.com/130953/23665332/62377933:0/"
"https://www.cand.uscourts.gov","CA USDC - Northern District Judges",monitored,"California","https://www.cand.uscourts.gov/judges/demarchi-virginia-vkd/",monitored,6,2025-08-06T15:36:49Z,every 2 days,2025-10-29T19:14:47Z,200 OK,2026-05-26T18:06:33Z,"Magistrate Judge Virginia K. DeMarchi | Northern District of California | United States District Court","Magistrate Judge Virginia K. DeMarchi - Standing Orders","","https://versionista.com/130953/23665334/62377836/","https://versionista.com/130953/23665334/62377836:0/"
"https://www.cand.uscourts.gov","CA USDC - Northern District Judges",monitored,"California","https://www.cand.uscourts.gov/judges/van-keulen-susan-svk/",monitored,5,2025-08-06T15:37:21Z,every 2 days,2025-10-28T15:44:35Z,200 OK,2026-05-28T08:24:13Z,"Magistrate Judge Susan van Keulen | Northern District of California | United States District Court","Magistrate Judge Susan van Keulen - Standing Orders","","https://versionista.com/130953/23665336/62361802/","https://versionista.com/130953/23665336/62361802:0/"
"https://www.cand.uscourts.gov","CA USDC - Northern District Judges",monitored,"California","https://www.cand.uscourts.gov/judges/lin-rita-f-rfl/",monitored,5,2025-08-06T15:42:39Z,every 2 days,2025-10-29T03:19:13Z,200 OK,2026-05-28T01:30:13Z,"District Judge Rita F. Lin | Northern District of California | United States District Court","District Judge Rita F. Lin - Standing Orders","","https://versionista.com/130953/23665338/62369117/","https://versionista.com/130953/23665338/62369117:0/"
"https://www.cand.uscourts.gov","CA USDC - Northern District Judges",monitored,"California","https://www.cand.uscourts.gov/judges/martinez-olguin-araceli-amo/",monitored,7,2025-08-06T15:43:25Z,every 2 days,2025-10-30T08:14:04Z,200 OK,2026-05-27T06:28:59Z,"District Judge Araceli Martínez-Olguín | Northern District of California | United States District Court","District Judge Araceli Martinez-Olguin - Standing Orders","","https://versionista.com/130953/23665339/62385763/","https://versionista.com/130953/23665339/62385763:0/"
"https://www.cand.uscourts.gov","CA USDC - Northern District Judges",monitored,"California","https://www.cand.uscourts.gov/judges/gilliam-haywood-s-hsg/",monitored,5,2025-08-06T15:44:38Z,every 2 days,2025-11-01T21:16:25Z,200 OK,2026-05-26T15:09:28Z,"District Judge Haywood S. Gilliam, Jr. | Northern District of California | United States District Court","District Judge Haywood S. Gilliam, Jr. - Standing Orders","","https://versionista.com/130953/23665340/62424940/","https://versionista.com/130953/23665340/62424940:0/"
"https://www.cand.uscourts.gov","CA USDC - Northern District Judges",monitored,"California","https://www.cand.uscourts.gov/judges/freeman-beth-l-blf/",monitored,5,2025-08-06T15:45:18Z,every 2 days,2025-10-30T05:22:18Z,200 OK,2026-05-28T04:24:14Z,"District Judge Beth Labson Freeman | Northern District of California | United States District Court","District Judge Beth Labson Freeman - Standing Orders","","https://versionista.com/130953/23665341/62384202/","https://versionista.com/130953/23665341/62384202:0/"
"https://www.cand.uscourts.gov","CA USDC - Northern District Judges",monitored,"California","https://www.cand.uscourts.gov/judges/lee-eumi-k-ekl/",monitored,8,2025-08-06T15:45:51Z,every 2 days,2025-11-01T07:21:40Z,200 OK,2026-05-28T03:37:08Z,"District Judge Eumi K. Lee | Northern District of California | United States District Court","District Judge Eumi K. Lee - Standing Orders","","https://versionista.com/130953/23665342/62415528/","https://versionista.com/130953/23665342/62415528:0/"
"https://www.cand.uscourts.gov","CA USDC - Northern District Judges",monitored,"California","https://www.cand.uscourts.gov/judges/pitts-p-casey-pcp/",monitored,5,2025-08-06T15:46:21Z,every 2 days,2025-11-02T09:30:28Z,200 OK,2026-05-27T08:50:44Z,"District Judge P. Casey Pitts | Northern District of California | United States District Court","District Judge P. Casey Pitts - Standing Orders","","https://versionista.com/130953/23665343/62430729/","https://versionista.com/130953/23665343/62430729:0/"
"https://www.cand.uscourts.gov","CA USDC - Northern District Judges",monitored,"California","https://www.cand.uscourts.gov/judges/wise-noel-nw/",monitored,6,2025-08-06T15:47:14Z,every 2 days,2025-10-29T08:40:23Z,200 OK,2026-05-27T14:16:51Z,"District Judge Noël Wise | Northern District of California | United States District Court","District Judge Noel Wise - Standing Orders","","https://versionista.com/130953/23665344/62371870/","https://versionista.com/130953/23665344/62371870:0/"
"https://www.cand.uscourts.gov","CA USDC - Northern District Judges",monitored,"California","https://www.cand.uscourts.gov/judges/davila-edward-j-ejd/",monitored,8,2025-08-06T15:47:50Z,every 2 days,2025-11-03T06:07:10Z,200 OK,2026-05-28T16:39:00Z,"Senior District Judge Edward J. Davila | Northern District of California | United States District Court","District Judge Edward J. Davila - Standing Orders","","https://versionista.com/130953/23665345/62439118/","https://versionista.com/130953/23665345/62439118:0/"
"https://www.cand.uscourts.gov","CA USDC - Northern District Judges",monitored,"California","https://www.cand.uscourts.gov/judges/gonzalez-rogers-yvonne-ygr/",monitored,6,2025-08-06T15:48:35Z,every 2 days,2025-10-30T04:38:41Z,200 OK,2026-05-27T13:26:15Z,"District Judge Yvonne Gonzalez Rogers | Northern District of California | United States District Court","District Judge Yvonne Gonzalez Rogers - Standing Orders","","https://versionista.com/130953/23665352/62384020/","https://versionista.com/130953/23665352/62384020:0/"
"https://www.cand.uscourts.gov","CA USDC - Northern District Judges",monitored,"California","https://www.cand.uscourts.gov/judges/hamilton-phyllis-j-pjh/",monitored,5,2025-08-06T15:49:10Z,every 2 days,2025-10-31T22:21:28Z,200 OK,2026-05-27T05:37:16Z,"District Judge Phyllis J. Hamilton | Northern District of California | United States District Court","District Judge Phyllis J. Hamilton - Standing Orders","","https://versionista.com/130953/23665353/62410265/","https://versionista.com/130953/23665353/62410265:0/"
"https://www.cand.uscourts.gov","CA USDC - Northern District Judges",monitored,"California","https://www.cand.uscourts.gov/judges/tigar-jon-s-jst/",monitored,5,2025-08-06T15:49:39Z,every 2 days,2025-10-28T17:54:17Z,200 OK,2026-05-26T21:44:14Z,"District Judge Jon S. Tigar | Northern District of California | United States District Court","District Judge Jon S. Tigar - Standing Orders","","https://versionista.com/130953/23665354/62362497/","https://versionista.com/130953/23665354/62362497:0/"
"https://www.cand.uscourts.gov","CA USDC - Northern District Judges",monitored,"California","https://www.cand.uscourts.gov/judges/jsw/",monitored,5,2025-08-06T15:50:11Z,every 2 days,2025-10-28T17:13:11Z,200 OK,2026-05-28T17:55:40Z,"District Judge Jeffrey S. White | Northern District of California | United States District Court","District Judge Jeffrey S. White - Standing Orders","","https://versionista.com/130953/23665355/62362286/","https://versionista.com/130953/23665355/62362286:0/"
"https://www.cand.uscourts.gov","CA USDC - Northern District Judges",monitored,"California","https://www.cand.uscourts.gov/judges/wilken-claudia-cw/",monitored,7,2025-08-06T15:50:44Z,every 2 days,2025-11-03T06:00:37Z,200 OK,2026-05-28T08:56:23Z,"District Judge Claudia Wilken | Northern District of California | United States District Court","District Judge Claudia Wilken - Standing Orders","","https://versionista.com/130953/23665356/62439026/","https://versionista.com/130953/23665356/62439026:0/"
"https://www.casd.uscourts.gov","CA USDC - Southern District Judges",monitored,"California","https://www.casd.uscourts.gov/Judges/simmons/docs/Simmons%20Civil%20Chambers%20Rules.pdf",monitored,3,2025-07-17T20:44:11Z,every 2 days,2025-08-13T01:03:41Z,200 OK,2026-05-28T04:37:45Z,"","District Judge James E. Simmons, Jr. - Civil Chambers Rules","","https://versionista.com/131030/23581255/61500513/","https://versionista.com/131030/23581255/61500513:0/"
"https://www.casd.uscourts.gov","CA USDC - Southern District Judges",monitored,"California","https://www.casd.uscourts.gov/Judges/cheeks/docs/Judge%20Cheeks%20Civil%20Chambers%20Rules.pdf",monitored,5,2025-07-17T20:47:02Z,every 2 days,2025-08-14T22:38:07Z,200 OK,2026-05-28T09:50:59Z,"","District Judge Benjamin J. Cheeks - Civil Chambers Rules","","https://versionista.com/131030/23581267/61528940/","https://versionista.com/131030/23581267/61528940:0/"
"https://www.casd.uscourts.gov","CA USDC - Southern District Judges",monitored,"California","https://www.casd.uscourts.gov/Judges/ohta/docs/Ohta%20Chambers%20Civil%20Rules.pdf",monitored,4,2025-07-17T20:47:51Z,every 2 days,2026-04-08T00:35:15Z,200 OK,2026-05-27T18:17:18Z,"","District Judge Jinsook Ohta - Civil Chambers Rules","","https://versionista.com/131030/23581268/64491065/","https://versionista.com/131030/23581268/64491065:0/"
"https://www.casd.uscourts.gov","CA USDC - Southern District Judges",monitored,"California","https://www.casd.uscourts.gov/Judges/schopler/docs/Schopler%20CIVIL%20Chambers%20Rules.pdf",monitored,3,2025-07-17T20:49:08Z,every 2 days,2025-08-14T15:51:39Z,200 OK,2026-05-27T18:53:04Z,"","District Judge Andrew G. Schopler - Civil Chambers Rules","","https://versionista.com/131030/23581271/61525800/","https://versionista.com/131030/23581271/61525800:0/"
"https://www.casd.uscourts.gov","CA USDC - Southern District Judges",monitored,"California","https://www.casd.uscourts.gov/Judges/burkhardt/docs/Burkhardt%20Civil%20Chambers%20Rules.pdf",monitored,3,2025-08-06T14:57:40Z,every 2 days,2026-05-23T12:26:41Z,200 OK,2026-05-27T14:50:20Z,"","Magistrate Judge Jill L. Burkhardt - Civil Chambers Rules","","https://versionista.com/131030/23664858/65082011/","https://versionista.com/131030/23664858/65082011:0/"
"https://www.casd.uscourts.gov","CA USDC - Southern District Judges",monitored,"California","https://www.casd.uscourts.gov/Judges/butcher/docs/Civil%20Chambers%20Rules.pdf",monitored,2,2025-08-06T15:03:12Z,every 2 days,2025-08-12T06:39:28Z,200 OK,2026-05-27T06:14:20Z,"","Magistrate Judge Daniel E. Butcher - Civil Chambers Rules","","https://versionista.com/131030/23665193/61489937/","https://versionista.com/131030/23665193/61489937:0/"
"https://www.casd.uscourts.gov","CA USDC - Southern District Judges",monitored,"California","https://www.casd.uscourts.gov/Judges/chu/docs/Civil%20Chambers%20Rules.pdf",monitored,5,2025-08-06T15:04:05Z,every 2 days,2026-05-17T04:24:47Z,200 OK,2026-05-28T04:58:34Z,"","Magistrate Judge Steve B. Chu - Civil Chambers Rules","","https://versionista.com/131030/23665214/64997136/","https://versionista.com/131030/23665214/64997136:0/"
"https://www.casd.uscourts.gov","CA USDC - Southern District Judges",monitored,"California","https://www.casd.uscourts.gov/Judges/crawford/docs/Civil%20Chambers%20Rules.pdf",monitored,3,2025-08-06T15:04:49Z,every 2 days,2025-08-15T07:48:48Z,200 OK,2026-05-27T22:39:27Z,"","Magistrate Judge Karen S. Crawford - Civil Chambers Rules","","https://versionista.com/131030/23665265/61535113/","https://versionista.com/131030/23665265/61535113:0/"
"https://www.casd.uscourts.gov","CA USDC - Southern District Judges",monitored,"California","https://www.casd.uscourts.gov/Judges/goddard/docs/Goddard%20Civil%20Pretrial%20Procedures.pdf",monitored,3,2025-08-06T15:05:51Z,every 2 days,2025-08-15T23:03:38Z,200 OK,2026-05-26T21:04:18Z,"","Magistrate Judge Allison H. Goddard - Civil Pretrial Procedures","","https://versionista.com/131030/23665268/61545732/","https://versionista.com/131030/23665268/61545732:0/"
"https://www.casd.uscourts.gov","CA USDC - Southern District Judges",monitored,"California","https://www.casd.uscourts.gov/Judges.aspx",monitored,12,2025-08-06T15:11:13Z,every 2 days,2026-05-22T07:56:34Z,200 OK,2026-05-26T02:36:03Z,"Judges of the Southern District of California","Judges of the Southern District of California","","https://versionista.com/131030/23665298/65066002/","https://versionista.com/131030/23665298/65066002:0/"
"https://www.casd.uscourts.gov","CA USDC - Southern District Judges",monitored,"California","https://www.casd.uscourts.gov/Judges/dembin/docs/Dembin%20Civil%20Chambers%20Rules.pdf",monitored,3,2025-08-06T15:13:15Z,every 2 days,2025-08-13T02:29:35Z,200 OK,2026-05-25T00:50:14Z,"","Magistrate Judge Mitchell D. Dembin - Civil Chambers Rules","","https://versionista.com/131030/23665299/61501058/","https://versionista.com/131030/23665299/61501058:0/"
"https://www.casd.uscourts.gov","CA USDC - Southern District Judges",monitored,"California","https://www.casd.uscourts.gov/Judges/leshner/docs/Leshner%20Chambers%20Rules.pdf",monitored,6,2025-08-06T15:14:38Z,every 2 days,2026-05-18T01:46:55Z,200 OK,2026-05-26T07:39:25Z,"","Magistrate Judge David D. Leshner - Civil Chambers Rules","","https://versionista.com/131030/23665300/65005331/","https://versionista.com/131030/23665300/65005331:0/"
"https://www.casd.uscourts.gov","CA USDC - Southern District Judges",monitored,"California","https://www.casd.uscourts.gov/Judges/major/docs/Chambers%20Rules%20Civil.pdf",monitored,3,2025-08-06T15:15:32Z,every 2 days,2025-08-14T08:11:48Z,200 OK,2026-05-27T13:56:32Z,"","Magistrate Judge Barbara L. Major - Civil Chambers Rules","","https://versionista.com/131030/23665301/61519669/","https://versionista.com/131030/23665301/61519669:0/"
"https://www.casd.uscourts.gov","CA USDC - Southern District Judges",monitored,"California","https://www.casd.uscourts.gov/Judges/rodriguez/docs/Civil%20Chambers%20Rules.pdf",monitored,4,2025-08-06T15:16:27Z,every 2 days,2026-05-18T16:38:34Z,200 OK,2026-05-26T07:11:03Z,"","Magistrate Judge Lupe Rodriguez, Jr. - Civil Chambers Rules ","","https://versionista.com/131030/23665302/65013335/","https://versionista.com/131030/23665302/65013335:0/"
"https://www.casd.uscourts.gov","CA USDC - Southern District Judges",monitored,"California","https://www.casd.uscourts.gov/Judges/torres/docs/Civil%20Chambers%20Rules.pdf",monitored,6,2025-08-06T15:17:07Z,every 2 days,2026-04-25T14:19:57Z,200 OK,2026-05-26T20:36:23Z,"","Magistrate Judge Valerie E. Torres - Civil Chambers Rules","","https://versionista.com/131030/23665304/64720984/","https://versionista.com/131030/23665304/64720984:0/"
"https://www.casd.uscourts.gov","CA USDC - Southern District Judges",monitored,"California","https://www.casd.uscourts.gov/Judges/pettit/docs/Pettit%20Civil%20Chambers%20Rules.pdf",monitored,5,2025-08-06T15:17:51Z,every 2 days,2026-04-11T11:46:46Z,200 OK,2026-05-28T19:45:11Z,"","Magistrate Judge Michelle M. Pettit - Civil Chambers Rules","","https://versionista.com/131030/23665305/64537873/","https://versionista.com/131030/23665305/64537873:0/"
"https://www.casd.uscourts.gov","CA USDC - Southern District Judges",monitored,"California","https://www.casd.uscourts.gov/Judges/goddard/docs/Goddard%20Joint%20Case%20Management%20Statement%20Rules.pdf",monitored,5,2025-08-06T15:19:34Z,every 2 days,2026-04-19T01:09:23Z,200 OK,2026-05-26T13:21:42Z,"","Magistrate Judge Allison H. Goddard - Case Management Statement Rules","","https://versionista.com/131030/23665306/64633360/","https://versionista.com/131030/23665306/64633360:0/"
"https://www.casd.uscourts.gov","CA USDC - Southern District Judges",monitored,"California","https://www.casd.uscourts.gov/Judges/goddard/docs/Goddard%20Mandatory%20Settlement%20Conference%20Rules.pdf",monitored,5,2025-08-06T15:20:18Z,every 2 days,2026-05-24T09:29:02Z,200 OK,2026-05-28T11:35:24Z,"","Magistrate Judge Allison H. Goddard - Mandatory Settlement Conference Rules","","https://versionista.com/131030/23665313/65092825/","https://versionista.com/131030/23665313/65092825:0/"
"https://www.casd.uscourts.gov","CA USDC - Southern District Judges",monitored,"California","https://www.casd.uscourts.gov/Judges/leshner/docs/Mandatory%20Settlement%20Conference%20Procedures.pdf",monitored,2,2025-08-06T15:21:23Z,every 2 days,2025-08-13T08:09:29Z,200 OK,2026-05-28T09:32:39Z,"","Magistrate Judge David D. Leshner - Mandatory Settlement Conference Rules","","https://versionista.com/131030/23665314/61505266/","https://versionista.com/131030/23665314/61505266:0/"
"https://www.casd.uscourts.gov","CA USDC - Southern District Judges",monitored,"California","https://www.casd.uscourts.gov/Judges/pettit/docs/Pettit%20Model%20Protective%20Order.pdf",monitored,2,2025-08-06T15:24:35Z,every 2 days,2025-09-09T23:09:49Z,200 OK,2026-05-27T17:07:01Z,"","Magistrate Judge Michelle M. Pettit - Model Protective Order","","https://versionista.com/131030/23665317/61858323/","https://versionista.com/131030/23665317/61858323:0/"
"https://www.casd.uscourts.gov","CA USDC - Southern District Judges",monitored,"California","https://www.casd.uscourts.gov/Judges/leshner/docs/Rule%2026(f)%20Conference%20Checklist.pdf",monitored,9,2025-08-06T15:27:19Z,every 2 days,2026-05-16T03:26:14Z,200 OK,2026-05-27T02:21:03Z,"","Magistrate Judge David D. Leshner - Rule 26(f) Conference Checklist","","https://versionista.com/131030/23665318/64985306/","https://versionista.com/131030/23665318/64985306:0/"
"https://www.casd.uscourts.gov","CA USDC - Southern District Judges",monitored,"California","https://www.casd.uscourts.gov/judges/chambers-rules.aspx",monitored,9,2025-08-18T14:24:50Z,every 2 days,2026-05-13T01:29:51Z,200 OK,2026-05-28T07:31:05Z,"Chambers Rules","Magistrate Judge Michael S. Berg - Civil Chambers Rules","","https://versionista.com/131030/23682520/64941777/","https://versionista.com/131030/23682520/64941777:0/"
"https://www.cacd.uscourts.gov","CA USDC - Central District Judges",monitored,"California","https://www.cacd.uscourts.gov/honorable-hern%C3%A1n-d-vera",monitored,11,2025-01-08T15:44:16Z,every 2 days,2025-10-08T23:22:34Z,200 OK,2026-05-26T15:55:12Z,"Judges’ Procedures and Schedules","District Judge Hernan D. Vera - Procedures","","https://versionista.com/131035/22890195/62083190/","https://versionista.com/131035/22890195/62083190:0/"
"https://www.cacd.uscourts.gov","CA USDC - Central District Judges",monitored,"California","https://www.cacd.uscourts.gov/honorable-otis-d-wright-ii",monitored,12,2025-01-08T15:44:56Z,every 2 days,2025-10-09T09:09:34Z,200 OK,2026-05-28T07:56:57Z,"Judges’ Procedures and Schedules","District Judge Otis D. Wright II - Procedures","","https://versionista.com/131035/22890196/62090765/","https://versionista.com/131035/22890196/62090765:0/"
"https://www.cacd.uscourts.gov","CA USDC - Central District Judges",monitored,"California","https://apps.cacd.uscourts.gov/Jps/",monitored,4,2026-05-19T21:11:55Z,every 2 days,2026-05-27T18:14:11Z,200 OK,2026-05-27T18:14:11Z,"Judges’ Procedures and Schedules","Judges of the Central District of California","","https://versionista.com/131035/24105674/65132346/","https://versionista.com/131035/24105674/65132346:0/"
"https://www.courts.ca.gov","CA State",monitored,"California","https://www.courts.ca.gov/holidays.htm",monitored,11,2021-08-03T20:37:06Z,every 2 days,2026-03-18T03:44:15Z,200 OK,2026-05-27T10:03:43Z,"Court Holidays | Judicial Branch of California","Holiday Schedule","","https://versionista.com/204938/16010798/64223089/","https://versionista.com/204938/16010798/64223089:0/"
"https://www.courts.ca.gov","CA State",monitored,"California","https://www.courts.ca.gov/rules.htm",monitored,30,2022-08-04T18:31:18Z,every 2 days,2025-07-03T07:26:19Z,200 OK,2026-05-27T10:05:32Z,"Rules of Court | Judicial Branch of California","California Rules of Court","","https://versionista.com/204938/18489777/60948541/","https://versionista.com/204938/18489777/60948541:0/"
"https://www.courts.ca.gov","CA State",monitored,"California","https://www.courts.ca.gov/3025.htm",monitored,42,2023-01-06T00:06:39Z,every 2 days,2026-05-27T10:58:48Z,200 OK,2026-05-27T10:58:48Z,"New &amp; Amended Rules | Judicial Branch of California","New and Amended Rules - CRC","","https://versionista.com/204938/19841366/65128543/","https://versionista.com/204938/19841366/65128543:0/"
"https://www.courts.ca.gov","CA State",monitored,"California","https://www.courts.ca.gov/3020.htm",monitored,33,2023-05-05T21:37:12Z,every 2 days,2026-02-28T13:40:04Z,200 OK,2026-05-27T10:01:21Z,"Latest Changes | Judicial Branch of California","Judicial Council Forms - Amendments","","https://versionista.com/204938/20633621/63996788/","https://versionista.com/204938/20633621/63996788:0/"
"https://www.courts.ca.gov","CA State",monitored,"California","https://www.courts.ca.gov/",monitored,3,2026-05-19T21:14:47Z,every 2 days,2026-05-23T19:19:37Z,200 OK,2026-05-27T17:09:33Z,"California Courts - Home | Judicial Branch of California","California Judicial Branch","","https://versionista.com/204938/24105678/65085585/","https://versionista.com/204938/24105678/65085585:0/"
"https://www.nycourts.gov","NY State",monitored,"New York","https://www.nycourts.gov/rules/trialcourts/207.shtml",paused,3,2023-07-28T16:12:24Z,every 2 days,2024-09-25T13:00:54Z,403 Forbidden,2026-05-01T22:55:17Z,"Just a moment...","Rules for the Surrogate's Court","","https://versionista.com/207082/21254369/57210591/","https://versionista.com/207082/21254369/57210591:0/"
"https://www.nycourts.gov","NY State",monitored,"New York","https://www.nycourts.gov/",paused,1,2026-05-01T22:48:11Z,every 2 days,2026-05-01T22:48:16Z,403 Forbidden,2026-05-17T13:35:14Z,"Just a moment...","New York Judicial Branch","","https://versionista.com/207082/24062418/64803152/",
"https://www.nycourts.gov","NY State",monitored,"New York","https://www.nycourts.gov/rules/index.shtml",paused,1,2026-05-01T22:51:14Z,every 2 days,2026-05-01T22:51:18Z,403 Forbidden,2026-05-17T13:30:57Z,"Just a moment...","Rules of Court","","https://versionista.com/207082/24062424/64803176/",
"https://www.nycourts.gov","NY State",monitored,"New York","https://dhr.ny.gov/legal-notices",monitored,1,2026-05-01T22:54:10Z,every 2 days,2026-05-01T22:54:15Z,200 OK,2026-05-27T08:06:50Z,"Legal Notices | Division of Human Rights","Division of Human Rights - Legal Notices","","https://versionista.com/207082/24062425/64803205/",
"https://www.nycourts.gov","NY State",monitored,"New York","https://www.nysenate.gov/",paused,1,2026-05-01T22:55:59Z,every 2 days,2026-05-01T22:56:25Z,403 Forbidden,2026-05-17T14:14:21Z,"Just a moment...","New York Senate","","https://versionista.com/207082/24062426/64803224/",
"https://www.nycourts.gov","NY State",monitored,"New York","https://www.nysenate.gov/legislation/laws/EXC/A15",paused,1,2026-05-01T22:58:54Z,every 2 days,2026-05-01T22:58:56Z,403 Forbidden,2026-05-17T14:00:55Z,"Just a moment...","Human Rights Law - Article 15","","https://versionista.com/207082/24062427/64803240/",
"https://www.caed.uscourts.gov","CA USDC ",monitored,"California","https://www.caed.uscourts.gov/caednew/index.cfm/rules/local-rules/",monitored,29,2020-09-11T17:25:48Z,every 2 days,2026-02-25T23:42:58Z,200 OK,2026-05-28T09:26:49Z,"Local Rules - New CAED","Eastern District - Local Rules","","https://versionista.com/207351/14066468/63959530/","https://versionista.com/207351/14066468/63959530:0/"
"https://www.caed.uscourts.gov","CA USDC ",monitored,"California","https://www.caed.uscourts.gov/caednew/index.cfm/clerks-office/court-holidays/?keywords=holidays&tag=&searchSectionID=",monitored,24,2021-08-03T20:35:19Z,every 2 days,2026-01-12T20:18:30Z,200 OK,2026-05-28T13:59:52Z,"Court Holidays - New CAED","Eastern District - Holiday Schedule","","https://versionista.com/207351/16010796/63364391/","https://versionista.com/207351/16010796/63364391:0/"
"https://www.caed.uscourts.gov","CA USDC ",monitored,"California","https://www.caed.uscourts.gov/caednew/",monitored,1,2026-05-18T22:46:30Z,every 2 days,2026-05-18T22:46:53Z,200 OK,2026-05-26T09:50:11Z,"Home Page - New CAED","Eastern District - Home Page (News)","","https://versionista.com/207351/24103231/65016939/",
"https://www.caed.uscourts.gov","CA USDC ",monitored,"California","https://www.casd.uscourts.gov/clerksoffice/Court-Holiday-Schedule.aspx",monitored,1,2026-05-18T22:48:06Z,every 2 days,2026-05-18T22:49:50Z,200 OK,2026-05-28T08:16:42Z,"Court Holiday Schedule","Southern District - Holiday Schedule","","https://versionista.com/207351/24103232/65016970/",
"https://www.caed.uscourts.gov","CA USDC ",monitored,"California","https://www.casd.uscourts.gov/",monitored,2,2026-05-18T22:48:48Z,every 2 days,2026-05-26T16:25:11Z,200 OK,2026-05-28T16:15:10Z,"","Southern District - Home Page (News)","","https://versionista.com/207351/24103233/65119021/","https://versionista.com/207351/24103233/65119021:0/"
"https://www.caed.uscourts.gov","CA USDC ",monitored,"California","https://www.casd.uscourts.gov/rules/local-rules.aspx",monitored,1,2026-05-18T22:49:10Z,every 2 days,2026-05-18T22:52:46Z,200 OK,2026-05-27T03:01:00Z,"Local Rules","Southern District - Local Rules","","https://versionista.com/207351/24103234/65016991/",
"https://www.caed.uscourts.gov","CA USDC ",monitored,"California","https://www.casd.uscourts.gov/rules/general-orders.aspx",monitored,2,2026-05-18T22:50:02Z,every 2 days,2026-05-22T22:19:52Z,200 OK,2026-05-28T17:46:57Z,"General Orders","Southern District - General Orders","","https://versionista.com/207351/24103235/65073957/","https://versionista.com/207351/24103235/65073957:0/"
"https://www.caed.uscourts.gov","CA USDC ",monitored,"California","https://www.cacd.uscourts.gov/",monitored,4,2026-05-18T22:51:23Z,every 2 days,2026-05-27T22:41:01Z,200 OK,2026-05-27T22:41:01Z,"Central District of California | United States District Court","Central District - Home Page (News)","","https://versionista.com/207351/24103237/65134126/","https://versionista.com/207351/24103237/65134126:0/"
"https://www.caed.uscourts.gov","CA USDC ",monitored,"California","https://www.cacd.uscourts.gov/court-procedures/local-rules",monitored,2,2026-05-18T22:51:49Z,every 2 days,2026-05-23T01:28:55Z,200 OK,2026-05-26T08:00:31Z,"Local Rules | Central District of California | United States District Court","Central District - Local Rules","","https://versionista.com/207351/24103239/65074938/","https://versionista.com/207351/24103239/65074938:0/"
"https://www.caed.uscourts.gov","CA USDC ",monitored,"California","https://www.cacd.uscourts.gov/calendars/court-holidays",monitored,3,2026-05-18T22:52:07Z,every 2 days,2026-05-24T14:51:28Z,200 OK,2026-05-27T00:21:19Z,"Court Holidays | Central District of California | United States District Court","Central District - Holiday Schedule","","https://versionista.com/207351/24103240/65094898/","https://versionista.com/207351/24103240/65094898:0/"
"https://www.caed.uscourts.gov","CA USDC ",monitored,"California","https://cand.uscourts.gov/",monitored,2,2026-05-18T22:53:59Z,every 2 days,2026-05-22T20:38:14Z,200 OK,2026-05-28T09:31:18Z,"Northern District of California | United States District Court","Northern District - Home Page (News)","","https://versionista.com/207351/24103242/65073423/","https://versionista.com/207351/24103242/65073423:0/"
"https://www.caed.uscourts.gov","CA USDC ",monitored,"California","https://cand.uscourts.gov/about-court/locations-hours/court-holidays",monitored,2,2026-05-18T22:54:30Z,every 2 days,2026-05-21T19:05:01Z,200 OK,2026-05-26T09:21:42Z,"Court Holidays | Northern District of California | United States District Court","Northern District - Holiday Schedule","","https://versionista.com/207351/24103245/65057629/","https://versionista.com/207351/24103245/65057629:0/"
"https://www.caed.uscourts.gov","CA USDC ",monitored,"California","https://cand.uscourts.gov/rules-forms-fees/local-rules",monitored,2,2026-05-18T22:55:18Z,every 2 days,2026-05-28T13:03:32Z,200 OK,2026-05-28T13:03:32Z,"Local Rules | Northern District of California | United States District Court","Northern District - Local Rules","","https://versionista.com/207351/24103246/65143412/","https://versionista.com/207351/24103246/65143412:0/"
"https://www.caed.uscourts.gov","CA USDC ",monitored,"California","https://www.cacb.uscourts.gov/",monitored,3,2026-05-18T22:56:23Z,every 2 days,2026-05-27T16:52:53Z,200 OK,2026-05-27T16:52:53Z,"Central District of California | United States Bankruptcy Court","Bankruptcy Central District - Home Page (News)","","https://versionista.com/207351/24103250/65131648/","https://versionista.com/207351/24103250/65131648:0/"
"https://www.caed.uscourts.gov","CA USDC ",monitored,"California","https://www.cacb.uscourts.gov/local-rules",monitored,1,2026-05-18T22:56:48Z,every 2 days,2026-05-18T23:26:24Z,200 OK,2026-05-26T14:58:52Z,"Local Bankruptcy Rules | Central District of California | United States Bankruptcy Court","Bankruptcy Central District - Local Rules","","https://versionista.com/207351/24103251/65017231/",
"https://www.caed.uscourts.gov","CA USDC ",monitored,"California","https://www.cacb.uscourts.gov/general-orders",monitored,1,2026-05-18T22:57:09Z,every 2 days,2026-05-18T23:06:01Z,200 OK,2026-05-28T12:00:43Z,"General Orders | Central District of California | United States Bankruptcy Court","Bankruptcy Central District - General Orders","","https://versionista.com/207351/24103252/65017099/",
"https://www.caed.uscourts.gov","CA USDC ",monitored,"California","https://www.casb.uscourts.gov/",monitored,2,2026-05-18T22:58:06Z,every 2 days,2026-05-23T06:24:27Z,200 OK,2026-05-26T17:46:04Z,"Southern District of California | United States Bankruptcy Court","Bankruptcy Southern District - Home Page (News)","","https://versionista.com/207351/24103253/65077791/","https://versionista.com/207351/24103253/65077791:0/"
"https://www.caed.uscourts.gov","CA USDC ",monitored,"California","https://www.casb.uscourts.gov/rules_procedures",monitored,1,2026-05-18T22:58:30Z,every 2 days,2026-05-18T23:17:51Z,200 OK,2026-05-27T20:42:55Z,"Rules &amp; Procedures | Southern District of California | United States Bankruptcy Court","Bankruptcy Southern District - Local Rules","","https://versionista.com/207351/24103254/65017173/",
"https://www.caed.uscourts.gov","CA USDC ",monitored,"California","https://www.casb.uscourts.gov/general-orders",monitored,1,2026-05-18T22:58:56Z,every 2 days,2026-05-18T23:08:55Z,200 OK,2026-05-25T03:48:40Z,"General Orders | Southern District of California | United States Bankruptcy Court","Bankruptcy Southern District - General Orders","","https://versionista.com/207351/24103255/65017120/",
"https://www.caed.uscourts.gov","CA USDC ",monitored,"California","https://www.canb.uscourts.gov/",monitored,4,2026-05-18T23:01:38Z,every 2 days,2026-05-28T00:00:43Z,200 OK,2026-05-28T00:00:43Z,"News and Announcements | United States Bankruptcy Court","Bankruptcy Northern District - Home Page (News)","","https://versionista.com/207351/24103258/65134787/","https://versionista.com/207351/24103258/65134787:0/"
"https://www.caed.uscourts.gov","CA USDC ",monitored,"California","https://www.canb.uscourts.gov/procedures/local-rules",monitored,2,2026-05-18T23:01:59Z,every 2 days,2026-05-23T20:45:05Z,200 OK,2026-05-28T12:35:11Z,"Bankruptcy Local Rules | United States Bankruptcy Court","Bankruptcy Northern District - Local Rules","","https://versionista.com/207351/24103259/65086298/","https://versionista.com/207351/24103259/65086298:0/"
"https://www.caed.uscourts.gov","CA USDC ",monitored,"California","https://www.caeb.uscourts.gov/",monitored,3,2026-05-18T23:03:10Z,every 2 days,2026-05-26T20:12:01Z,200,2026-05-26T20:12:01Z,"United States Bankruptcy Court - Eastern District of California","Bankruptcy Eastern District - Home Page (News)","","https://versionista.com/207351/24103265/65120356/","https://versionista.com/207351/24103265/65120356:0/"
"https://www.caed.uscourts.gov","CA USDC ",monitored,"California","https://www.caeb.uscourts.gov/LocalRulesAndGeneralOrders",monitored,1,2026-05-18T23:03:28Z,every 2 days,2026-05-18T23:22:07Z,200,2026-05-24T08:12:23Z,"United States Bankruptcy Court - Eastern District of California","Bankruptcy Eastern District - Local Rules","","https://versionista.com/207351/24103266/65017200/",
"https://govt.westlaw.com","AZ Westlaw",monitored,"Arizona","https://govt.westlaw.com/azrules/Document/NA17238E00BC011E2A00AB7DA5AE668E2?viewType=FullText&originationContext=documenttoc&transitionType=CategoryPageItem&contextData=(sc.Default)",paused,25,2020-09-15T15:28:06Z,every 2 days,2024-05-05T14:15:06Z,200 OK,2024-05-05T14:15:06Z,"Message - Arizona Court Rules","Justice Court - Civil Rules of Procedure","Pointing to this page strictly for the amendment line to pickup any updates in the code.","https://versionista.com/207576/14083605/55287736/","https://versionista.com/207576/14083605/55287736:0/"
"https://govt.westlaw.com","AZ Westlaw",monitored,"Arizona","https://govt.westlaw.com/azrules/Document/N7FE548E06B6611DAAB3EA0F0192580F1?viewType=FullText&originationContext=documenttoc&transitionType=CategoryPageItem&contextData=(sc.Default)",paused,10,2023-05-03T23:21:52Z,every 2 days,2023-11-09T05:55:40Z,200 OK,2023-11-09T05:55:40Z,"View Document - Arizona Court Rules","Maricopa - Local Rules","","https://versionista.com/207576/20622690/52867922/","https://versionista.com/207576/20622690/52867922:0/"
"https://govt.westlaw.com","AZ Westlaw",monitored,"Arizona","https://govt.westlaw.com/azrules/Document/N7B1152A06B6611DAAB3EA0F0192580F1?viewType=FullText&originationContext=documenttoc&transitionType=CategoryPageItem&contextData=(sc.Default)",paused,10,2023-05-03T23:43:26Z,every 2 days,2023-11-08T23:20:56Z,200 OK,2023-11-08T23:20:56Z,"View Document - Arizona Court Rules","Apache - Local Rules","","https://versionista.com/207576/20622700/52862518/","https://versionista.com/207576/20622700/52862518:0/"
"https://govt.westlaw.com","AZ Westlaw",monitored,"Arizona","https://govt.westlaw.com/azrules/Browse/Home/Arizona/ArizonaCourtRules/ArizonaStatutesCourtRules?guid=N3BCB8250715611DAA16E8D4AC7636430&originationContext=documenttoc&transitionType=Default&contextData=(sc.Default)",monitored,3,2026-04-23T21:44:45Z,every 2 days,2026-05-17T07:49:35Z,200 OK,2026-05-27T02:25:13Z,"Browse &gt; Local Rules of Practice Superior Court &gt; Cochise County - Arizona Court Rules","Cochise - Superior Court Local Rules","","https://versionista.com/207576/24052644/64998676/","https://versionista.com/207576/24052644/64998676:0/"
"https://govt.westlaw.com","AZ Westlaw",monitored,"Arizona","https://govt.westlaw.com/azrules/Browse/Home/Arizona/ArizonaCourtRules/ArizonaStatutesCourtRules?guid=N422AAC70715611DAA16E8D4AC7636430&originationContext=documenttoc&transitionType=Default&contextData=(sc.Default)",monitored,3,2026-04-23T21:59:55Z,every 2 days,2026-05-17T08:05:22Z,200 OK,2026-05-27T02:37:27Z,"Browse &gt; Local Rules of Practice Superior Court &gt; Coconino County &gt; Local Rules - Arizona Court Rules","Coconino - Superior Court Local Rules ","","https://versionista.com/207576/24052660/64998798/","https://versionista.com/207576/24052660/64998798:0/"
"https://govt.westlaw.com","AZ Westlaw",monitored,"Arizona","https://govt.westlaw.com/azrules/Browse/Home/Arizona/ArizonaCourtRules/ArizonaStatutesCourtRules?guid=N0E4EC4C096CF11E8A153B5BE86F2C508&originationContext=documenttoc&transitionType=Default&contextData=(sc.Default)",monitored,3,2026-04-23T22:22:17Z,every 2 days,2026-05-17T08:42:06Z,200 OK,2026-05-27T03:25:52Z,"Browse &gt; Local Rules of Practice Superior Court &gt; Pima County &gt; Rule 2. Civil - Arizona Court Rules","Pima - Superior Court Local Rules","","https://versionista.com/207576/24052671/64999028/","https://versionista.com/207576/24052671/64999028:0/"
"https://govt.westlaw.com","AZ Westlaw",monitored,"Arizona","https://govt.westlaw.com/azrules/Browse/Home/Arizona/ArizonaCourtRules/ArizonaStatutesCourtRules?guid=N85410D10715611DAA16E8D4AC7636430&originationContext=documenttoc&transitionType=Default&contextData=(sc.Default)",monitored,3,2026-04-23T22:42:49Z,every 2 days,2026-05-17T08:57:22Z,200 OK,2026-05-27T03:48:53Z,"Browse &gt; Local Rules of Practice Superior Court &gt; Pinal County - Arizona Court Rules","Pinal - Superior Court Local Rules","","https://versionista.com/207576/24052686/64999125/","https://versionista.com/207576/24052686/64999125:0/"
"https://govt.westlaw.com","AZ Westlaw",monitored,"Arizona","https://govt.westlaw.com/azrules/Browse/Home/Arizona/ArizonaCourtRules/ArizonaStatutesCourtRules?guid=NA0F778F0715611DAA16E8D4AC7636430&originationContext=documenttoc&transitionType=Default&contextData=(sc.Default)",monitored,3,2026-04-23T22:45:03Z,every 2 days,2026-05-17T08:48:23Z,200 OK,2026-05-27T03:35:14Z,"Browse &gt; Local Rules of Practice Superior Court &gt; Yavapai County - Arizona Court Rules","Yavapai - Superior Court Local Rules","","https://versionista.com/207576/24052687/64999074/","https://versionista.com/207576/24052687/64999074:0/"
"https://govt.westlaw.com","AZ Westlaw",monitored,"Arizona","https://govt.westlaw.com/azrules/Browse/Home/Arizona/ArizonaCourtRules/ArizonaStatutesCourtRules?guid=N45C622B0715611DAA16E8D4AC7636430&originationContext=documenttoc&transitionType=Default&contextData=(sc.Default)",monitored,3,2026-04-23T23:05:24Z,every 2 days,2026-05-17T09:13:29Z,200 OK,2026-05-27T03:37:46Z,"Browse &gt; Local Rules of Practice Superior Court &gt; Gila County - Arizona Court Rules","Gila - Superior Court Local Rules","","https://versionista.com/207576/24052697/64999228/","https://versionista.com/207576/24052697/64999228:0/"
"https://govt.westlaw.com","AZ Westlaw",monitored,"Arizona","https://govt.westlaw.com/azrules/index?__lrTS=20260521221355168&transitionType=Default&contextData=(sc.Default)",monitored,2,2026-05-21T22:14:39Z,every 2 days,2026-05-23T21:07:47Z,200 OK,2026-05-27T18:45:40Z,"Home - Arizona Court Rules","Rules of Civil Procedure","","https://versionista.com/207576/24114142/65086427/","https://versionista.com/207576/24114142/65086427:0/"
"https://govt.westlaw.com","AZ Westlaw",monitored,"Arizona","https://govt.westlaw.com/azrules/Browse/Home/Arizona/ArizonaCourtRules/ArizonaStatutesCourtRules?guid=N1A651810715611DAA16E8D4AC7636430&transitionType=CategoryPageItem&contextData=(sc.Default)",monitored,2,2026-05-21T22:37:54Z,every 2 days,2026-05-23T21:30:19Z,200 OK,2026-05-27T19:07:57Z,"Browse &gt; Rules of Family Law Procedure - Arizona Court Rules","Rules of Family Law Procedure","","https://versionista.com/207576/24114339/65086559/","https://versionista.com/207576/24114339/65086559:0/"
"https://govt.westlaw.com","AZ Westlaw",monitored,"Arizona","https://govt.westlaw.com/azrules/Browse/Home/Arizona/ArizonaCourtRules/ArizonaStatutesCourtRules?guid=NB746AF40715611DAA16E8D4AC7636430&transitionType=Default&contextData=(sc.Default)",monitored,2,2026-05-21T23:00:31Z,every 2 days,2026-05-23T21:50:02Z,200 OK,2026-05-27T19:29:52Z,"Browse &gt; Rules of Procedure for Judicial Review of Administrative Decisions - Arizona Court Rules","Rules of Procedure for Judicial Review of Administrative Decisions","","https://versionista.com/207576/24114400/65086718/","https://versionista.com/207576/24114400/65086718:0/"
"https://www.scd.uscourts.gov","SC USDC",monitored,"South Carolina","https://www.scd.uscourts.gov/navtop/rules.asp",monitored,13,2020-09-14T22:12:39Z,every 2 days,2024-01-14T14:56:38Z,200 OK,2026-05-27T01:46:44Z,"SCD - Rules","Local Rules","","https://versionista.com/207579/14079593/53745777/","https://versionista.com/207579/14079593/53745777:0/"
"https://www.scd.uscourts.gov","SC USDC",monitored,"South Carolina","https://www.scd.uscourts.gov/navtop/whatsnew.asp",monitored,38,2022-12-12T23:44:57Z,every 2 days,2026-04-26T02:46:25Z,200 OK,2026-05-26T09:38:05Z,"SCD - Whats New","News","","https://versionista.com/207579/19402477/64727757/","https://versionista.com/207579/19402477/64727757:0/"
"https://www.scd.uscourts.gov","SC USDC",monitored,"South Carolina","https://www.scd.uscourts.gov/",monitored,2,2026-05-13T23:31:22Z,every 2 days,2026-05-22T22:05:18Z,200 OK,2026-05-28T02:35:53Z,"Official Website for the United States District Court for the District of South Carolina","Home Page","","https://versionista.com/207579/24094340/65073844/","https://versionista.com/207579/24094340/65073844:0/"
"https://www.ded.uscourts.gov","DE USDC",monitored,"Delaware","https://www.ded.uscourts.gov/local-rules",monitored,12,2020-10-09T17:14:09Z,every 2 days,2026-02-25T19:08:32Z,200 OK,2026-05-26T14:22:54Z,"Local Rules | District of Delaware | United States District Court","Local Rules","","https://versionista.com/209729/14220195/63958056/","https://versionista.com/209729/14220195/63958056:0/"
"https://www.ded.uscourts.gov","DE USDC",monitored,"Delaware","https://www.ded.uscourts.gov/court-holidays",monitored,15,2023-05-16T22:37:26Z,every 2 days,2026-01-11T16:08:13Z,200 OK,2026-05-25T12:48:56Z,"Court Holidays | District of Delaware | United States District Court","Holiday Schedule","","https://versionista.com/209729/20683246/63352394/","https://versionista.com/209729/20683246/63352394:0/"
"https://www.ded.uscourts.gov","DE USDC",monitored,"Delaware","https://www.ded.uscourts.gov/",monitored,3,2026-04-21T21:12:29Z,every 2 days,2026-05-04T21:59:11Z,200 OK,2026-05-28T13:53:34Z,"District of Delaware | United States District Court","Home Page (News)","","https://versionista.com/209729/24050364/64835395/","https://versionista.com/209729/24050364/64835395:0/"
"https://courts.delaware.gov","DE State",monitored,"Delaware","https://courts.delaware.gov/rules/index.aspx/",monitored,22,2020-10-13T23:03:27Z,every 2 days,2021-08-13T11:21:58Z,200 OK,2026-05-27T11:42:33Z,"Rules of the Delaware State Courts - Delaware Courts - State of Delaware","Rules of Court","","https://versionista.com/209826/14234442/34449735/","https://versionista.com/209826/14234442/34449735:0/"
"https://courts.delaware.gov","DE State",monitored,"Delaware","https://courts.delaware.gov/locations/holidays.aspx",monitored,36,2023-05-16T22:35:43Z,every 2 days,2026-04-02T18:19:27Z,200 OK,2026-05-27T10:12:56Z,"Delaware State Courts: Holiday Schedule - Hours &amp; Locations - Delaware Courts - State of Delaware","Holiday Schedule","","https://versionista.com/209826/20683239/64433157/","https://versionista.com/209826/20683239/64433157:0/"
"https://courts.delaware.gov","DE State",monitored,"Delaware","https://courts.delaware.gov/",monitored,6,2026-04-21T21:12:58Z,every 2 days,2026-05-27T01:25:12Z,200 OK,2026-05-27T01:25:12Z,"Delaware Courts - State of Delaware","Delaware Judicial Branch","","https://versionista.com/209826/24050365/65122074/","https://versionista.com/209826/24050365/65122074:0/"
"https://www.ncmd.uscourts.gov","NC USDC",monitored,"North Carolina","https://www.ncmd.uscourts.gov/local-rules-and-orders",monitored,23,2020-10-13T14:55:03Z,every 2 days,2026-04-23T13:16:51Z,200 OK,2026-05-27T00:13:50Z,"Local Rules and Orders | Middle District of North Carolina | United States District Court","Middle District - Local Rules","","https://versionista.com/209907/14232834/64693993/","https://versionista.com/209907/14232834/64693993:0/"
"https://www.ncmd.uscourts.gov","NC USDC",monitored,"North Carolina","https://www.ncmd.uscourts.gov/court-info/court-holidays",monitored,17,2021-07-29T21:13:03Z,every 2 days,2025-12-30T00:09:50Z,200 OK,2026-05-28T07:26:46Z,"2026 Court Holidays | Middle District of North Carolina | United States District Court","Middle District - Holiday Schedule","","https://versionista.com/209907/15987374/63191237/","https://versionista.com/209907/15987374/63191237:0/"
"https://www.ncmd.uscourts.gov","NC USDC",monitored,"North Carolina","https://www.ncwd.uscourts.gov/",monitored,2,2026-05-13T20:12:16Z,every 2 days,2026-05-16T15:53:56Z,200,2026-05-25T21:05:45Z,"Western District of North Carolina | United States District Court","Western District - Home Page (News)","","https://versionista.com/209907/24093637/64992748/","https://versionista.com/209907/24093637/64992748:0/"
"https://www.ncmd.uscourts.gov","NC USDC",monitored,"North Carolina","https://www.ncmd.uscourts.gov/",monitored,2,2026-05-13T20:12:41Z,every 2 days,2026-05-15T19:11:04Z,200 OK,2026-05-26T18:15:53Z,"Middle District of North Carolina | United States District Court","Middle District - Home Page (News)","","https://versionista.com/209907/24093639/64981337/","https://versionista.com/209907/24093639/64981337:0/"
"https://www.ncmd.uscourts.gov","NC USDC",monitored,"North Carolina","https://www.ncwd.uscourts.gov/court-info/local-rules-and-orders/local-rules",monitored,1,2026-05-13T20:13:26Z,every 2 days,2026-05-13T20:14:22Z,200,2026-05-28T15:09:18Z,"Local Rules | Western District of North Carolina | United States District Court","Western District - Local Rules","","https://versionista.com/209907/24093640/64952425/",
"https://www.ncmd.uscourts.gov","NC USDC",monitored,"North Carolina","https://www.ncwd.uscourts.gov/court-info/court-holidays",monitored,1,2026-05-13T20:14:07Z,every 2 days,2026-05-13T20:17:22Z,200,2026-05-28T18:40:54Z,"Court Holidays | Western District of North Carolina | United States District Court","Western District - Holiday Schedule","","https://versionista.com/209907/24093641/64952455/",
"https://www.ncmd.uscourts.gov","NC USDC",monitored,"North Carolina","https://www.nced.uscourts.gov/",monitored,1,2026-05-13T20:15:08Z,every 2 days,2026-05-13T20:20:07Z,200 OK,2026-05-27T06:01:46Z,"HOME","Eastern District - Home Page (News)","","https://versionista.com/209907/24093645/64952478/",
"https://www.ncmd.uscourts.gov","NC USDC",monitored,"North Carolina","https://www.nced.uscourts.gov/rules/Default.aspx",monitored,1,2026-05-13T20:15:59Z,every 2 days,2026-05-13T20:25:43Z,200 OK,2026-05-28T00:45:15Z,"RULES","Eastern District - Local Rules","","https://versionista.com/209907/24093646/64952519/",
"https://www.ncmd.uscourts.gov","NC USDC",monitored,"North Carolina","https://www.nced.uscourts.gov/public1/holidays.aspx",monitored,1,2026-05-13T20:17:22Z,every 2 days,2026-05-13T20:22:57Z,200 OK,2026-05-26T17:01:42Z,"COURT HOLIDAYS","Eastern District - Holiday Schedule","","https://versionista.com/209907/24093649/64952496/",
"https://www.txwd.uscourts.gov","TX USDC ",monitored,"Texas","https://www.txwd.uscourts.gov/",monitored,50,2020-10-29T16:33:31Z,every 2 days,2026-05-23T08:05:25Z,200,2026-05-27T06:09:33Z,"U.S. District Court – Western District of Texas","Western District - Home Page (News)","","https://versionista.com/211200/14316032/65079546/","https://versionista.com/211200/14316032/65079546:0/"
"https://www.txwd.uscourts.gov","TX USDC ",monitored,"Texas","https://www.txwd.uscourts.gov/judges-information/standing-orders/",monitored,46,2021-07-23T20:00:14Z,every 2 days,2026-05-22T21:38:08Z,200,2026-05-28T14:36:19Z,"Standing Orders – U.S. District Court","Western District - Standing Orders","","https://versionista.com/211200/15960761/65073705/","https://versionista.com/211200/15960761/65073705:0/"
"https://www.txwd.uscourts.gov","TX USDC ",monitored,"Texas","https://www.txwd.uscourts.gov/court-information/court-holidays/",monitored,26,2021-07-28T22:04:25Z,every 2 days,2026-02-17T07:05:03Z,200,2026-05-26T15:24:56Z,"Court Holidays – U.S. District Court","Western District - Holiday Schedule","","https://versionista.com/211200/15980104/63841802/","https://versionista.com/211200/15980104/63841802:0/"
"https://www.txwd.uscourts.gov","TX USDC ",monitored,"Texas","https://www.txwd.uscourts.gov/court-information/lcr-introduction/",monitored,1,2026-03-31T20:07:05Z,every 2 days,2026-03-31T20:07:38Z,200,2026-05-27T17:51:39Z,"Introduction to Local Court Rules – U.S. District Court","Western District - Local Rules","","https://versionista.com/211200/24010371/64401308/",
"https://www.txwd.uscourts.gov","TX USDC ",monitored,"Texas","https://www.txed.uscourts.gov/",monitored,3,2026-05-15T19:22:54Z,every 2 days,2026-05-25T06:55:02Z,200 OK,2026-05-27T11:22:40Z,"Eastern District of Texas | United States District Court","Eastern District - Home Page (News)","","https://versionista.com/211200/24097673/65101046/","https://versionista.com/211200/24097673/65101046:0/"
"https://www.txwd.uscourts.gov","TX USDC ",monitored,"Texas","https://www.txed.uscourts.gov/?q=rules-and-orders",monitored,1,2026-05-15T19:23:21Z,every 2 days,2026-05-15T19:27:32Z,200 OK,2026-05-27T18:39:34Z,"Rules &amp; Orders | Eastern District of Texas | United States District Court","Eastern District - Local Rules","","https://versionista.com/211200/24097674/64981437/",
"https://www.txwd.uscourts.gov","TX USDC ",monitored,"Texas","https://www.txed.uscourts.gov/court-holidays",monitored,2,2026-05-15T19:23:45Z,every 2 days,2026-05-23T00:54:01Z,200 OK,2026-05-26T21:45:46Z,"Federal Holidays | Eastern District of Texas | United States District Court","Eastern District - Holiday Schedule","","https://versionista.com/211200/24097675/65074746/","https://versionista.com/211200/24097675/65074746:0/"
"https://www.txwd.uscourts.gov","TX USDC ",monitored,"Texas","https://www.txed.uscourts.gov/?q=general-orders",monitored,1,2026-05-15T19:24:10Z,every 2 days,2026-05-15T19:28:47Z,200 OK,2026-05-27T06:37:27Z,"General Orders | Eastern District of Texas | United States District Court","Eastern District - General Orders","","https://versionista.com/211200/24097676/64981443/",
"https://www.txwd.uscourts.gov","TX USDC ",monitored,"Texas","https://www.txs.uscourts.gov/",monitored,2,2026-05-18T20:05:50Z,every 2 days,2026-05-22T04:14:42Z,200 OK,2026-05-26T08:01:56Z,"Southern District of Texas | United States District &amp; Bankruptcy Court","Southern District - Home Page (News)","","https://versionista.com/211200/24102467/65062449/","https://versionista.com/211200/24102467/65062449:0/"
"https://www.txwd.uscourts.gov","TX USDC ",monitored,"Texas","https://www.txs.uscourts.gov/page/local-federal-rules",monitored,1,2026-05-18T20:06:14Z,every 2 days,2026-05-18T20:07:20Z,200 OK,2026-05-28T16:32:58Z,"Local &amp; Federal Rules | Southern District of Texas","Southern District - Local Rules","","https://versionista.com/211200/24102468/65014986/",
"https://www.txwd.uscourts.gov","TX USDC ",monitored,"Texas","https://www.txs.uscourts.gov/district/genord/",monitored,1,2026-05-18T20:06:32Z,every 2 days,2026-05-18T20:10:16Z,200 OK,2026-05-27T10:28:05Z,"District Court General Orders | Southern District of Texas","Southern District - General Orders","","https://versionista.com/211200/24102469/65015010/",
"https://www.txwd.uscourts.gov","TX USDC ",monitored,"Texas","https://www.txs.uscourts.gov/office-holidays",monitored,1,2026-05-18T20:06:54Z,every 2 days,2026-05-18T20:11:39Z,200 OK,2026-05-26T13:41:25Z,"Office Holidays | Southern District of Texas","Southern District - Holiday Schedule","","https://versionista.com/211200/24102470/65015032/",
"https://www.txwd.uscourts.gov","TX USDC ",monitored,"Texas","https://www.txnd.uscourts.gov/",monitored,3,2026-05-18T20:11:36Z,every 2 days,2026-05-27T01:37:36Z,200 OK,2026-05-27T01:37:36Z,"Northern District of Texas | United States District Court","Northern District - Home Page (News)","","https://versionista.com/211200/24102482/65122165/","https://versionista.com/211200/24102482/65122165:0/"
"https://www.txwd.uscourts.gov","TX USDC ",monitored,"Texas","https://www.txnd.uscourts.gov/court-holidays",monitored,1,2026-05-18T20:11:51Z,every 2 days,2026-05-18T20:20:28Z,200 OK,2026-05-25T10:20:29Z,"Federal Holidays | Northern District of Texas | United States District Court","Northern District - Holiday Schedule","","https://versionista.com/211200/24102483/65015128/",
"https://www.txwd.uscourts.gov","TX USDC ",monitored,"Texas","https://www.txnd.uscourts.gov/rules-and-orders",monitored,1,2026-05-18T20:12:08Z,every 2 days,2026-05-18T20:21:58Z,200 OK,2026-05-26T10:17:47Z,"Rules &amp; Orders | Northern District of Texas | United States District Court","Northern District - Local Rules","","https://versionista.com/211200/24102484/65015144/",
"https://www.wyd.uscourts.gov","WY USDC",monitored,"Wyoming","https://www.wyd.uscourts.gov/court-info/local-rules-and-orders/local-rules",monitored,20,2021-01-25T19:03:07Z,every 2 days,2026-03-15T04:45:07Z,200 OK,2026-05-26T22:02:31Z,"Local Rules | District of Wyoming | United States District Court","Local Rules","","https://versionista.com/220854/14782313/64185776/","https://versionista.com/220854/14782313/64185776:0/"
"https://www.wyd.uscourts.gov","WY USDC",monitored,"Wyoming","https://www.wyd.uscourts.gov/court-info/court-holidays",monitored,19,2021-07-29T19:08:49Z,every 2 days,2026-01-06T22:38:47Z,200 OK,2026-05-27T06:58:52Z,"Court Holidays | District of Wyoming | United States District Court","Holiday Schedule","","https://versionista.com/220854/15987137/63289642/","https://versionista.com/220854/15987137/63289642:0/"
"https://www.wyd.uscourts.gov","WY USDC",monitored,"Wyoming","https://www.wyd.uscourts.gov/",monitored,2,2026-05-15T18:37:00Z,every 2 days,2026-05-24T19:47:46Z,200 OK,2026-05-28T08:42:50Z,"District of Wyoming | United States District Court","Home Page (News)","","https://versionista.com/220854/24097601/65096866/","https://versionista.com/220854/24097601/65096866:0/"
"https://www.wied.uscourts.gov","WI USDC ",monitored,"Wisconsin","https://www.wied.uscourts.gov/local-rules-and-guidance",monitored,28,2021-01-25T19:06:36Z,every 2 days,2026-02-25T13:26:22Z,200 OK,2026-05-26T17:52:08Z,"Local Rules and Guidance | Eastern District of Wisconsin | United States District Court","Eastern District - Local Rules","","https://versionista.com/220856/14782322/63954870/","https://versionista.com/220856/14782322/63954870:0/"
"https://www.wied.uscourts.gov","WI USDC ",monitored,"Wisconsin","https://www.wied.uscourts.gov/",monitored,2,2026-05-14T22:03:44Z,every 2 days,2026-05-22T11:31:11Z,200 OK,2026-05-27T10:26:38Z,"Eastern District of Wisconsin | United States District Court","Eastern District - Home Page (News)","","https://versionista.com/220856/24096246/65068589/","https://versionista.com/220856/24096246/65068589:0/"
"https://www.wied.uscourts.gov","WI USDC ",monitored,"Wisconsin","https://www.wiwd.uscourts.gov/",monitored,1,2026-05-14T22:04:43Z,every 2 days,2026-05-14T22:11:28Z,200 OK,2026-05-27T13:33:20Z,"Western District of Wisconsin | United States District Court","Western District - Home Page (News)","","https://versionista.com/220856/24096247/64968201/",
"https://www.wied.uscourts.gov","WI USDC ",monitored,"Wisconsin","https://www.wiwd.uscourts.gov/local-rules",monitored,1,2026-05-14T22:04:55Z,every 2 days,2026-05-14T22:27:04Z,200 OK,2026-05-24T07:25:02Z,"Local Rules | Western District of Wisconsin | United States District Court","Western District - Local Rules","","https://versionista.com/220856/24096248/64968381/",
"https://www.wvsd.uscourts.gov","WV USDC",monitored,"West Virginia","https://www.wvsd.uscourts.gov/court-info/local-rules-and-orders/local-rules",monitored,23,2021-01-25T19:07:41Z,every 5 days,2025-07-23T11:38:00Z,200 OK,2026-05-27T02:28:19Z,"Local Rules | Southern District of West Virginia | United States District Court","Southern District - Local Rules","","https://versionista.com/220858/14782340/61217664/","https://versionista.com/220858/14782340/61217664:0/"
"https://www.wvsd.uscourts.gov","WV USDC",monitored,"West Virginia","https://www.wvsd.uscourts.gov/court-info/court-holidays",monitored,11,2021-07-29T19:05:43Z,every 2 days,2026-01-09T00:59:26Z,200 OK,2026-05-26T08:57:38Z,"Court Holidays | Southern District of West Virginia | United States District Court","Southern District - Holiday Schedule ","","https://versionista.com/220858/15987133/63318108/","https://versionista.com/220858/15987133/63318108:0/"
"https://www.wvsd.uscourts.gov","WV USDC",monitored,"West Virginia","https://www.wvsd.uscourts.gov/",monitored,50,2022-03-15T20:22:27Z,every 2 days,2026-05-28T03:29:32Z,200 OK,2026-05-28T03:29:32Z,"Southern District of West Virginia | United States District Court","Southern District - Home Page (News)","","https://versionista.com/220858/17514864/65136635/","https://versionista.com/220858/17514864/65136635:0/"
"https://www.wvsd.uscourts.gov","WV USDC",monitored,"West Virginia","https://www.wvnd.uscourts.gov/",monitored,2,2026-05-14T21:58:27Z,every 2 days,2026-05-22T21:00:02Z,200 OK,2026-05-27T17:19:05Z,"Northern District of West Virginia | United States District Court","Northern District - Home Page (News)","","https://versionista.com/220858/24096241/65073532/","https://versionista.com/220858/24096241/65073532:0/"
"https://www.wvsd.uscourts.gov","WV USDC",monitored,"West Virginia","https://www.wvnd.uscourts.gov/court-hours-operation-and-holidays",monitored,1,2026-05-14T21:58:48Z,every 2 days,2026-05-14T22:17:04Z,200 OK,2026-05-26T04:02:39Z,"Court Hours of Operation and Holidays | Northern District of West Virginia | United States District Court","Northern District - Holiday Schedule","","https://versionista.com/220858/24096242/64968268/",
"https://www.wawd.uscourts.gov","WA USDC",monitored,"Washington","https://www.wawd.uscourts.gov/local-rules-and-orders",monitored,25,2021-01-25T19:11:28Z,every 2 days,2026-01-31T10:54:46Z,200 OK,2026-05-28T10:28:18Z,"Local Rules and General Orders | Western District of Washington | United States District Court","Western District - Local Rules","","https://versionista.com/220859/14782343/63616840/","https://versionista.com/220859/14782343/63616840:0/"
"https://www.wawd.uscourts.gov","WA USDC",monitored,"Washington","https://www.wawd.uscourts.gov/holidays",monitored,8,2021-07-29T19:03:01Z,every 2 days,2025-11-05T02:09:00Z,200 OK,2026-05-28T01:20:28Z,"Holidays | Western District of Washington | United States District Court","Western District - Holiday Schedule","","https://versionista.com/220859/15987131/62464278/","https://versionista.com/220859/15987131/62464278:0/"
"https://www.wawd.uscourts.gov","WA USDC",monitored,"Washington","https://www.wawd.uscourts.gov/",monitored,2,2026-05-15T18:44:11Z,every 2 days,2026-05-17T21:18:12Z,200 OK,2026-05-28T07:14:33Z,"Western District of Washington | United States District Court","Western District - Home Page (News)","","https://versionista.com/220859/24097609/65003865/","https://versionista.com/220859/24097609/65003865:0/"
"https://www.wawd.uscourts.gov","WA USDC",monitored,"Washington","https://www.waed.uscourts.gov/",monitored,2,2026-05-15T18:46:30Z,every 2 days,2026-05-27T12:20:13Z,200 OK,2026-05-27T12:20:13Z,"Popular Links | Eastern District of Washington","Eastern District - Home Page (News)","","https://versionista.com/220859/24097610/65129377/","https://versionista.com/220859/24097610/65129377:0/"
"https://www.wawd.uscourts.gov","WA USDC",monitored,"Washington","https://www.waed.uscourts.gov/court-info/local-rules-and-orders/general-orders",monitored,4,2026-05-15T18:46:48Z,every 2 days,2026-05-27T06:27:33Z,200 OK,2026-05-27T06:27:33Z,"Local Rules / General Orders | Eastern District of Washington","Eastern District - Local Rules","","https://versionista.com/220859/24097611/65125823/","https://versionista.com/220859/24097611/65125823:0/"
"https://www.vaed.uscourts.gov","VA USDC",monitored,"Virginia","https://www.vaed.uscourts.gov/court-info/local-rules-and-orders",monitored,17,2021-01-25T19:18:28Z,every 2 days,2026-04-15T10:33:33Z,200 OK,2026-05-27T04:20:19Z,"Local Rules | Eastern District of Virginia | United States District Court","Eastern District - Local Rules","","https://versionista.com/220862/14782419/64583939/","https://versionista.com/220862/14782419/64583939:0/"
"https://www.vaed.uscourts.gov","VA USDC",monitored,"Virginia","https://www.vaed.uscourts.gov/government-holidays",monitored,25,2021-07-29T18:49:07Z,every 2 days,2026-04-17T11:39:20Z,200 OK,2026-05-27T20:54:53Z,"Government Holidays | Eastern District of Virginia | United States District Court","Eastern District - Holiday Schedule","","https://versionista.com/220862/15987114/64614730/","https://versionista.com/220862/15987114/64614730:0/"
"https://www.vaed.uscourts.gov","VA USDC",monitored,"Virginia","https://www.vaed.uscourts.gov/",monitored,2,2026-05-14T21:48:15Z,every 2 days,2026-05-17T03:09:04Z,200 OK,2026-05-27T12:07:44Z,"Eastern District of Virginia | United States District Court","Eastern District - Home Page (News)","","https://versionista.com/220862/24096153/64996590/","https://versionista.com/220862/24096153/64996590:0/"
"https://www.vaed.uscourts.gov","VA USDC",monitored,"Virginia","https://www.vawd.uscourts.gov/",monitored,1,2026-05-14T21:50:16Z,every 2 days,2026-05-14T21:50:44Z,200,2026-05-26T05:38:49Z,"Home - U.S. District Court Western District of Virginia","Western District - Home Page (News)","","https://versionista.com/220862/24096166/64967972/",
"https://www.vaed.uscourts.gov","VA USDC",monitored,"Virginia","https://www.vawd.uscourts.gov/court-information/local-rules-and-standing-orders/",monitored,1,2026-05-14T21:50:38Z,every 2 days,2026-05-14T22:14:20Z,200,2026-05-27T11:52:59Z,"Local Rules and Standing Orders - U.S. District Court Western District of Virginia","Western District - Local Rules","","https://versionista.com/220862/24096167/64968236/",
"https://www.vaed.uscourts.gov","VA USDC",monitored,"Virginia","https://www.vawd.uscourts.gov/court-information/court-hours-and-holidays/",monitored,1,2026-05-14T21:51:05Z,every 2 days,2026-05-14T21:53:42Z,200,2026-05-25T20:28:54Z,"Court Hours and Holidays - U.S. District Court Western District of Virginia","Western District - Holiday Schedule","","https://versionista.com/220862/24096168/64968006/",
"https://www.utd.uscourts.gov","UT USDC",monitored,"Utah","https://www.utd.uscourts.gov/rules-practice",monitored,12,2021-01-25T19:19:57Z,every 2 days,2022-05-18T05:14:59Z,200 OK,2026-05-26T14:27:32Z,"Rules of Practice | District of Utah | United States District Court","Local Rules","","https://versionista.com/220863/14782420/40089103/","https://versionista.com/220863/14782420/40089103:0/"
"https://www.utd.uscourts.gov","UT USDC",monitored,"Utah","https://www.utd.uscourts.gov/general-information",monitored,1,2026-04-14T18:55:40Z,every 2 days,2026-04-14T18:57:19Z,200 OK,2026-05-26T21:16:05Z,"General Information | District of Utah | United States District Court","Holiday Schedule","","https://versionista.com/220863/24039463/64574468/",
"https://www.utd.uscourts.gov","UT USDC",monitored,"Utah","https://www.utd.uscourts.gov/",monitored,1,2026-05-14T21:26:20Z,every 2 days,2026-05-14T21:27:17Z,200 OK,2026-05-27T13:27:34Z,"District of Utah | United States District Court","Home Page (News)","","https://versionista.com/220863/24095928/64967736/",
"https://www.paed.uscourts.gov","PA USDC",monitored,"Pennsylvania","https://www.paed.uscourts.gov/court-holidays",monitored,17,2023-10-23T17:12:29Z,every 2 days,2026-03-20T06:26:05Z,200 OK,2026-05-26T13:52:01Z,"Court Holidays | Eastern District of Pennsylvania | United States District Court","Eastern District - Holiday Schedule","","https://versionista.com/220871/21645669/64252941/","https://versionista.com/220871/21645669/64252941:0/"
"https://www.paed.uscourts.gov","PA USDC",monitored,"Pennsylvania","https://www.paed.uscourts.gov/local-rules",monitored,39,2023-10-23T17:14:06Z,every week,2026-05-27T08:35:26Z,200 OK,2026-05-27T08:35:26Z,"Local Rules, Standing and Administrative Orders | Eastern District of Pennsylvania | United States District Court","Eastern District - Local Rules and Orders","","https://versionista.com/220871/21645684/65127737/","https://versionista.com/220871/21645684/65127737:0/"
"https://www.paed.uscourts.gov","PA USDC",monitored,"Pennsylvania","https://www.paed.uscourts.gov/",monitored,4,2026-05-13T22:48:26Z,every 2 days,2026-05-28T15:55:56Z,200 OK,2026-05-28T15:55:56Z,"Eastern District of Pennsylvania | United States District Court","Eastern District - Home Page (News)","","https://versionista.com/220871/24094205/65145376/","https://versionista.com/220871/24094205/65145376:0/"
"https://www.paed.uscourts.gov","PA USDC",monitored,"Pennsylvania","https://www.pawd.uscourts.gov/",monitored,2,2026-05-13T22:49:53Z,every 2 days,2026-05-23T22:12:45Z,200 OK,2026-05-28T05:12:03Z,"Western District of Pennsylvania | United States District Court","Western District - Home Page (News)","","https://versionista.com/220871/24094216/65086890/","https://versionista.com/220871/24094216/65086890:0/"
"https://www.paed.uscourts.gov","PA USDC",monitored,"Pennsylvania","https://www.pawd.uscourts.gov/local-rules-and-orders",monitored,2,2026-05-13T22:50:23Z,every 2 days,2026-05-19T20:11:53Z,200 OK,2026-05-26T16:05:29Z,"Local Rules and Standing Orders | Western District of Pennsylvania | United States District Court","Western District - Local Rules and Orders","","https://versionista.com/220871/24094219/65028889/","https://versionista.com/220871/24094219/65028889:0/"
"https://www.paed.uscourts.gov","PA USDC",monitored,"Pennsylvania","https://www.pawd.uscourts.gov/court-info/court-holidays",monitored,1,2026-05-13T22:51:03Z,every 2 days,2026-05-13T22:52:14Z,200 OK,2026-05-27T22:59:25Z,"Court Holidays | Western District of Pennsylvania | United States District Court","Western District - Holiday Schedule","","https://versionista.com/220871/24094221/64953902/",
"https://www.paed.uscourts.gov","PA USDC",monitored,"Pennsylvania","https://www.pamd.uscourts.gov/",monitored,1,2026-05-13T22:52:05Z,every 2 days,2026-05-13T22:55:34Z,200 OK,2026-05-26T22:01:07Z,"Middle District of Pennsylvania | United States District Court","Middle District - Home Page (News)","","https://versionista.com/220871/24094224/64953948/",
"https://www.paed.uscourts.gov","PA USDC",monitored,"Pennsylvania","https://www.pamd.uscourts.gov/court-info/local-rules-and-orders",monitored,1,2026-05-13T22:52:33Z,every 2 days,2026-05-13T23:05:51Z,200 OK,2026-05-27T21:40:07Z,"Local Rules and Orders | Middle District of Pennsylvania | United States District Court","Middle District - Local Rules and Orders","","https://versionista.com/220871/24094226/64954102/",
"https://www.paed.uscourts.gov","PA USDC",monitored,"Pennsylvania","https://www.pamd.uscourts.gov/court-info/court-holidays",monitored,1,2026-05-13T22:52:55Z,every 2 days,2026-05-13T23:07:22Z,200 OK,2026-05-25T04:40:03Z,"Court Holidays | Middle District of Pennsylvania | United States District Court","Middle District - Holiday Schedule","","https://versionista.com/220871/24094229/64954118/",
"https://www.ord.uscourts.gov","OR USDC",monitored,"Oregon","https://www.ord.uscourts.gov/index.php/rules-orders-and-notices/local-rules",monitored,11,2021-01-25T20:18:31Z,every 2 days,2024-08-04T00:00:15Z,200 OK,2026-05-26T07:57:24Z,"Local Rules","Local Rules","","https://versionista.com/220872/14782816/56509835/","https://versionista.com/220872/14782816/56509835:0/"
"https://www.ord.uscourts.gov","OR USDC",monitored,"Oregon","https://www.ord.uscourts.gov/index.php/ct-calendar/holiday-closures",monitored,23,2021-07-29T19:52:43Z,every 2 days,2026-01-02T21:56:33Z,200 OK,2026-05-28T12:56:54Z,"Holiday Closures","Holiday Schedule","","https://versionista.com/220872/15987154/63242064/","https://versionista.com/220872/15987154/63242064:0/"
"https://www.ord.uscourts.gov","OR USDC",monitored,"Oregon","https://www.ord.uscourts.gov/index.php/rules-orders-and-notices/local-rules/proposed-local-rules",monitored,39,2023-05-18T21:47:34Z,every 2 days,2026-02-22T09:31:06Z,200 OK,2026-05-27T17:39:30Z,"Upcoming Changes","Proposed Local Rule Amendments","","https://versionista.com/220872/20709599/63911410/","https://versionista.com/220872/20709599/63911410:0/"
"https://www.ord.uscourts.gov","OR USDC",monitored,"Oregon","https://www.ord.uscourts.gov/",monitored,3,2026-05-13T22:22:26Z,every 2 days,2026-05-28T03:10:54Z,200 OK,2026-05-28T03:10:54Z,"Oregon U.S. District Court","Home Page (News)","","https://versionista.com/220872/24093916/65136332/","https://versionista.com/220872/24093916/65136332:0/"
"https://www.oked.uscourts.gov","OK USDC",monitored,"Oklahoma","https://www.oked.uscourts.gov/court-info/local-rules-and-orders",monitored,8,2021-01-25T20:23:17Z,every 2 days,2026-02-21T10:38:10Z,200 OK,2026-05-28T14:52:59Z,"Local Rules and Orders | Eastern District of Oklahoma | United States District Court","Eastern District - Local Rules","","https://versionista.com/220875/14782819/63900829/","https://versionista.com/220875/14782819/63900829:0/"
"https://www.oked.uscourts.gov","OK USDC",monitored,"Oklahoma","https://www.oked.uscourts.gov/court-info/court-holidays",monitored,17,2021-07-29T20:05:23Z,every 2 days,2026-02-16T03:48:30Z,200 OK,2026-05-26T10:25:55Z,"Court Holidays | Eastern District of Oklahoma | United States District Court","Eastern District - Holiday Schedule","","https://versionista.com/220875/15987168/63827898/","https://versionista.com/220875/15987168/63827898:0/"
"https://www.oked.uscourts.gov","OK USDC",monitored,"Oklahoma","https://www.oked.uscourts.gov/",monitored,2,2026-05-13T21:43:37Z,every 2 days,2026-05-20T23:49:41Z,200 OK,2026-05-28T17:54:12Z,"Eastern District of Oklahoma | United States District Court","Eastern District - Home Page (News)","","https://versionista.com/220875/24093751/65046198/","https://versionista.com/220875/24093751/65046198:0/"
"https://www.oked.uscourts.gov","OK USDC",monitored,"Oklahoma","https://www.okwd.uscourts.gov/",monitored,2,2026-05-13T21:45:06Z,every 2 days,2026-05-27T23:16:17Z,200 OK,2026-05-27T23:16:17Z,"Welcome to Western District of Oklahoma | Western District of Oklahoma","Western District - Home Page (News)","","https://versionista.com/220875/24093755/65134458/","https://versionista.com/220875/24093755/65134458:0/"
"https://www.oked.uscourts.gov","OK USDC",monitored,"Oklahoma","https://www.okwd.uscourts.gov/local-rules",monitored,1,2026-05-13T21:46:30Z,every 2 days,2026-05-13T21:47:17Z,200 OK,2026-05-27T20:33:47Z,"Local Rules | Western District of Oklahoma","Western District - Local Rules","","https://versionista.com/220875/24093757/64953161/",
"https://www.oked.uscourts.gov","OK USDC",monitored,"Oklahoma","https://www.okwd.uscourts.gov/general-orders",monitored,1,2026-05-13T21:47:09Z,every 2 days,2026-05-13T21:48:35Z,200 OK,2026-05-26T11:28:36Z,"General Orders | Western District of Oklahoma","Western District - General Orders","","https://versionista.com/220875/24093759/64953173/",
"https://www.oked.uscourts.gov","OK USDC",monitored,"Oklahoma","https://www.oknd.uscourts.gov/",monitored,1,2026-05-13T21:47:46Z,every 2 days,2026-05-13T21:51:10Z,200 OK,2026-05-25T03:51:28Z,"Northern District of Oklahoma | United States District Court","Northern District - Home Page (News)","","https://versionista.com/220875/24093760/64953195/",
"https://www.oked.uscourts.gov","OK USDC",monitored,"Oklahoma","https://www.oknd.uscourts.gov/local-rules",monitored,1,2026-05-13T21:48:51Z,every 2 days,2026-05-13T21:49:51Z,200 OK,2026-05-24T23:15:35Z,"Rules | Northern District of Oklahoma | United States District Court","Northern District - Local Rules","","https://versionista.com/220875/24093763/64953186/",
"https://www.oked.uscourts.gov","OK USDC",monitored,"Oklahoma","https://www.oknd.uscourts.gov/court-info/local-rules-and-orders/oknd-general-orders",monitored,1,2026-05-13T21:49:32Z,every 2 days,2026-05-13T21:54:21Z,200 OK,2026-05-27T18:35:23Z,"General Orders | Northern District of Oklahoma | United States District Court","Northern District - General Orders","","https://versionista.com/220875/24093765/64953222/",
"https://www.ohnd.uscourts.gov","OH USDC",monitored,"Ohio","https://www.ohnd.uscourts.gov/court-info/local-rules-and-orders",monitored,33,2021-01-25T20:24:50Z,every 2 days,2026-05-08T03:51:55Z,200 OK,2026-05-27T11:09:03Z,"Local Rules and Orders | Northern District of Ohio | United States District Court","Northern District - Local Rules","","https://versionista.com/220876/14782821/64881373/","https://versionista.com/220876/14782821/64881373:0/"
"https://www.ohnd.uscourts.gov","OH USDC",monitored,"Ohio","https://www.ohnd.uscourts.gov/",monitored,2,2026-05-13T21:22:35Z,every 2 days,2026-05-17T08:15:29Z,200 OK,2026-05-26T09:04:58Z,"Northern District of Ohio | United States District Court","Northern District - Home Page (News)","","https://versionista.com/220876/24093740/64998859/","https://versionista.com/220876/24093740/64998859:0/"
"https://www.ohnd.uscourts.gov","OH USDC",monitored,"Ohio","https://www.ohsd.uscourts.gov/",monitored,2,2026-05-13T21:24:18Z,every 2 days,2026-05-19T06:41:23Z,200 OK,2026-05-27T06:04:52Z,"Southern District of Ohio | United States District Court","Southern District - Home Page (News)","","https://versionista.com/220876/24093741/65020692/","https://versionista.com/220876/24093741/65020692:0/"
"https://www.ohnd.uscourts.gov","OH USDC",monitored,"Ohio","https://www.ohsd.uscourts.gov/local-rules",monitored,1,2026-05-13T21:25:41Z,every 2 days,2026-05-13T21:35:34Z,200 OK,2026-05-27T09:04:49Z,"Local Rules | Southern District of Ohio | United States District Court","Southern District - Local Rules","","https://versionista.com/220876/24093742/64953061/",
"https://www.nywd.uscourts.gov","NY USDC - Western District Judges",monitored,"New York","https://www.nywd.uscourts.gov/content/hon-john-l-sinatra-jr",monitored,22,2023-04-04T19:39:11Z,every 2 days,2026-03-05T07:15:41Z,200 OK,2026-05-26T08:14:05Z,"Hon. John L. Sinatra, Jr. | Western District of New York | United States District Court","Judge John L. Sinatra, Jr.","","https://versionista.com/220878/20424043/64058900/","https://versionista.com/220878/20424043/64058900:0/"
"https://www.nywd.uscourts.gov","NY USDC - Western District Judges",monitored,"New York","https://www.nywd.uscourts.gov/content/hon-elizabeth-wolford-chief-united-states-district-judge",monitored,24,2023-05-03T16:20:49Z,every 2 days,2026-03-03T05:22:27Z,200 OK,2026-05-25T04:49:30Z,"Hon. Elizabeth A. Wolford, Chief United States District Judge | Western District of New York | United States District Court","Chief Judge Elizabeth A. Wolford","","https://versionista.com/220878/20621253/64029246/","https://versionista.com/220878/20621253/64029246:0/"
"https://www.nywd.uscourts.gov","NY USDC - Western District Judges",monitored,"New York","https://www.nywd.uscourts.gov/content/hon-lawrence-j-vilardo",monitored,16,2023-05-03T16:23:06Z,every 2 days,2025-02-17T15:30:19Z,200 OK,2026-05-26T16:50:50Z,"Hon. Lawrence J. Vilardo | Western District of New York | United States District Court","Judge Lawrence J. Vilardo","","https://versionista.com/220878/20621254/59117038/","https://versionista.com/220878/20621254/59117038:0/"
"https://www.nynd.uscourts.gov","NY USDC - Northern District Judges",monitored,"New York","https://www.nynd.uscourts.gov/standing-ordersrules-practice",monitored,2,2026-04-27T16:42:56Z,every 2 days,2026-05-05T10:25:21Z,200 OK,2026-05-28T06:33:38Z,"Standing Orders/Rules of Practice | Northern District of New York | United States District Court","Judge Mae A. D'Agostino","","https://versionista.com/220879/24055561/64840901/","https://versionista.com/220879/24055561/64840901:0/"
"https://www.nysd.uscourts.gov","NY USDC - Southern District Judges",monitored,"New York","https://www.nysd.uscourts.gov/sites/default/files/practice_documents/VB%20Individual%20Practices.REVISED%202.3.2020_0.pdf",monitored,3,2022-12-13T20:39:00Z,every 2 days,2023-02-27T15:38:40Z,200 OK,2026-05-25T09:34:28Z,"","Judge Vincent L. Briccetti","","https://versionista.com/220880/19408741/47122382/","https://versionista.com/220880/19408741/47122382:0/"
"https://www.nysd.uscourts.gov","NY USDC - Southern District Judges",monitored,"New York","https://www.nysd.uscourts.gov/sites/default/files/practice_documents/JPC%20Cronan%20Civil%20Rules%201.18.2022.JRS%20clean.pdf",paused,2,2023-01-10T01:10:18Z,every 2 days,2025-03-16T13:45:52Z,404 Not Found,2025-03-31T05:29:50Z,"Page not found | U.S District Court","Judge John P. Cronan","","https://versionista.com/220880/19876687/59481490/","https://versionista.com/220880/19876687/59481490:0/"
"https://www.nysd.uscourts.gov","NY USDC - Southern District Judges",monitored,"New York","https://www.nysd.uscourts.gov/sites/default/files/practice_documents/PMH%20Halpern%20Rules%20Rev%2005.02.2022%20.pdf",monitored,1,2023-01-17T20:34:11Z,every 2 days,2023-01-17T20:35:36Z,200 OK,2026-05-27T13:00:56Z,"","Judge Charles S. Haight","","https://versionista.com/220880/19965302/46007599/",
"https://www.nysd.uscourts.gov","NY USDC - Southern District Judges",monitored,"New York","https://www.nysd.uscourts.gov/sites/default/files/practice_documents/KMK%20Individual%20Practices%202-5-2020%20update.pdf",paused,3,2023-01-20T23:27:22Z,every 2 days,2025-04-20T10:47:48Z,404 Not Found,2025-04-24T03:04:28Z,"Page not found | U.S District Court","Judge Kenneth M. Karas","","https://versionista.com/220880/19992374/59954042/","https://versionista.com/220880/19992374/59954042:0/"
"https://www.nysd.uscourts.gov","NY USDC - Southern District Judges",monitored,"New York","https://www.nysd.uscourts.gov/sites/default/files/practice_documents/LJL%20Individual%20Practices%20in%20Civil%20Cases_updated%206.17.22.pdf",monitored,1,2023-01-24T02:51:07Z,every 2 days,2023-01-24T02:54:57Z,200 OK,2026-05-27T03:12:35Z,"","Judge Lewis J. Liman","","https://versionista.com/220880/20003752/46172766/",
"https://www.nysd.uscourts.gov","NY USDC - Southern District Judges",monitored,"New York","https://www.nysd.uscourts.gov/sites/default/files/practice_documents/AJN%20Nathan%20Individual%20Rules%20of%20Practice%20in%20Civil%20Cases%207.7.22.pdf",monitored,3,2023-01-27T00:12:38Z,every 2 days,2023-02-27T22:03:33Z,200 OK,2026-05-25T09:11:54Z,"","Judge Alison J. Nathan","","https://versionista.com/220880/20017728/47125372/","https://versionista.com/220880/20017728/47125372:0/"
"https://www.nysd.uscourts.gov","NY USDC - Southern District Judges",monitored,"New York","https://www.nysd.uscourts.gov/sites/default/files/practice_documents/nsrIndividualRulesOfPracticeInCivilCases.pdf",monitored,3,2023-02-10T00:27:32Z,every 2 days,2023-02-27T20:33:08Z,200 OK,2026-05-25T08:24:06Z,"","Judge Nelson S. Roman","","https://versionista.com/220880/20115305/47124575/","https://versionista.com/220880/20115305/47124575:0/"
"https://www.nysd.uscourts.gov","NY USDC - Southern District Judges",monitored,"New York","https://www.nysd.uscourts.gov/sites/default/files/practice_documents/CS%20Seibel%20individual%20practices%20v10%20eff%20020320%20FINAL.pdf",paused,4,2023-02-10T23:17:36Z,every 2 days,2025-03-29T00:12:41Z,404 Not Found,2025-04-09T02:10:50Z,"Page not found | U.S District Court","Judge Cathy Seibel","","https://versionista.com/220880/20122526/59650223/","https://versionista.com/220880/20122526/59650223:0/"
"https://www.nysd.uscourts.gov","NY USDC - Southern District Judges",monitored,"New York","https://www.nysd.uscourts.gov/sites/default/files/practice_documents/SHS%20Rules%20(Eff.%20Feb.%202020)_0.pdf",monitored,1,2023-02-13T19:44:50Z,every 2 days,2023-02-13T19:46:06Z,200 OK,2026-05-27T19:23:00Z,"","Judge Sidney H. Stein","","https://versionista.com/220880/20134794/46747667/",
"https://www.nysd.uscourts.gov","NY USDC - Southern District Judges",monitored,"New York","https://www.nyed.uscourts.gov/pub/rules/JMA-MLR.pdf",monitored,5,2023-02-27T20:14:45Z,every 2 days,2025-11-07T19:51:36Z,200 OK,2026-05-27T08:58:12Z,"","Judge Joan M. Azrack","","https://versionista.com/220880/20216258/62505815/","https://versionista.com/220880/20216258/62505815:0/"
"https://www.nysd.uscourts.gov","NY USDC - Southern District Judges",monitored,"New York","https://www.nyed.uscourts.gov/pub/rules/MKB-MLR.pdf",monitored,7,2023-02-27T20:15:07Z,every 2 days,2025-10-23T10:35:54Z,200 OK,2026-05-27T13:17:24Z,"","Chief Judge Margo K. Brodie","","https://versionista.com/220880/20216259/62291776/","https://versionista.com/220880/20216259/62291776:0/"
"https://www.nysd.uscourts.gov","NY USDC - Southern District Judges",monitored,"New York","https://www.nyed.uscourts.gov/pub/rules/CBA-MLR.pdf",monitored,5,2023-02-27T20:15:29Z,every 2 days,2025-10-22T18:15:13Z,200 OK,2026-05-26T17:55:25Z,"","Judge Carol Bagley Amon","","https://versionista.com/220880/20216260/62281555/","https://versionista.com/220880/20216260/62281555:0/"
"https://www.nysd.uscourts.gov","NY USDC - Southern District Judges",monitored,"New York","https://www.nyed.uscourts.gov/pub/rules/FB-MLR.pdf",monitored,7,2023-02-27T23:10:24Z,every 2 days,2025-11-25T15:18:10Z,200 OK,2026-05-26T23:26:37Z,"","Judge Frederic Block","","https://versionista.com/220880/20217820/62740185/","https://versionista.com/220880/20217820/62740185:0/"
"https://www.nysd.uscourts.gov","NY USDC - Southern District Judges",monitored,"New York","https://www.nysd.uscourts.gov/hon-analisa-torres",monitored,3,2026-04-06T16:58:46Z,every 2 days,2026-05-04T17:45:04Z,200 OK,2026-05-26T16:17:43Z,"Hon. Analisa Torres | U.S District Court","Judge Analisa Torres","","https://versionista.com/220880/24031283/64833097/","https://versionista.com/220880/24031283/64833097:0/"
"https://www.nysd.uscourts.gov","NY USDC - Southern District Judges",monitored,"New York","https://www.nysd.uscourts.gov/hon-alvin-k-hellerstein",monitored,4,2026-04-06T17:01:09Z,every 2 days,2026-05-07T23:22:16Z,200 OK,2026-05-27T10:03:13Z,"Hon. Alvin K. Hellerstein | U.S District Court","Judge Alvin K. Hellerstein","","https://versionista.com/220880/24031285/64878739/","https://versionista.com/220880/24031285/64878739:0/"
"https://www.nysd.uscourts.gov","NY USDC - Southern District Judges",monitored,"New York","https://www.nysd.uscourts.gov/hon-andrew-l-carter-jr",monitored,4,2026-04-06T17:03:52Z,every 2 days,2026-05-07T06:11:05Z,200 OK,2026-05-27T18:12:48Z,"Hon. Andrew L. Carter Jr. | U.S District Court","Judge Andrew L. Carter Jr.","","https://versionista.com/220880/24031290/64869008/","https://versionista.com/220880/24031290/64869008:0/"
"https://www.nysd.uscourts.gov","NY USDC - Southern District Judges",monitored,"New York","https://www.nysd.uscourts.gov/hon-cathy-seibel",monitored,3,2026-04-06T20:49:15Z,every 2 days,2026-05-01T13:27:36Z,200 OK,2026-05-26T22:42:27Z,"Hon. Cathy Seibel | U.S District Court","Judge Cathy Seibel","","https://versionista.com/220880/24031619/64797465/","https://versionista.com/220880/24031619/64797465:0/"
"https://www.nysd.uscourts.gov","NY USDC - Southern District Judges",monitored,"New York","https://www.nysd.uscourts.gov/hon-colleen-mcmahon",monitored,3,2026-04-06T21:58:37Z,every 2 days,2026-05-03T00:30:56Z,200 OK,2026-05-25T23:34:30Z,"Hon. Colleen McMahon | U.S District Court","Judge Collen McMahon","","https://versionista.com/220880/24031658/64815652/","https://versionista.com/220880/24031658/64815652:0/"
"https://www.nysd.uscourts.gov","NY USDC - Southern District Judges",monitored,"New York","https://www.nysd.uscourts.gov/hon-denise-l-cote",monitored,3,2026-04-07T15:17:16Z,every 2 days,2026-05-06T01:28:38Z,200 OK,2026-05-26T00:00:44Z,"Hon. Denise L. Cote | U.S District Court","Judge Denise L. Cote","","https://versionista.com/220880/24032507/64851336/","https://versionista.com/220880/24032507/64851336:0/"
"https://www.nysd.uscourts.gov","NY USDC - Southern District Judges",monitored,"New York","https://www.nysd.uscourts.gov/hon-edgardo-ramos",monitored,3,2026-04-07T15:43:17Z,every 2 days,2026-05-04T06:32:17Z,200 OK,2026-05-24T19:41:15Z,"Hon. Edgardo Ramos | U.S District Court","Judge Edgardo Ramos","","https://versionista.com/220880/24032519/64827657/","https://versionista.com/220880/24032519/64827657:0/"
"https://www.nysd.uscourts.gov","NY USDC - Southern District Judges",monitored,"New York","https://www.nysd.uscourts.gov/hon-george-b-daniels",monitored,3,2026-04-07T15:51:20Z,every 2 days,2026-05-06T12:51:25Z,200 OK,2026-05-28T17:11:24Z,"Hon. George B. Daniels | U.S District Court","Judge George B. Daniels","","https://versionista.com/220880/24032521/64857668/","https://versionista.com/220880/24032521/64857668:0/"
"https://www.nysd.uscourts.gov","NY USDC - Southern District Judges",monitored,"New York","https://www.nysd.uscourts.gov/hon-gregory-h-woods",monitored,4,2026-04-07T16:03:21Z,every 2 days,2026-05-07T23:19:26Z,200 OK,2026-05-25T10:28:23Z,"Hon. Gregory H. Woods | U.S District Court","Judge Gregory H. Woods","","https://versionista.com/220880/24032524/64878722/","https://versionista.com/220880/24032524/64878722:0/"
"https://www.nysd.uscourts.gov","NY USDC - Southern District Judges",monitored,"New York","https://www.nysd.uscourts.gov/hon-j-paul-oetken",monitored,3,2026-04-07T17:05:15Z,every 2 days,2026-05-05T16:33:01Z,200 OK,2026-05-27T04:48:06Z,"Hon. J. Paul Oetken | U.S District Court","Judge J. Paul Oetken","","https://versionista.com/220880/24032577/64846213/","https://versionista.com/220880/24032577/64846213:0/"
"https://www.nysd.uscourts.gov","NY USDC - Southern District Judges",monitored,"New York","https://www.nysd.uscourts.gov/hon-jed-s-rakoff",monitored,3,2026-04-07T19:54:49Z,every 2 days,2026-05-06T20:25:13Z,200 OK,2026-05-28T14:15:10Z,"Hon. Jed S. Rakoff | U.S District Court","Judge Jed S. Rakoff","","https://versionista.com/220880/24032708/64863539/","https://versionista.com/220880/24032708/64863539:0/"
"https://www.nysd.uscourts.gov","NY USDC - Southern District Judges",monitored,"New York","https://www.nysd.uscourts.gov/hon-jennifer-h-rearden",monitored,4,2026-04-07T20:35:38Z,every 2 days,2026-05-06T20:26:40Z,200 OK,2026-05-26T00:38:35Z,"Hon. Jennifer H. Rearden | U.S District Court","Judge Jennifer H. Rearden","","https://versionista.com/220880/24032723/64863546/","https://versionista.com/220880/24032723/64863546:0/"
"https://www.nysd.uscourts.gov","NY USDC - Southern District Judges",monitored,"New York","https://www.nysd.uscourts.gov/hon-jennifer-l-rochon",monitored,3,2026-04-07T21:26:02Z,every 2 days,2026-05-03T08:56:43Z,200 OK,2026-05-27T00:22:54Z,"Hon. Jennifer L. Rochon | U.S District Court","Judge Jennifer L. Rochon","","https://versionista.com/220880/24032842/64819090/","https://versionista.com/220880/24032842/64819090:0/"
"https://www.nysd.uscourts.gov","NY USDC - Southern District Judges",monitored,"New York","https://www.nysd.uscourts.gov/hon-jesse-m-furman",monitored,4,2026-04-08T14:33:07Z,every 2 days,2026-05-27T14:21:38Z,200 OK,2026-05-27T14:21:38Z,"Hon. Jesse M. Furman | U.S District Court","Judge Jesse M. Furman","","https://versionista.com/220880/24033690/65130440/","https://versionista.com/220880/24033690/65130440:0/"
"https://www.nysd.uscourts.gov","NY USDC - Southern District Judges",monitored,"New York","https://www.nysd.uscourts.gov/hon-john-g-koeltl",monitored,3,2026-04-08T14:45:22Z,every 2 days,2026-05-04T03:27:35Z,200 OK,2026-05-27T08:43:10Z,"Hon. John G. Koeltl | U.S District Court","Judge John G. Koeltl","","https://versionista.com/220880/24033693/64826296/","https://versionista.com/220880/24033693/64826296:0/"
"https://www.nysd.uscourts.gov","NY USDC - Southern District Judges",monitored,"New York","https://www.nysd.uscourts.gov/hon-john-p-cronan",monitored,3,2026-04-08T15:17:27Z,every 2 days,2026-05-02T13:12:45Z,200 OK,2026-05-26T14:18:25Z,"Hon. John P. Cronan | U.S District Court","Judge John P. Cronan","","https://versionista.com/220880/24033705/64810301/","https://versionista.com/220880/24033705/64810301:0/"
"https://www.nysd.uscourts.gov","NY USDC - Southern District Judges",monitored,"New York","https://www.nysd.uscourts.gov/hon-katherine-polk-failla",monitored,3,2026-04-08T15:19:30Z,every 2 days,2026-05-02T06:42:07Z,200 OK,2026-05-25T13:13:18Z,"Hon. Katherine Polk Failla | U.S District Court","Judge Katherine Polk Failla","","https://versionista.com/220880/24033706/64807427/","https://versionista.com/220880/24033706/64807427:0/"
"https://www.nysd.uscourts.gov","NY USDC - Southern District Judges",monitored,"New York","https://www.nysd.uscourts.gov/hon-kenneth-m-karas",monitored,5,2026-04-08T16:02:18Z,every 2 days,2026-05-01T16:17:05Z,200 OK,2026-05-26T21:14:43Z,"Hon. Kenneth M. Karas | U.S District Court","Judge Kenneth M. Karas","","https://versionista.com/220880/24033723/64798857/","https://versionista.com/220880/24033723/64798857:0/"
"https://www.nysd.uscourts.gov","NY USDC - Southern District Judges",monitored,"New York","https://www.nysd.uscourts.gov/hon-kimba-m-wood",monitored,3,2026-04-08T16:39:09Z,every 2 days,2026-05-05T16:15:21Z,200 OK,2026-05-27T20:01:46Z,"Hon. Kimba M. Wood | U.S District Court","Judge Kimba M. Wood","","https://versionista.com/220880/24033728/64846035/","https://versionista.com/220880/24033728/64846035:0/"
"https://www.nysd.uscourts.gov","NY USDC - Southern District Judges",monitored,"New York","https://www.nysd.uscourts.gov/hon-laura-taylor-swain",monitored,4,2026-04-08T17:12:56Z,every 2 days,2026-05-20T12:59:25Z,200 OK,2026-05-26T13:33:44Z,"Hon. Laura Taylor Swain | U.S District Court","Judge Laura Taylor Swain","","https://versionista.com/220880/24033735/65039376/","https://versionista.com/220880/24033735/65039376:0/"
"https://www.nysd.uscourts.gov","NY USDC - Southern District Judges",monitored,"New York","https://www.nysd.uscourts.gov/hon-lewis-kaplan",monitored,4,2026-04-08T20:24:47Z,every 2 days,2026-05-04T02:12:38Z,200 OK,2026-05-28T07:35:32Z,"Hon. Lewis A. Kaplan | U.S District Court","Judge Lewis A. Kaplan","","https://versionista.com/220880/24033795/64825697/","https://versionista.com/220880/24033795/64825697:0/"
"https://www.nysd.uscourts.gov","NY USDC - Southern District Judges",monitored,"New York","https://www.nysd.uscourts.gov/hon-lewis-j-liman",monitored,4,2026-04-08T20:37:16Z,every 2 days,2026-05-10T06:53:26Z,200 OK,2026-05-28T18:54:08Z,"Hon. Lewis J. Liman | U.S District Court","Judge Lewis J. Liman","","https://versionista.com/220880/24033804/64907381/","https://versionista.com/220880/24033804/64907381:0/"
"https://www.nysd.uscourts.gov","NY USDC - Southern District Judges",monitored,"New York","https://www.nysd.uscourts.gov/hon-loretta-preska",monitored,4,2026-04-08T20:51:20Z,every 2 days,2026-05-07T15:02:22Z,200 OK,2026-05-25T22:16:30Z,"Hon. Loretta A. Preska | U.S District Court","Judge Loretta A. Preska","","https://versionista.com/220880/24033810/64873854/","https://versionista.com/220880/24033810/64873854:0/"
"https://www.nysd.uscourts.gov","NY USDC - Southern District Judges",monitored,"New York","https://www.nysd.uscourts.gov/hon-lorna-g-schofield",monitored,3,2026-04-08T21:32:11Z,every 2 days,2026-05-03T03:50:53Z,200 OK,2026-05-24T13:46:11Z,"Hon. Lorna G. Schofield | U.S District Court","Judge Lorna G. Schofield","","https://versionista.com/220880/24033816/64817042/","https://versionista.com/220880/24033816/64817042:0/"
"https://www.nysd.uscourts.gov","NY USDC - Southern District Judges",monitored,"New York","https://www.nysd.uscourts.gov/hon-mary-kay-vyskocil",monitored,3,2026-04-08T22:00:22Z,every 2 days,2026-05-04T07:39:11Z,200 OK,2026-05-27T10:38:55Z,"Hon. Mary Kay Vyskocil | U.S District Court","Judge Mary Kay Vyskocil","","https://versionista.com/220880/24033870/64828033/","https://versionista.com/220880/24033870/64828033:0/"
"https://www.nysd.uscourts.gov","NY USDC - Southern District Judges",monitored,"New York","https://www.nysd.uscourts.gov/hon-naomi-reice-buchwald",monitored,3,2026-04-10T15:12:00Z,every 2 days,2026-05-04T12:12:05Z,200 OK,2026-05-25T21:11:51Z,"Hon. Naomi Reice Buchwald | U.S District Court","Judge Naomi Reice Buchwald","","https://versionista.com/220880/24036048/64829637/","https://versionista.com/220880/24036048/64829637:0/"
"https://www.nysd.uscourts.gov","NY USDC - Southern District Judges",monitored,"New York","https://www.nysd.uscourts.gov/hon-nelson-s-roman",monitored,3,2026-04-10T15:16:24Z,every 2 days,2026-05-03T12:36:33Z,200 OK,2026-05-28T01:45:40Z,"Hon. Nelson S. Roman | U.S District Court","Judge Nelson S. Roman","","https://versionista.com/220880/24036049/64820003/","https://versionista.com/220880/24036049/64820003:0/"
"https://www.nysd.uscourts.gov","NY USDC - Southern District Judges",monitored,"New York","https://www.nysd.uscourts.gov/hon-p-kevin-castel",monitored,4,2026-04-10T16:19:07Z,every 2 days,2026-05-05T15:32:20Z,200 OK,2026-05-25T15:59:33Z,"Hon. P. Kevin Castel | U.S District Court","Judge P. Kevin Castel","","https://versionista.com/220880/24036080/64845237/","https://versionista.com/220880/24036080/64845237:0/"
"https://www.nysd.uscourts.gov","NY USDC - Southern District Judges",monitored,"New York","https://www.nysd.uscourts.gov/hon-paul-crotty",monitored,3,2026-04-10T21:04:31Z,every 2 days,2026-05-02T13:43:47Z,200 OK,2026-05-28T15:45:38Z,"Hon. Paul A. Crotty | U.S District Court","Judge Paul A. Crotty","","https://versionista.com/220880/24036317/64810653/","https://versionista.com/220880/24036317/64810653:0/"
"https://www.nysd.uscourts.gov","NY USDC - Southern District Judges",monitored,"New York","https://www.nysd.uscourts.gov/hon-paul-engelmayer",monitored,4,2026-04-10T21:32:00Z,every 2 days,2026-05-20T03:35:03Z,200 OK,2026-05-26T23:49:41Z,"Hon. Paul A. Engelmayer | U.S District Court","Judge Paul A. Engelmayer","","https://versionista.com/220880/24036345/65032465/","https://versionista.com/220880/24036345/65032465:0/"
"https://www.nysd.uscourts.gov","NY USDC - Southern District Judges",monitored,"New York","https://www.nysd.uscourts.gov/hon-paul-g-gardephe",monitored,3,2026-04-14T16:06:04Z,every 2 days,2026-05-02T09:28:40Z,200 OK,2026-05-26T18:27:57Z,"Hon. Paul G. Gardephe | U.S District Court","Judge Paul G. Gardephe","","https://versionista.com/220880/24039248/64808430/","https://versionista.com/220880/24039248/64808430:0/"
"https://www.nysd.uscourts.gov","NY USDC - Southern District Judges",monitored,"New York","https://www.nysd.uscourts.gov/hon-philip-m-halpern",monitored,3,2026-04-14T16:53:12Z,every 2 days,2026-05-06T23:19:16Z,200 OK,2026-05-27T03:17:26Z,"Hon. Philip M. Halpern | U.S District Court","Judge Philip M. Halpern","","https://versionista.com/220880/24039305/64864739/","https://versionista.com/220880/24039305/64864739:0/"
"https://www.nysd.uscourts.gov","NY USDC - Southern District Judges",monitored,"New York","https://www.nysd.uscourts.gov/hon-richard-j-sullivan-circuit-judge-sitting-designation",monitored,3,2026-04-14T21:09:23Z,every 2 days,2026-05-03T23:30:03Z,200 OK,2026-05-25T12:38:01Z,"Hon. Richard J. Sullivan Circuit Judge Sitting by Designation | U.S District Court","Judge Richard J. Sullivan","","https://versionista.com/220880/24039567/64824979/","https://versionista.com/220880/24039567/64824979:0/"
"https://www.nysd.uscourts.gov","NY USDC - Southern District Judges",monitored,"New York","https://www.nysd.uscourts.gov/hon-richard-m-berman",monitored,3,2026-04-14T21:31:26Z,every 2 days,2026-05-02T04:32:25Z,200 OK,2026-05-25T05:36:59Z,"Hon. Richard M. Berman | U.S District Court","Judge Richard M. Berman","","https://versionista.com/220880/24039578/64805658/","https://versionista.com/220880/24039578/64805658:0/"
"https://www.nysd.uscourts.gov","NY USDC - Southern District Judges",monitored,"New York","https://www.nysd.uscourts.gov/hon-ronnie-abrams",monitored,3,2026-04-14T21:40:42Z,every 2 days,2026-05-02T08:52:24Z,200 OK,2026-05-27T19:48:21Z,"Hon. Ronnie Abrams | U.S District Court","Judge Ronnie Abrams","","https://versionista.com/220880/24039582/64808268/","https://versionista.com/220880/24039582/64808268:0/"
"https://www.nysd.uscourts.gov","NY USDC - Southern District Judges",monitored,"New York","https://www.nysd.uscourts.gov/hon-sidney-h-stein",monitored,2,2026-04-14T22:29:15Z,every 2 days,2026-05-01T22:40:21Z,200 OK,2026-05-25T08:25:37Z,"Hon. Sidney H. Stein | U.S District Court","Judge Sidney H. Stein","","https://versionista.com/220880/24039600/64803071/","https://versionista.com/220880/24039600/64803071:0/"
"https://www.nysd.uscourts.gov","NY USDC - Southern District Judges",monitored,"New York","https://www.nysd.uscourts.gov/hon-valerie-e-caproni",monitored,3,2026-04-15T14:32:28Z,every 2 days,2026-05-01T23:46:26Z,200 OK,2026-05-26T02:20:03Z,"Hon. Valerie E. Caproni | U.S District Court","Judge Valerie E. Caproni","","https://versionista.com/220880/24040305/64803581/","https://versionista.com/220880/24040305/64803581:0/"
"https://www.nysd.uscourts.gov","NY USDC - Southern District Judges",monitored,"New York","https://www.nysd.uscourts.gov/hon-vernon-s-broderick",monitored,3,2026-04-15T14:42:23Z,every 2 days,2026-05-06T04:21:06Z,200 OK,2026-05-28T13:24:30Z,"Hon. Vernon S. Broderick | U.S District Court","Judge Vernon S. Broderick","","https://versionista.com/220880/24040308/64853218/","https://versionista.com/220880/24040308/64853218:0/"
"https://www.nysd.uscourts.gov","NY USDC - Southern District Judges",monitored,"New York","https://www.nysd.uscourts.gov/hon-victor-marrero",monitored,3,2026-04-15T15:02:45Z,every 2 days,2026-05-01T20:38:01Z,200 OK,2026-05-27T15:15:40Z,"Hon. Victor Marrero | U.S District Court","Judge Victor Marrero","","https://versionista.com/220880/24040322/64801614/","https://versionista.com/220880/24040322/64801614:0/"
"https://www.nysd.uscourts.gov","NY USDC - Southern District Judges",monitored,"New York","https://www.nysd.uscourts.gov/hon-vincent-l-briccetti",monitored,3,2026-04-15T15:06:25Z,every 2 days,2026-05-08T10:29:23Z,200 OK,2026-05-26T08:44:03Z,"Hon. Vincent L. Briccetti | U.S District Court","Judge Vincent L. Briccetti","","https://versionista.com/220880/24040324/64884659/","https://versionista.com/220880/24040324/64884659:0/"
"https://www.nysd.uscourts.gov","NY USDC - Southern District Judges",monitored,"New York","https://www.nysd.uscourts.gov/hon-margaret-m-garnett",monitored,3,2026-04-15T16:00:30Z,every 2 days,2026-05-02T13:08:27Z,200 OK,2026-05-27T20:21:39Z,"Hon. Margaret M. Garnett | U.S District Court","Judge Margaret M. Garnett","","https://versionista.com/220880/24040369/64810152/","https://versionista.com/220880/24040369/64810152:0/"
"https://www.nysd.uscourts.gov","NY USDC - Southern District Judges",monitored,"New York","https://www.nysd.uscourts.gov/hon-jessica-g-l-clarke",monitored,3,2026-04-15T16:53:03Z,every 2 days,2026-05-03T21:30:18Z,200 OK,2026-05-27T09:39:28Z,"Hon. Jessica G. L. Clarke | U.S District Court","Judge Jessica G. L. Clarke","","https://versionista.com/220880/24040417/64824313/","https://versionista.com/220880/24040417/64824313:0/"
"https://www.nysd.uscourts.gov","NY USDC - Southern District Judges",monitored,"New York","https://www.nysd.uscourts.gov/hon-dale-e-ho",monitored,3,2026-04-15T20:31:37Z,every 2 days,2026-05-01T11:01:18Z,200 OK,2026-05-28T15:48:34Z,"Hon. Dale E. Ho | U.S District Court","Judge Dale E. Ho","","https://versionista.com/220880/24040588/64795937/","https://versionista.com/220880/24040588/64795937:0/"
"https://www.nysd.uscourts.gov","NY USDC - Southern District Judges",monitored,"New York","https://www.nysd.uscourts.gov/hon-arun-subramanian",monitored,4,2026-04-15T21:59:50Z,every 2 days,2026-05-13T09:31:18Z,200 OK,2026-05-27T22:24:27Z,"Hon. Arun Subramanian | U.S District Court","Judge Arun Subramanian","","https://versionista.com/220880/24040748/64945408/","https://versionista.com/220880/24040748/64945408:0/"
"https://www.nysd.uscourts.gov","NY USDC - Southern District Judges",monitored,"New York","https://www.nysd.uscourts.gov/hon-jeannette-vargas",monitored,4,2026-04-15T22:39:01Z,every 2 days,2026-05-07T14:51:16Z,200 OK,2026-05-27T20:23:02Z,"Hon. Jeannette A. Vargas | U.S District Court","Judge Jeannette A. Vargas","","https://versionista.com/220880/24040824/64873736/","https://versionista.com/220880/24040824/64873736:0/"
"https://www.nmd.uscourts.gov","NM USDC",monitored,"New Mexico","https://www.nmd.uscourts.gov/court-info/local-rules-and-orders/local-rules",monitored,18,2021-01-25T20:39:35Z,every 2 days,2026-05-19T15:49:14Z,200 OK,2026-05-27T05:18:12Z,"Local Rules | District of New Mexico | United States District Court","Local Rules","","https://versionista.com/220881/14782978/65026720/","https://versionista.com/220881/14782978/65026720:0/"
"https://www.nmd.uscourts.gov","NM USDC",monitored,"New Mexico","https://www.nmd.uscourts.gov/court-info/court-holidays",monitored,15,2021-07-29T22:44:42Z,every 2 days,2026-05-19T02:17:16Z,200 OK,2026-05-26T01:07:13Z,"Holidays | District of New Mexico | United States District Court","Holiday Schedule","","https://versionista.com/220881/15987669/65018046/","https://versionista.com/220881/15987669/65018046:0/"
"https://www.nmd.uscourts.gov","NM USDC",monitored,"New Mexico","https://www.nmd.uscourts.gov/",monitored,4,2026-05-01T22:34:42Z,every 2 days,2026-05-19T18:29:11Z,200 OK,2026-05-27T07:54:53Z,"District of New Mexico | United States District Court","Home Page (News)","","https://versionista.com/220881/24062411/65027832/","https://versionista.com/220881/24062411/65027832:0/"
"https://www.njd.uscourts.gov","NJ USDC",monitored,"New Jersey","https://www.njd.uscourts.gov/local-rules-and-appendices",monitored,19,2021-01-25T23:17:27Z,every 2 days,2026-05-08T09:00:34Z,200 OK,2026-05-26T06:38:59Z,"Local Rules and Appendices | District of New Jersey | United States District Court","Local Rules","","https://versionista.com/220893/14783542/64884059/","https://versionista.com/220893/14783542/64884059:0/"
"https://www.njd.uscourts.gov","NJ USDC",monitored,"New Jersey","https://www.njd.uscourts.gov/court-info/court-holidays",monitored,13,2021-07-30T14:28:05Z,every 2 days,2026-01-17T05:56:36Z,200 OK,2026-05-26T15:20:09Z,"Court Holidays | District of New Jersey | United States District Court","Holiday Schedule","","https://versionista.com/220893/15989974/63426800/","https://versionista.com/220893/15989974/63426800:0/"
"https://www.njd.uscourts.gov","NJ USDC",monitored,"New Jersey","https://www.njd.uscourts.gov/",monitored,7,2026-05-01T22:25:16Z,every 2 days,2026-05-23T22:34:59Z,200 OK,2026-05-26T02:59:36Z,"District of New Jersey | United States District Court","Home Page (News)","","https://versionista.com/220893/24062401/65087064/","https://versionista.com/220893/24062401/65087064:0/"
"https://www.nvd.uscourts.gov","NV USDC",monitored,"Nevada","https://www.nvd.uscourts.gov/wp-content/uploads/2020/04/Local-Rules-of-Practice-Amended-2020.pdf",monitored,4,2021-01-25T23:19:55Z,every 2 days,2025-07-31T16:52:49Z,200 OK,2026-05-27T14:20:03Z,"","Local Rules (PDF)","","https://versionista.com/220894/14783543/61334296/","https://versionista.com/220894/14783543/61334296:0/"
"https://www.nvd.uscourts.gov","NV USDC",monitored,"Nevada","https://www.nvd.uscourts.gov/",monitored,2,2026-04-29T22:46:59Z,every 2 days,2026-05-20T21:37:06Z,200 OK,2026-05-25T17:59:27Z,"District of Nevada – Hon. Andrew P. Gordon, Chief Judge","Home Page (News)","","https://versionista.com/220894/24058795/65045374/","https://versionista.com/220894/24058795/65045374:0/"
"https://www.ned.uscourts.gov","NE USDC",monitored,"Nebraska","https://www.ned.uscourts.gov/attorney/local-rules",monitored,31,2021-01-25T23:23:42Z,every 2 days,2026-01-08T22:03:38Z,200 OK,2026-05-26T03:45:35Z,"Local Rules | District of Nebraska | United States District Court","Local Rules","","https://versionista.com/220895/14783545/63316435/","https://versionista.com/220895/14783545/63316435:0/"
"https://www.ned.uscourts.gov","NE USDC",monitored,"Nebraska","https://www.ned.uscourts.gov/",monitored,2,2026-04-29T22:41:04Z,every 2 days,2026-05-05T06:38:32Z,200 OK,2026-05-27T05:31:20Z,"District of Nebraska | United States District Court","Home Page (News)","","https://versionista.com/220895/24058784/64839794/","https://versionista.com/220895/24058784/64839794:0/"
"https://www.mtd.uscourts.gov","MT USDC",monitored,"Montana","https://www.mtd.uscourts.gov/court-info/local-rules-and-orders",monitored,7,2021-01-25T23:25:18Z,every 2 days,2022-03-01T14:22:24Z,200 OK,2026-05-26T22:19:13Z,"Rules &amp; Statutes | District of Montana | United States District Court","Local Rules","","https://versionista.com/220896/14783547/38461557/","https://versionista.com/220896/14783547/38461557:0/"
"https://www.mtd.uscourts.gov","MT USDC",monitored,"Montana","https://www.mtd.uscourts.gov/court-info/court-holidays",monitored,9,2021-07-30T18:06:20Z,every 2 days,2026-01-01T23:33:44Z,200 OK,2026-05-28T18:00:30Z,"Office Hours &amp; Federal Holidays | District of Montana | United States District Court","Holiday Schedule","","https://versionista.com/220896/15991324/63230815/","https://versionista.com/220896/15991324/63230815:0/"
"https://www.mtd.uscourts.gov","MT USDC",monitored,"Montana","https://www.mtd.uscourts.gov/",monitored,2,2026-04-29T22:24:04Z,every 2 days,2026-05-10T06:01:02Z,200 OK,2026-05-27T04:06:26Z,"District of Montana | United States District Court","Home Page (News)","","https://versionista.com/220896/24058704/64906837/","https://versionista.com/220896/24058704/64906837:0/"
"https://www.mow.uscourts.gov","MO USDC",monitored,"Missouri","https://www.mow.uscourts.gov/district/rules",monitored,31,2021-01-25T23:26:46Z,every 2 days,2026-01-06T23:00:45Z,200 OK,2026-05-28T03:15:19Z,"District Court Local Rules, ESI Principles, Procedures &amp; Fees | Western District of Missouri","Western District - General Orders","","https://versionista.com/220897/14783551/63289796/","https://versionista.com/220897/14783551/63289796:0/"
"https://www.mow.uscourts.gov","MO USDC",monitored,"Missouri","https://www.mow.uscourts.gov/hours-and-closures",monitored,10,2021-07-30T18:13:39Z,every 2 days,2026-04-08T16:18:18Z,200 OK,2026-05-28T06:35:08Z,"Hours and Closures | Western District of Missouri","Western District - Holiday Schedule","","https://versionista.com/220897/15991330/64500695/","https://versionista.com/220897/15991330/64500695:0/"
"https://www.mow.uscourts.gov","MO USDC",monitored,"Missouri","https://www.mow.uscourts.gov/",monitored,5,2026-04-29T22:13:15Z,every 2 days,2026-05-23T13:03:31Z,200 OK,2026-05-28T06:03:01Z,"Western District of Missouri | United States Courts","Western District - Home Page (News)","","https://versionista.com/220897/24058684/65082298/","https://versionista.com/220897/24058684/65082298:0/"
"https://www.mow.uscourts.gov","MO USDC",monitored,"Missouri","https://www.mow.uscourts.gov/sites/mow/files/DC-Local_Rules.pdf",monitored,0,2026-04-29T22:14:41Z,every 2 days,none,,2026-05-27T17:02:17Z,"","Western District - Local Rules (PDF)","",,
"https://www.mow.uscourts.gov","MO USDC",monitored,"Missouri","https://www.moed.uscourts.gov/",monitored,8,2026-04-29T22:16:18Z,every 2 days,2026-05-27T15:34:41Z,200 OK,2026-05-27T15:34:41Z,"Eastern District of Missouri | United States District Court","Eastern District - Home Page (News)","","https://versionista.com/220897/24058686/65130951/","https://versionista.com/220897/24058686/65130951:0/"
"https://www.mow.uscourts.gov","MO USDC",monitored,"Missouri","https://www.moed.uscourts.gov/local-rules",monitored,1,2026-04-29T22:16:49Z,every 2 days,2026-04-29T22:22:02Z,200 OK,2026-05-28T12:12:33Z,"Local Rules | Eastern District of Missouri | United States District Court","Eastern District - Local Rules","","https://versionista.com/220897/24058687/64772997/",
"https://www.mow.uscourts.gov","MO USDC",monitored,"Missouri","https://www.moed.uscourts.gov/federal-holidays",monitored,1,2026-04-29T22:17:12Z,every 2 days,2026-04-29T22:30:49Z,200 OK,2026-05-26T08:31:47Z,"Federal Holidays | Eastern District of Missouri | United States District Court","Eastern District - Holiday Schedule","","https://versionista.com/220897/24058688/64773147/",
"https://www.miwd.uscourts.gov","MI USDC",monitored,"Michigan","https://www.miwd.uscourts.gov/local-rules-practice-and-procedure",monitored,9,2021-01-25T23:31:13Z,every 2 days,2025-02-10T04:31:55Z,200 OK,2026-05-28T10:18:55Z,"Local Rules of Practice and Procedure | Western District of Michigan | United States District Court","Western District - Local Rules","","https://versionista.com/220898/14783560/59013399/","https://versionista.com/220898/14783560/59013399:0/"
"https://www.miwd.uscourts.gov","MI USDC",monitored,"Michigan","https://www.miwd.uscourts.gov/court-info/court-holidays",monitored,4,2021-07-30T18:48:48Z,every 2 days,2022-05-25T09:40:29Z,200 OK,2026-05-28T11:45:38Z,"Court Holidays | Western District of Michigan | United States District Court","Western District - Holiday Schedule","","https://versionista.com/220898/15991679/40243348/","https://versionista.com/220898/15991679/40243348:0/"
"https://www.miwd.uscourts.gov","MI USDC",monitored,"Michigan","https://www.miwd.uscourts.gov/",monitored,4,2026-04-29T18:17:12Z,every 2 days,2026-05-28T05:42:46Z,200 OK,2026-05-28T05:42:46Z,"Western District of Michigan | United States District Court","Western District - Home Page (News)","","https://versionista.com/220898/24057801/65138755/","https://versionista.com/220898/24057801/65138755:0/"
"https://www.miwd.uscourts.gov","MI USDC",monitored,"Michigan","https://www.mied.uscourts.gov/",monitored,11,2026-04-29T18:20:34Z,every 2 days,2026-05-28T16:53:01Z,200 OK,2026-05-28T16:53:01Z,"United States District Court -- Eastern Michigan District","Eastern District - Home Page (News)","","https://versionista.com/220898/24057855/65145991/","https://versionista.com/220898/24057855/65145991:0/"
"https://www.miwd.uscourts.gov","MI USDC",monitored,"Michigan","https://www.mied.uscourts.gov/index.cfm?pagefunction=rulesPlansOrders",monitored,3,2026-04-29T18:21:06Z,every 2 days,2026-05-13T20:01:55Z,200 OK,2026-05-26T11:54:40Z,"United States District Court -- Eastern Michigan District","Eastern District - Local Rules","","https://versionista.com/220898/24057856/64952332/","https://versionista.com/220898/24057856/64952332:0/"
"https://www.miwd.uscourts.gov","MI USDC",monitored,"Michigan","https://www.mied.uscourts.gov/index.cfm?pagefunction=courtLocations&locationID=3",monitored,2,2026-04-29T18:21:30Z,every 2 days,2026-05-02T00:49:15Z,200 OK,2026-05-28T02:11:58Z,"United States District Court -- Eastern Michigan District","Eastern District - Holiday Schedule","","https://versionista.com/220898/24057857/64803990/","https://versionista.com/220898/24057857/64803990:0/"
"https://www.mnd.uscourts.gov","MN USDC",monitored,"Minnesota","https://www.mnd.uscourts.gov/court-info/court-holidays",monitored,12,2021-07-30T18:35:44Z,every 2 days,2024-11-23T02:16:09Z,200 OK,2026-05-28T17:42:19Z,"Court Holidays | District of Minnesota | United States District Court","Holiday Schedule","","https://versionista.com/220899/15991647/58014149/","https://versionista.com/220899/15991647/58014149:0/"
"https://www.mnd.uscourts.gov","MN USDC",monitored,"Minnesota","https://www.mnd.uscourts.gov/proposed-local-rule-amendments-public-comments",monitored,38,2023-05-17T22:17:18Z,every 2 days,2026-04-03T09:46:46Z,200 OK,2026-05-26T01:47:33Z,"Proposed Local Rule Amendments &amp; Public Comments | District of Minnesota | United States District Court","Proposed Local Rule Amendments","","https://versionista.com/220899/20689124/64442196/","https://versionista.com/220899/20689124/64442196:0/"
"https://www.mnd.uscourts.gov","MN USDC",monitored,"Minnesota","https://www.mnd.uscourts.gov/",monitored,5,2026-04-29T22:02:31Z,every 2 days,2026-05-27T12:40:56Z,200 OK,2026-05-27T12:40:56Z,"District of Minnesota | United States District Court","Home Page (News)","","https://versionista.com/220899/24058675/65129481/","https://versionista.com/220899/24058675/65129481:0/"
"https://www.mnd.uscourts.gov","MN USDC",monitored,"Minnesota","https://www.mnd.uscourts.gov/court-info/local-rules-and-orders",monitored,1,2026-04-29T22:03:16Z,every 2 days,2026-04-29T22:17:28Z,200 OK,2026-05-27T08:26:16Z,"Local Rules and Orders | District of Minnesota | United States District Court","Local Rules","","https://versionista.com/220899/24058676/64772927/",
"https://www.mad.uscourts.gov","MA USDC",monitored,"Massachusetts","https://www.mad.uscourts.gov/general/rules-home.htm",monitored,12,2021-01-25T23:41:07Z,every 2 days,2026-04-01T19:14:30Z,200 OK,2026-05-26T14:02:49Z,"Rules | United States District Court for the District of Massachusetts","Local Rules","","https://versionista.com/220903/14783627/64417603/","https://versionista.com/220903/14783627/64417603:0/"
"https://www.mad.uscourts.gov","MA USDC",monitored,"Massachusetts","https://www.mad.uscourts.gov/",monitored,6,2026-04-28T23:00:20Z,every 2 days,2026-05-28T00:59:03Z,200 OK,2026-05-28T00:59:03Z,"Home | United States District Court for the District of Massachusetts","Home Page (News)","","https://versionista.com/220903/24057042/65135255/","https://versionista.com/220903/24057042/65135255:0/"
"https://www.insd.uscourts.gov","IN USDC",monitored,"Indiana","https://www.insd.uscourts.gov/court-info/local-rules-and-orders",monitored,35,2021-01-25T23:47:02Z,every 2 days,2026-05-15T04:55:45Z,200 OK,2026-05-27T23:46:32Z,"Local Rules | Southern District of Indiana | United States District Court","Southern District - Local Rules","","https://versionista.com/220904/14783628/64971536/","https://versionista.com/220904/14783628/64971536:0/"
"https://www.insd.uscourts.gov","IN USDC",monitored,"Indiana","https://www.insd.uscourts.gov/court-hoursholidays",monitored,15,2021-07-30T23:05:26Z,every 2 days,2026-01-07T09:29:13Z,200 OK,2026-05-25T23:39:15Z,"Court Hours/Holidays | Southern District of Indiana | United States District Court","Southern District - Holiday Schedule","","https://versionista.com/220904/15992190/63296185/","https://versionista.com/220904/15992190/63296185:0/"
"https://www.insd.uscourts.gov","IN USDC",monitored,"Indiana","https://www.insd.uscourts.gov/",monitored,5,2026-04-27T22:04:46Z,every 2 days,2026-05-26T00:24:59Z,200 OK,2026-05-26T00:24:59Z,"Southern District of Indiana | United States District Court","Southern District - Home Page (News)","","https://versionista.com/220904/24055995/65109903/","https://versionista.com/220904/24055995/65109903:0/"
"https://www.insd.uscourts.gov","IN USDC",monitored,"Indiana","https://www.innd.uscourts.gov/",monitored,3,2026-04-27T22:08:05Z,every 2 days,2026-05-21T13:30:11Z,200 OK,2026-05-26T17:03:02Z,"Northern District of Indiana | United States District Court","Northern District - Home Page (News)","","https://versionista.com/220904/24055996/65054985/","https://versionista.com/220904/24055996/65054985:0/"
"https://www.insd.uscourts.gov","IN USDC",monitored,"Indiana","https://www.innd.uscourts.gov/court-info/local-rules-and-orders",monitored,2,2026-04-27T22:09:16Z,every 2 days,2026-05-06T14:20:33Z,200 OK,2026-05-24T09:27:28Z,"Local Rules | Northern District of Indiana | United States District Court","Northern District - Local Rules","","https://versionista.com/220904/24055997/64859180/","https://versionista.com/220904/24055997/64859180:0/"
"https://www.insd.uscourts.gov","IN USDC",monitored,"Indiana","https://www.innd.uscourts.gov/court-info/court-holidays",monitored,2,2026-04-27T22:09:40Z,every 2 days,2026-05-06T11:25:01Z,200 OK,2026-05-28T13:45:36Z,"2026-2027 Court Holidays and Stand-by Alert Days | Northern District of Indiana | United States District Court","Northern District - Holiday Schedule","","https://versionista.com/220904/24055998/64856739/","https://versionista.com/220904/24055998/64856739:0/"
"https://www.id.uscourts.gov","ID USDC",monitored,"Idaho","https://www.id.uscourts.gov/district/forms_fees_rules/Civil_Rules.cfm",monitored,7,2021-01-25T23:51:15Z,every 2 days,2026-01-07T07:47:22Z,200 OK,2026-05-27T04:04:50Z,"U.S. Courts, District of Idaho","Local Rules","","https://versionista.com/220907/14783631/63295132/","https://versionista.com/220907/14783631/63295132:0/"
"https://www.id.uscourts.gov","ID USDC",monitored,"Idaho","https://www.id.uscourts.gov/clerks/Federal_Holidays.cfm",monitored,12,2021-07-30T23:35:20Z,every 2 days,2026-01-26T00:46:27Z,200 OK,2026-05-27T05:44:43Z,"U.S. Courts, District of Idaho","Holiday Schedule","","https://versionista.com/220907/15992271/63538949/","https://versionista.com/220907/15992271/63538949:0/"
"https://www.id.uscourts.gov","ID USDC",monitored,"Idaho","https://www.id.uscourts.gov/clerks/rules_orders/General_Orders.cfm",monitored,42,2023-01-04T16:35:16Z,every 2 days,2026-02-18T06:27:16Z,200 OK,2026-05-27T14:48:53Z,"U.S. Courts, District of Idaho","General Orders","","https://versionista.com/220907/19829019/63854656/","https://versionista.com/220907/19829019/63854656:0/"
"https://www.id.uscourts.gov","ID USDC",monitored,"Idaho","https://www.id.uscourts.gov/clerks/Welcome.cfm?",monitored,8,2026-04-24T21:26:30Z,every 2 days,2026-05-25T19:43:54Z,200 OK,2026-05-25T19:43:54Z,"U.S. Courts, District of Idaho","Home Page (News)","","https://versionista.com/220907/24053661/65107901/","https://versionista.com/220907/24053661/65107901:0/"
"https://www.hid.uscourts.gov","HI USDC",monitored,"Hawaii","https://www.hid.uscourts.gov/rules/local-rules",monitored,27,2023-05-16T23:41:49Z,every 2 days,2026-05-04T06:20:46Z,200 OK,2026-05-26T18:59:49Z,"United States District Court - District of Hawaii","Local Rules","","https://versionista.com/220908/20683538/64827503/","https://versionista.com/220908/20683538/64827503:0/"
"https://www.hid.uscourts.gov","HI USDC",monitored,"Hawaii","https://www.hid.uscourts.gov/home/court-hours-and-holidays",monitored,45,2023-05-16T23:44:00Z,every week,2026-05-23T15:21:14Z,200 OK,2026-05-23T15:21:14Z,"United States District Court - District of Hawaii","Holiday Schedule","","https://versionista.com/220908/20683556/65083633/","https://versionista.com/220908/20683556/65083633:0/"
"https://www.hid.uscourts.gov","HI USDC",monitored,"Hawaii","https://www.hid.uscourts.gov/home",monitored,8,2026-04-24T20:58:41Z,every 2 days,2026-05-27T13:39:15Z,200 OK,2026-05-27T13:39:15Z,"United States District Court - District of Hawaii","Home Page (News)","","https://versionista.com/220908/24053654/65130176/","https://versionista.com/220908/24053654/65130176:0/"
"https://www.ctd.uscourts.gov","CT USDC",monitored,"Connecticut","https://www.ctd.uscourts.gov/court-info/local-rules-and-orders/",monitored,12,2021-01-26T15:05:31Z,every 2 days,2025-10-12T17:47:07Z,200 OK,2026-05-25T20:21:17Z,"Rules and Orders | District of Connecticut | United States District Court","Local Rules","","https://versionista.com/220940/14786346/62141593/","https://versionista.com/220940/14786346/62141593:0/"
"https://www.ctd.uscourts.gov","CT USDC",monitored,"Connecticut","https://www.ctd.uscourts.gov/court-info/court-holidays",monitored,18,2021-08-02T22:35:14Z,every 2 days,2026-02-19T11:13:25Z,200 OK,2026-05-25T14:24:59Z,"Court Holidays | District of Connecticut | United States District Court","Holiday Schedule","","https://versionista.com/220940/16003192/63872604/","https://versionista.com/220940/16003192/63872604:0/"
"https://www.azd.uscourts.gov","AZ USDC",monitored,"Arizona","https://www.azd.uscourts.gov/local-rules",monitored,29,2021-01-26T15:21:53Z,every 2 days,2026-04-04T13:12:07Z,200 OK,2026-05-28T07:15:56Z,"Local Rules of Practice for the District of Arizona | District of Arizona | United States District Court","Local Rules","","https://versionista.com/220941/14786361/64455713/","https://versionista.com/220941/14786361/64455713:0/"
"https://www.azd.uscourts.gov","AZ USDC",monitored,"Arizona","https://www.azd.uscourts.gov/court-holidays",monitored,18,2021-08-03T14:31:21Z,every 2 days,2026-02-24T12:50:26Z,200 OK,2026-05-26T23:55:37Z,"Court Holidays | District of Arizona | United States District Court","Holiday Schedule","","https://versionista.com/220941/16008858/63937104/","https://versionista.com/220941/16008858/63937104:0/"
"https://www.azd.uscourts.gov","AZ USDC",monitored,"Arizona","https://www.azd.uscourts.gov/",monitored,6,2026-04-15T22:22:20Z,every 2 days,2026-05-21T22:36:40Z,200 OK,2026-05-28T15:30:33Z,"District of Arizona | United States District Court","Home Page (News)","","https://versionista.com/220941/24040768/65059413/","https://versionista.com/220941/24040768/65059413:0/"
"https://www.azd.uscourts.gov","AZ USDC",monitored,"Arizona","https://www.azd.uscourts.gov/general_orders",monitored,1,2026-05-27T20:55:26Z,every 2 days,2026-05-27T20:56:18Z,200 OK,2026-05-27T20:56:18Z,"General Orders | District of Arizona | United States District Court","General Orders","","https://versionista.com/220941/24122338/65133296/",
"https://www.courts.state.co.us","CO State",monitored,"Colorado","https://www.coloradojudicial.gov/holidays",monitored,10,2026-04-02T20:36:46Z,every 2 days,2026-05-21T15:50:58Z,200 OK,2026-05-27T12:21:29Z,"Holidays | Colorado Judicial Branch","Holiday Schedule","","https://versionista.com/225390/24025951/65056057/","https://versionista.com/225390/24025951/65056057:0/"
"https://www.courts.state.co.us","CO State",monitored,"Colorado","https://www.coloradojudicial.gov/",monitored,9,2026-04-20T23:05:48Z,every 2 days,2026-05-28T01:47:59Z,200 OK,2026-05-28T01:47:59Z,"Home | Colorado Judicial Branch","Colorado Judicial Branch","","https://versionista.com/225390/24049370/65135637/","https://versionista.com/225390/24049370/65135637:0/"
"https://www.courts.state.co.us","CO State",monitored,"Colorado","https://content.leg.colorado.gov/agencies/office-legislative-legal-services/red-book-2024",monitored,4,2026-04-20T23:10:16Z,every 2 days,2026-05-14T09:22:09Z,200 OK,2026-05-28T01:49:41Z,"Red Book 2024 | Colorado General Assembly","Colorado Revised Statutes","","https://versionista.com/225390/24049377/64960256/","https://versionista.com/225390/24049377/64960256:0/"
"https://www.courts.state.co.us","CO State",monitored,"Colorado","https://leg.colorado.gov/",monitored,20,2026-04-20T23:11:00Z,every 2 days,2026-05-28T01:53:25Z,200 OK,2026-05-28T01:53:25Z,"Second Regular Session | 75th General Assembly | Colorado General Assembly","Colorado General Assembly","","https://versionista.com/225390/24049378/65135680/","https://versionista.com/225390/24049378/65135680:0/"
"https://www.courts.oregon.gov","OR Circuit Courts",monitored,"Oregon","https://www.courts.oregon.gov/courts/multnomah/go/Pages/rules.aspx",monitored,41,2021-02-23T15:27:49Z,every 2 days,2026-04-08T17:32:09Z,200 OK,2026-05-27T14:29:16Z,"Oregon Judicial Department : Rules : Going to Court : State of Oregon","Multnomah - 4th Circuit Local Rules","","https://versionista.com/227516/15006071/64501205/","https://versionista.com/227516/15006071/64501205:0/"
"https://www.courts.oregon.gov","OR Circuit Courts",monitored,"Oregon","https://www.courts.oregon.gov/courts/clackamas/go/Pages/rules.aspx",monitored,30,2021-03-11T20:01:12Z,every 2 days,2025-03-05T04:37:38Z,200 OK,2026-05-28T00:09:57Z,"Oregon Judicial Department : Rules : Going to Court : State of Oregon","Clackamas - 5th Circuit Local Rules","","https://versionista.com/227516/15111379/59328370/","https://versionista.com/227516/15111379/59328370:0/"
"https://www.courts.oregon.gov","OR Circuit Courts",monitored,"Oregon","https://www.courts.oregon.gov/courts/lane/go/Pages/rules.aspx",monitored,44,2021-03-11T21:35:00Z,every 2 days,2026-04-22T20:07:31Z,200 OK,2026-05-27T23:54:25Z,"Oregon Judicial Department : Court Rules : Going to Court : State of Oregon","Lane - 2nd Circuit Local Rules","","https://versionista.com/227516/15111673/64682925/","https://versionista.com/227516/15111673/64682925:0/"
"https://www.courts.oregon.gov","OR Circuit Courts",monitored,"Oregon","https://www.courts.oregon.gov/courts/deschutes/go/Pages/rules.aspx",monitored,50,2021-03-11T21:36:19Z,every 2 days,2026-04-09T01:35:40Z,200 OK,2026-05-27T21:54:46Z,"Oregon Judicial Department : Rules : Going to Court : State of Oregon","Deschutes - 11th Circuit Local Rules","","https://versionista.com/227516/15111686/64504009/","https://versionista.com/227516/15111686/64504009:0/"
"https://www.courts.oregon.gov","OR Circuit Courts",monitored,"Oregon","https://www.courts.oregon.gov/courts/washington/go/Pages/Rules.aspx",monitored,11,2021-07-20T15:53:09Z,every 2 days,2024-08-01T01:12:08Z,200 OK,2026-05-27T15:08:41Z,"Oregon Judicial Department : Rules : Going to Court : State of Oregon","Washington - 20th Circuit Local Rules","","https://versionista.com/227516/15935693/56468258/","https://versionista.com/227516/15935693/56468258:0/"
"https://www.courts.oregon.gov","OR Circuit Courts",monitored,"Oregon","https://www.courts.oregon.gov/courts/jackson/go/Pages/rules.aspx",monitored,8,2025-01-07T17:15:01Z,every 2 days,2025-03-05T13:41:49Z,200 OK,2026-05-27T18:35:14Z,"Oregon Judicial Department : Jackson Rules : Going to Court : State of Oregon","Jackson - 1st Circuit Local Rules","","https://versionista.com/227516/22888036/59334598/","https://versionista.com/227516/22888036/59334598:0/"
"https://www.courts.oregon.gov","OR Circuit Courts",monitored,"Oregon","https://www.courts.oregon.gov/courts/umatilla/go/Pages/Rules.aspx",monitored,24,2025-01-09T21:42:57Z,every 2 days,2026-04-24T09:49:59Z,200 OK,2026-05-27T15:18:23Z,"Oregon Judicial Department : Local Court Rules : Going to Court : State of Oregon","Umatilla/Morrow - 6th Circuit Local Rules","","https://versionista.com/227516/22893177/64705419/","https://versionista.com/227516/22893177/64705419:0/"
"https://www.courts.oregon.gov","OR Circuit Courts",monitored,"Oregon","https://www.courts.oregon.gov/courts/wasco/go/Pages/Rules.aspx",monitored,5,2025-01-10T22:48:11Z,every 2 days,2025-03-04T23:44:08Z,200 OK,2026-05-28T00:18:43Z,"Oregon Judicial Department : Court Rules : Going to Court : State of Oregon","Hood River/Wasco/Sherman/ Gilliam/Wheeler - 7th Circuit Local Rules","","https://versionista.com/227516/22896242/59325826/","https://versionista.com/227516/22896242/59325826:0/"
"https://www.courts.oregon.gov","OR Circuit Courts",monitored,"Oregon","https://www.courts.oregon.gov/courts/baker/go/Pages/rules.aspx",monitored,5,2025-01-10T22:48:34Z,every 2 days,2025-03-05T03:41:14Z,200 OK,2026-05-28T01:11:45Z,"Oregon Judicial Department : Rules : Going to Court : State of Oregon","Baker - 8th Circuit Local Rules","","https://versionista.com/227516/22896243/59327802/","https://versionista.com/227516/22896243/59327802:0/"
"https://www.courts.oregon.gov","OR Circuit Courts",monitored,"Oregon","https://www.courts.oregon.gov/courts/malheur/go/Pages/rules.aspx",monitored,5,2025-01-10T22:48:55Z,every 2 days,2025-03-04T20:11:54Z,200 OK,2026-05-28T03:14:13Z,"Oregon Judicial Department : Rules : Going to Court : State of Oregon","Malheur - 9th Circuit Local Rules","","https://versionista.com/227516/22896244/59324036/","https://versionista.com/227516/22896244/59324036:0/"
"https://www.courts.oregon.gov","OR Circuit Courts",monitored,"Oregon","https://www.courts.oregon.gov/courts/wallowa/go/Pages/Rules.aspx",monitored,28,2025-01-13T20:22:45Z,every 2 days,2026-04-22T17:37:11Z,200 OK,2026-05-27T21:38:35Z,"Oregon Judicial Department : Rules, Etiquette, and Dress Code : Going to Court : State of Oregon","Union/Wallowa - 10th Circuit Local Rules","","https://versionista.com/227516/22902350/64681493/","https://versionista.com/227516/22902350/64681493:0/"
"https://www.courts.oregon.gov","OR Circuit Courts",monitored,"Oregon","https://www.courts.oregon.gov/courts/polk/go/Pages/Rules.aspx",monitored,28,2025-01-13T20:24:08Z,every 2 days,2026-05-06T14:01:40Z,200 OK,2026-05-28T04:56:47Z,"Oregon Judicial Department : Rules : Going to Court : State of Oregon","Polk - 12th Circuit Local Rules","","https://versionista.com/227516/22902353/64858943/","https://versionista.com/227516/22902353/64858943:0/"
"https://www.courts.oregon.gov","OR Circuit Courts",monitored,"Oregon","https://www.courts.oregon.gov/courts/josephine/go/Pages/rules.aspx",monitored,5,2025-01-13T23:58:28Z,every 2 days,2025-03-04T02:57:51Z,200 OK,2026-05-27T17:34:27Z,"Oregon Judicial Department : Local Court Rules : Going to Court : State of Oregon","Josephine - 14th Circuit Local Rules","","https://versionista.com/227516/22902582/59311975/","https://versionista.com/227516/22902582/59311975:0/"
"https://www.courts.oregon.gov","OR Circuit Courts",monitored,"Oregon","https://www.courts.oregon.gov/courts/coos/go/Pages/rules.aspx",monitored,6,2025-01-13T23:59:11Z,every 2 days,2025-03-05T20:57:34Z,200 OK,2026-05-27T16:03:05Z,"Oregon Judicial Department : Rules : Going to Court : State of Oregon","Coos/Curry - 15th Circuit Local Rules","","https://versionista.com/227516/22902583/59339105/","https://versionista.com/227516/22902583/59339105:0/"
"https://www.courts.oregon.gov","OR Circuit Courts",monitored,"Oregon","https://www.courts.oregon.gov/courts/douglas/go/Pages/rules.aspx",monitored,6,2025-01-14T00:00:38Z,every 2 days,2025-03-04T00:58:52Z,200 OK,2026-05-28T01:26:18Z,"Oregon Judicial Department : Rules : Going to Court : State of Oregon","Douglas - 16th Circuit Local Rules","","https://versionista.com/227516/22902584/59311028/","https://versionista.com/227516/22902584/59311028:0/"
"https://www.courts.oregon.gov","OR Circuit Courts",monitored,"Oregon","https://www.courts.oregon.gov/courts/lincoln/go/Pages/rules.aspx",monitored,5,2025-01-14T00:02:04Z,every 2 days,2025-03-03T23:39:03Z,200 OK,2026-05-27T16:14:42Z,"Oregon Judicial Department : Local Court Rules : Going to Court : State of Oregon","Lincoln - 17th Circuit Local Rules","","https://versionista.com/227516/22902585/59310272/","https://versionista.com/227516/22902585/59310272:0/"
"https://www.courts.oregon.gov","OR Circuit Courts",monitored,"Oregon","https://www.courts.oregon.gov/courts/clatsop/go/Pages/rules.aspx",monitored,6,2025-01-14T00:03:25Z,every 2 days,2025-03-03T23:06:00Z,200 OK,2026-05-28T01:36:46Z,"Oregon Judicial Department : Clatsop Rules : Going to Court : State of Oregon","Clatsop - 18th Circuit Local Rules","","https://versionista.com/227516/22902586/59309930/","https://versionista.com/227516/22902586/59309930:0/"
"https://www.courts.oregon.gov","OR Circuit Courts",monitored,"Oregon","https://www.courts.oregon.gov/courts/columbia/go/Pages/rules.aspx",monitored,6,2025-01-14T00:04:53Z,every 2 days,2025-03-03T23:15:17Z,200 OK,2026-05-28T03:54:58Z,"Oregon Judicial Department : Rules : Going to Court : State of Oregon","Columbia - 19th Circuit Local Rules","","https://versionista.com/227516/22902587/59310038/","https://versionista.com/227516/22902587/59310038:0/"
"https://www.courts.oregon.gov","OR Circuit Courts",monitored,"Oregon","https://www.courts.oregon.gov/courts/crook/go/Pages/rules.aspx",monitored,7,2025-01-14T00:06:59Z,every 2 days,2025-03-04T03:48:05Z,200 OK,2026-05-27T16:55:37Z,"Oregon Judicial Department : Rules : Going to Court : State of Oregon","Crook/Jefferson - 22nd Circuit Local Rules","","https://versionista.com/227516/22902588/59312597/","https://versionista.com/227516/22902588/59312597:0/"
"https://www.courts.oregon.gov","OR Circuit Courts",monitored,"Oregon","https://www.courts.oregon.gov/courts/linn/go/Pages/Rules.aspx",monitored,6,2025-01-14T00:11:40Z,every 2 days,2025-03-04T02:37:17Z,200 OK,2026-05-27T23:27:19Z,"Oregon Judicial Department : Court Rules : Going to Court : State of Oregon","Linn - 23rd Circuit Local Rules","","https://versionista.com/227516/22902591/59311785/","https://versionista.com/227516/22902591/59311785:0/"
"https://www.courts.oregon.gov","OR Circuit Courts",monitored,"Oregon","https://www.courts.oregon.gov/courts/grant/go/Pages/rules.aspx",monitored,9,2025-01-14T00:12:47Z,every 2 days,2025-03-04T01:48:51Z,200 OK,2026-05-27T20:53:10Z,"Oregon Judicial Department : Rules : Going to Court : State of Oregon","Grant/Harney - 24th Circuit Local Rules","","https://versionista.com/227516/22902592/59311434/","https://versionista.com/227516/22902592/59311434:0/"
"https://www.courts.oregon.gov","OR Circuit Courts",monitored,"Oregon","https://www.courts.oregon.gov/courts/yamhill/go/Pages/rules.aspx",monitored,6,2025-01-14T00:14:31Z,every 2 days,2025-03-04T02:28:51Z,200 OK,2026-05-27T18:08:30Z,"Oregon Judicial Department : Rules : Going to Court : State of Oregon","Yamhill - 25th Circuit Local Rules","","https://versionista.com/227516/22902594/59311711/","https://versionista.com/227516/22902594/59311711:0/"
"https://www.courts.oregon.gov","OR Circuit Courts",monitored,"Oregon","https://www.courts.oregon.gov/courts/lake/go/Pages/CourtRules.aspx",monitored,5,2025-01-14T00:15:31Z,every 2 days,2025-03-04T01:44:50Z,200 OK,2026-05-27T17:52:24Z,"Oregon Judicial Department : Court Rules : Going to Court : State of Oregon","Lake - 26th Circuit Local Rules","","https://versionista.com/227516/22902595/59311395/","https://versionista.com/227516/22902595/59311395:0/"
"https://www.courts.oregon.gov","OR Circuit Courts",monitored,"Oregon","https://www.courts.oregon.gov/courts/klamath/go/Pages/CourtRules.aspx",monitored,3,2025-01-22T17:22:03Z,every 2 days,2025-03-05T00:56:24Z,200 OK,2026-05-27T15:33:13Z,"Oregon Judicial Department : Court Rules : Going to Court : State of Oregon","Klamath - 13th Circuit Local Rules","","https://versionista.com/227516/22929886/59326420/","https://versionista.com/227516/22929886/59326420:0/"
"https://www.courts.oregon.gov","OR Circuit Courts",monitored,"Oregon","https://www.courts.oregon.gov/courts/marion/resources/Pages/rules.aspx",monitored,16,2025-01-22T17:23:11Z,every 2 days,2026-03-20T03:22:51Z,200 OK,2026-05-27T12:07:16Z,"Oregon Judicial Department : Local Court Rules : Other Court Resources : State of Oregon","Marion - 3rd Circuit Local Rules","","https://versionista.com/227516/22929887/64250993/","https://versionista.com/227516/22929887/64250993:0/"
"https://www.courts.oregon.gov","OR Circuit Courts",monitored,"Oregon","https://www.courts.oregon.gov/courts/benton/go/Pages/rules.aspx",monitored,6,2025-01-22T17:24:08Z,every 2 days,2025-03-04T22:48:34Z,200 OK,2026-05-27T14:37:35Z,"Oregon Judicial Department : Rules : Going to Court : State of Oregon","Benton - 21st Circuit Local Rules","","https://versionista.com/227516/22929888/59325337/","https://versionista.com/227516/22929888/59325337:0/"
"https://www.courts.oregon.gov","OR Circuit Courts",monitored,"Oregon","https://www.courts.oregon.gov/courts/tillamook/go/Pages/Rules.aspx",monitored,6,2025-01-22T17:24:47Z,every 2 days,2025-03-04T20:32:16Z,200 OK,2026-05-27T14:10:49Z,"Oregon Judicial Department : Tillamook Rules : Going to Court : State of Oregon","Tillamook - 27th Circuit Local Rules","","https://versionista.com/227516/22929889/59324221/","https://versionista.com/227516/22929889/59324221:0/"
"https://www.cafc.uscourts.gov","U.S. Court of Appeals",monitored,"U.S. Appellate Courts","https://www.cafc.uscourts.gov/home/rules-procedures-forms/rules-of-practice-archives/",monitored,6,2021-10-25T14:00:22Z,every 2 days,2023-12-03T05:11:59Z,200 OK,2026-05-25T08:15:28Z,"Rules of Practice Archives - U.S. Court of Appeals for the Federal Circuit","Federal Circuit - Rules of Practice","","https://versionista.com/229457/16563075/53189377/","https://versionista.com/229457/16563075/53189377:0/"
"https://www.cafc.uscourts.gov","U.S. Court of Appeals",monitored,"U.S. Appellate Courts","https://www.cafc.uscourts.gov/home/the-court/notices-announcements/",monitored,47,2023-05-20T00:52:58Z,every 2 weeks,2026-05-18T10:10:25Z,200 OK,2026-05-18T10:10:25Z,"Notices &amp; Announcements - U.S. Court of Appeals for the Federal Circuit","Federal Circuit - Notices","","https://versionista.com/229457/20716026/65009300/","https://versionista.com/229457/20716026/65009300:0/"
"https://www.cafc.uscourts.gov","U.S. Court of Appeals",monitored,"U.S. Appellate Courts","https://www.cafc.uscourts.gov/",monitored,1,2026-05-20T21:44:13Z,every 2 days,2026-05-20T21:44:18Z,200 OK,2026-05-25T19:47:02Z,"U.S. Court of Appeals for the Federal Circuit","Federal Circuit - Home Page (News)","","https://versionista.com/229457/24108749/65045434/",
"https://www.cafc.uscourts.gov","U.S. Court of Appeals",monitored,"U.S. Appellate Courts","https://www.ca1.uscourts.gov/",monitored,3,2026-05-20T21:46:43Z,every 2 days,2026-05-26T19:46:04Z,200 OK,2026-05-26T19:46:04Z,"Request Rejected","1st Circuit - Home Page (News)","","https://versionista.com/229457/24108751/65120257/","https://versionista.com/229457/24108751/65120257:0/"
"https://www.cafc.uscourts.gov","U.S. Court of Appeals",monitored,"U.S. Appellate Courts","https://www.ca1.uscourts.gov/notice-rule-amendments",monitored,2,2026-05-20T21:47:18Z,every 2 days,2026-05-24T08:48:26Z,200 OK,2026-05-24T08:48:26Z,"Request Rejected","1st Circuit - Rule Amendments","","https://versionista.com/229457/24108752/65092564/","https://versionista.com/229457/24108752/65092564:0/"
"https://www.cafc.uscourts.gov","U.S. Court of Appeals",monitored,"U.S. Appellate Courts","https://www.ca1.uscourts.gov/sites/ca1/files/rulebook.pdf",monitored,4,2026-05-20T21:47:41Z,every 2 days,2026-05-28T19:15:56Z,200 OK,2026-05-28T19:15:56Z,"Request Rejected","1st Circuit - Local Rules (PDF)","","https://versionista.com/229457/24108753/65146784/","https://versionista.com/229457/24108753/65146784:0/"
"https://www.cafc.uscourts.gov","U.S. Court of Appeals",monitored,"U.S. Appellate Courts","https://www.ca2.uscourts.gov/",monitored,1,2026-05-20T21:48:42Z,every 2 days,2026-05-20T21:49:45Z,200 OK,2026-05-27T17:44:24Z,"United States Court of Appeals 2nd Circuit","2nd Circuit - Home Page (News)","","https://versionista.com/229457/24108755/65045476/",
"https://www.cafc.uscourts.gov","U.S. Court of Appeals",monitored,"U.S. Appellate Courts","https://www.ca2.uscourts.gov/clerk/case_filing/rules/rules_home.html",monitored,1,2026-05-20T21:49:01Z,every 2 days,2026-05-20T21:52:21Z,200 OK,2026-05-28T03:21:23Z,"Federal Rules of Appellate Procedure and Local Rules and Internal Operating Procedures of the Second Circuit","2nd Circuit - Local Rules","","https://versionista.com/229457/24108756/65045497/",
"https://www.cafc.uscourts.gov","U.S. Court of Appeals",monitored,"U.S. Appellate Courts","https://www.ca2.uscourts.gov/clerk/calendars/federal_holidays.html",monitored,1,2026-05-20T21:49:18Z,every 2 days,2026-05-20T21:54:41Z,200 OK,2026-05-26T06:27:37Z,"Federal Holidays","2nd Circuit - Holiday Schedule","","https://versionista.com/229457/24108757/65045515/",
"https://www.cafc.uscourts.gov","U.S. Court of Appeals",monitored,"U.S. Appellate Courts","https://www.ca3.uscourts.gov/",monitored,3,2026-05-20T22:02:57Z,every 2 days,2026-05-27T08:34:16Z,200 OK,2026-05-27T08:34:16Z,"Request Rejected","3rd Circuit - Home Page (News)","","https://versionista.com/229457/24108970/65127727/","https://versionista.com/229457/24108970/65127727:0/"
"https://www.cafc.uscourts.gov","U.S. Court of Appeals",monitored,"U.S. Appellate Courts","https://www.ca3.uscourts.gov/sites/ca3/files/2011_LAR_Final.pdf",monitored,3,2026-05-20T22:03:50Z,every 2 days,2026-05-27T14:14:23Z,200 OK,2026-05-27T14:14:23Z,"Request Rejected","3rd Circuit - Local Rules (PDF)","","https://versionista.com/229457/24108972/65130386/","https://versionista.com/229457/24108972/65130386:0/"
"https://www.cafc.uscourts.gov","U.S. Court of Appeals",monitored,"U.S. Appellate Courts","https://www.ca4.uscourts.gov/",monitored,3,2026-05-20T22:05:12Z,every 2 days,2026-05-28T15:35:07Z,404 Not Found,2026-05-28T15:35:07Z,"Object not found!","4th Circuit - Home Page (News)","","https://versionista.com/229457/24108999/65145157/","https://versionista.com/229457/24108999/65145157:0/"
"https://www.cafc.uscourts.gov","U.S. Court of Appeals",monitored,"U.S. Appellate Courts","https://www.ca5.uscourts.gov/",monitored,3,2026-05-20T22:06:09Z,every 2 days,2026-05-27T03:34:15Z,404 Not Found,2026-05-27T03:34:15Z,"Object not found!","5th Circuit - Home Page (News)","","https://versionista.com/229457/24109000/65123275/","https://versionista.com/229457/24109000/65123275:0/"
"https://www.cafc.uscourts.gov","U.S. Court of Appeals",monitored,"U.S. Appellate Courts","https://www.ca6.uscourts.gov/",monitored,4,2026-05-20T22:07:09Z,every 2 days,2026-05-28T18:52:59Z,200 OK,2026-05-28T18:52:59Z,"Request Rejected","6th Circuit - Home Page (News)","","https://versionista.com/229457/24109026/65146681/","https://versionista.com/229457/24109026/65146681:0/"
"https://www.cafc.uscourts.gov","U.S. Court of Appeals",monitored,"U.S. Appellate Courts","https://www.ca7.uscourts.gov/",monitored,2,2026-05-20T22:54:23Z,every 2 days,2026-05-23T04:11:43Z,200 OK,2026-05-26T22:54:34Z,"United States Court of Appeals for the Seventh Circuit","7th Circuit - Home Page (News)","","https://versionista.com/229457/24109557/65076314/","https://versionista.com/229457/24109557/65076314:0/"
"https://www.cafc.uscourts.gov","U.S. Court of Appeals",monitored,"U.S. Appellate Courts","https://www.ca8.uscourts.gov/",monitored,3,2026-05-20T22:54:58Z,every 2 days,2026-05-26T21:32:39Z,200 OK,2026-05-26T21:32:39Z,"Request Rejected","8th Circuit - Home Page (News)","","https://versionista.com/229457/24109558/65120695/","https://versionista.com/229457/24109558/65120695:0/"
"https://www.cafc.uscourts.gov","U.S. Court of Appeals",monitored,"U.S. Appellate Courts","https://www.ca9.uscourts.gov/",monitored,2,2026-05-20T22:55:19Z,every 2 days,2026-05-24T03:57:15Z,200 OK,2026-05-27T15:39:10Z,"United States Court of Appeals for the Ninth Circuit","9th Circuit - Home Page (News)","","https://versionista.com/229457/24109559/65089549/","https://versionista.com/229457/24109559/65089549:0/"
"https://www.cafc.uscourts.gov","U.S. Court of Appeals",monitored,"U.S. Appellate Courts","https://www.ca10.uscourts.gov/",monitored,4,2026-05-20T22:55:37Z,every 2 days,2026-05-28T04:21:41Z,200 OK,2026-05-28T04:21:41Z,"Request Rejected","10th Circuit - Home Page (News)","","https://versionista.com/229457/24109588/65137575/","https://versionista.com/229457/24109588/65137575:0/"
"https://www.cafc.uscourts.gov","U.S. Court of Appeals",monitored,"U.S. Appellate Courts","https://www.ca11.uscourts.gov/",monitored,3,2026-05-20T22:55:58Z,every 2 days,2026-05-26T12:34:50Z,404 Not Found,2026-05-26T12:34:50Z,"Object not found!","11th Circuit - Home Page (News)","","https://versionista.com/229457/24109589/65116835/","https://versionista.com/229457/24109589/65116835:0/"
"https://www.cafc.uscourts.gov","U.S. Court of Appeals",monitored,"U.S. Appellate Courts","https://www.cadc.uscourts.gov/",monitored,3,2026-05-20T22:56:20Z,every 2 days,2026-05-26T19:28:28Z,200 OK,2026-05-26T19:28:28Z,"Request Rejected","DC Circuit - Home Page (News)","","https://versionista.com/229457/24109590/65120202/","https://versionista.com/229457/24109590/65120202:0/"
"https://www.kywd.uscourts.gov","KY USDC",monitored,"Kentucky","https://www.kywd.uscourts.gov/court-info/court-calendar",monitored,19,2021-07-30T22:19:18Z,every 2 days,2026-01-07T08:14:11Z,200 OK,2026-05-25T06:37:09Z,"Court Calendar | Western District of Kentucky | United States District Court","Western District - Holiday Schedule","","https://versionista.com/232617/15992165/63295430/","https://versionista.com/232617/15992165/63295430:0/"
"https://www.kywd.uscourts.gov","KY USDC",monitored,"Kentucky","https://www.kywd.uscourts.gov/court-info/local-rules-and-orders/local-rules",monitored,2,2026-04-10T18:00:54Z,every 2 days,2026-04-23T20:40:53Z,200 OK,2026-05-27T03:54:44Z,"Local Rules | Western District of Kentucky | United States District Court","Western District - Local Rules ","","https://versionista.com/232617/24036140/64696933/","https://versionista.com/232617/24036140/64696933:0/"
"https://www.kywd.uscourts.gov","KY USDC",monitored,"Kentucky","https://www.kywd.uscourts.gov/",monitored,3,2026-04-27T22:50:21Z,every 2 days,2026-05-27T17:53:12Z,200 OK,2026-05-27T17:53:12Z,"Western District of Kentucky | United States District Court","Western District - Home Page (News)","","https://versionista.com/232617/24056039/65132200/","https://versionista.com/232617/24056039/65132200:0/"
"https://www.kywd.uscourts.gov","KY USDC",monitored,"Kentucky","https://www.kyed.uscourts.gov/",monitored,4,2026-04-27T22:51:57Z,every 2 days,2026-05-14T14:25:23Z,200 OK,2026-05-26T21:08:46Z,"Eastern District of Kentucky | United States District Court","Eastern District - Home Page (News)","","https://versionista.com/232617/24056044/64964170/","https://versionista.com/232617/24056044/64964170:0/"
"https://www.kywd.uscourts.gov","KY USDC",monitored,"Kentucky","https://www.kyed.uscourts.gov/court-info/court-holidays",monitored,1,2026-04-27T22:52:16Z,every 2 days,2026-04-27T23:03:17Z,200 OK,2026-05-28T02:47:43Z,"Court Holidays | Eastern District of Kentucky | United States District Court","Eastern District - Holiday Schedule","","https://versionista.com/232617/24056045/64746873/",
"https://www.kywd.uscourts.gov","KY USDC",monitored,"Kentucky","https://www.kyed.uscourts.gov/rules-and-forms",monitored,3,2026-04-27T22:52:40Z,every 2 days,2026-05-11T16:27:10Z,200 OK,2026-05-27T09:16:26Z,"Rules &amp; Forms | Eastern District of Kentucky | United States District Court","Eastern District - Local Rules","","https://versionista.com/232617/24056046/64923921/","https://versionista.com/232617/24056046/64923921:0/"
"https://www.txcourts.gov","TX Appellate Courts",monitored,"Texas","https://www.txcourts.gov/2ndcoa/practice-before-the-court/local-rules/rules/",monitored,15,2022-08-09T19:15:30Z,every 2 days,2025-09-12T16:06:13Z,200 OK,2026-05-27T10:07:41Z,"TJB | 2nd COA | Practice Before the Court | Local Rules | Rules","2nd Court of Appeals - Local Rules","","https://versionista.com/236133/18527141/61883403/","https://versionista.com/236133/18527141/61883403:0/"
"https://www.txcourts.gov","TX Appellate Courts",monitored,"Texas","https://www.txcourts.gov/1stcoa/practice-before-the-court/mediation-adr/",monitored,18,2022-08-09T21:01:53Z,every 2 days,2023-12-06T21:21:45Z,200 OK,2026-05-27T11:21:57Z,"TJB | 1st COA | Practice Before the Court | Mediation ADR","1st Court of Appeals - ADR Procedures","","https://versionista.com/236133/18527623/53237507/","https://versionista.com/236133/18527623/53237507:0/"
"https://www.txcourts.gov","TX Appellate Courts",monitored,"Texas","https://www.txcourts.gov/3rdcoa/practice-before-the-court/local-practices/",monitored,10,2022-08-10T22:09:02Z,every 2 days,2024-04-05T08:30:11Z,200 OK,2026-05-27T10:59:32Z,"TJB | 3rd COA | Practice Before the Court | Local Practices","3rd Court of Appeals - Local Rules","","https://versionista.com/236133/18540589/54876318/","https://versionista.com/236133/18540589/54876318:0/"
"https://www.txcourts.gov","TX Appellate Courts",monitored,"Texas","https://www.txcourts.gov/4thcoa/practice-before-the-court/local-rules/",monitored,18,2022-08-10T22:10:36Z,every 2 days,2026-01-14T16:02:32Z,200 OK,2026-05-27T11:19:33Z,"TJB | 4th COA | Practice Before the Court | Local Rules","4th Court of Appeals - Local Rules","","https://versionista.com/236133/18540594/63389809/","https://versionista.com/236133/18540594/63389809:0/"
"https://www.txcourts.gov","TX Appellate Courts",monitored,"Texas","https://www.txcourts.gov/5thcoa/practice-before-the-court/local-rules/",monitored,9,2022-08-10T22:48:43Z,every 2 days,2022-12-22T05:59:05Z,200 OK,2026-05-27T10:01:55Z,"TJB | 5th COA | Practice Before the Court | Local Rules","5th Court of Appeals - Local Rules","","https://versionista.com/236133/18540784/45278345/","https://versionista.com/236133/18540784/45278345:0/"
"https://www.txcourts.gov","TX Appellate Courts",monitored,"Texas","https://www.txcourts.gov/6thcoa/practice-before-the-court/",monitored,8,2022-08-11T14:28:52Z,every 2 days,2023-04-20T11:07:35Z,200 OK,2026-05-27T10:23:38Z,"TJB | 6th COA | Practice Before the Court","6th Court of Appeals - Practice Procedures","","https://versionista.com/236133/18547012/48569136/","https://versionista.com/236133/18547012/48569136:0/"
"https://www.txcourts.gov","TX Appellate Courts",monitored,"Texas","https://www.txcourts.gov/media/560270/8thlocalrules.pdf",monitored,3,2022-08-11T14:57:35Z,every 2 days,2024-03-28T22:53:50Z,200 OK,2026-05-27T10:29:25Z,"","8th Court of Appeals - Local Rules (PDF)","","https://versionista.com/236133/18547322/54778176/","https://versionista.com/236133/18547322/54778176:0/"
"https://www.txcourts.gov","TX Appellate Courts",monitored,"Texas","https://www.txcourts.gov/1stcoa/",monitored,50,2023-03-29T18:06:38Z,every 2 days,2026-05-23T12:37:00Z,200 OK,2026-05-27T10:17:47Z,"TJB | 1st COA","1st Court of Appeals - Home Page","","https://versionista.com/236133/20387795/65082076/","https://versionista.com/236133/20387795/65082076:0/"
"https://www.txcourts.gov","TX Appellate Courts",monitored,"Texas","https://www.txcourts.gov/media/1460351/web-iops-revised-0425.pdf",monitored,1,2026-04-14T17:23:51Z,every 2 days,2026-04-14T17:23:54Z,200 OK,2026-05-27T16:22:36Z,"","2nd Court of Appeals - IOPs (PDF)","","https://versionista.com/236133/24039341/64574067/",
"https://www.txcourts.gov","TX Appellate Courts",monitored,"Texas","https://www.txcourts.gov/3rdcoa/",monitored,2,2026-05-18T21:49:48Z,every 2 days,2026-05-28T16:13:04Z,200 OK,2026-05-28T16:13:04Z,"TJB | 3rd COA","3rd Court of Appeals - Home Page","","https://versionista.com/236133/24102754/65145563/","https://versionista.com/236133/24102754/65145563:0/"
"https://www.jud.ct.gov","CT State",monitored,"Connecticut","https://www.jud.ct.gov/pb.htm",monitored,7,2021-06-22T22:56:31Z,every 2 days,2022-01-26T10:09:26Z,200 OK,2026-05-27T12:25:27Z,"Court Rules - CT Judicial Branch Practice Book","Rules of Court","","https://versionista.com/240248/15703179/37775753/","https://versionista.com/240248/15703179/37775753:0/"
"https://www.jud.ct.gov","CT State",monitored,"Connecticut","https://www.jud.ct.gov/directory/directory/ctinfo1.htm",monitored,9,2021-08-02T22:38:15Z,every 2 days,2026-01-12T16:51:27Z,200 OK,2026-05-27T13:23:15Z,"General Court Information: Court hours, holidays, directions and court telephone numbers - CT Judicial Branch","Holiday Schedule","","https://versionista.com/240248/16003194/63362899/","https://versionista.com/240248/16003194/63362899:0/"
"https://www.jud.ct.gov","CT State",monitored,"Connecticut","https://www.jud.ct.gov/",monitored,9,2026-04-21T21:02:36Z,every 2 days,2026-05-21T04:55:32Z,200 OK,2026-05-27T01:32:06Z,"Connecticut Judicial Branch","Connecticut Judicial Branch","","https://versionista.com/240248/24050356/65048419/","https://versionista.com/240248/24050356/65048419:0/"
"https://www.akd.uscourts.gov","AK USDC",monitored,"Alaska","https://www.akd.uscourts.gov/court-info/local-rules-and-orders/local-rules",monitored,11,2021-06-23T14:44:30Z,every 2 days,2025-10-16T17:28:23Z,200 OK,2026-05-28T08:22:40Z,"Local Rules | District of Alaska | United States District Court","Local Rules","","https://versionista.com/240542/15709208/62198508/","https://versionista.com/240542/15709208/62198508:0/"
"https://www.akd.uscourts.gov","AK USDC",monitored,"Alaska","https://www.akd.uscourts.gov/court-holidays",monitored,20,2021-08-03T15:10:55Z,every 2 days,2025-12-25T02:37:13Z,200 OK,2026-05-28T16:57:38Z,"Court Holidays | District of Alaska | United States District Court","Holiday Schedule","","https://versionista.com/240542/16008957/63139815/","https://versionista.com/240542/16008957/63139815:0/"
"https://www.akd.uscourts.gov","AK USDC",monitored,"Alaska","https://www.akd.uscourts.gov/",monitored,4,2026-04-15T22:21:38Z,every 2 days,2026-05-23T02:15:01Z,200 OK,2026-05-26T13:08:11Z,"District of Alaska | United States District Court","Home Page (News)","","https://versionista.com/240542/24040767/65075160/","https://versionista.com/240542/24040767/65075160:0/"
"https://www.arwd.uscourts.gov","AR USDC ",monitored,"Arkansas","https://www.arwd.uscourts.gov/sites/arwd/files/ARWD%20Local%20Rules.pdf",monitored,6,2021-06-23T17:47:26Z,every 2 days,2023-05-18T12:23:03Z,200 OK,2026-05-28T18:35:15Z,"","Western District - Local Rules (PDF)","","https://versionista.com/240599/15710302/49300880/","https://versionista.com/240599/15710302/49300880:0/"
"https://www.arwd.uscourts.gov","AR USDC ",monitored,"Arkansas","https://www.arwd.uscourts.gov/general-orders",monitored,28,2021-06-23T17:48:12Z,every 2 days,2026-04-07T14:33:28Z,200 OK,2026-05-26T07:48:29Z,"General Orders | Western District of Arkansas | United States District Court","Western District - General Orders","","https://versionista.com/240599/15710310/64487014/","https://versionista.com/240599/15710310/64487014:0/"
"https://www.arwd.uscourts.gov","AR USDC ",monitored,"Arkansas","https://www.arwd.uscourts.gov/",monitored,4,2026-04-16T17:22:47Z,every 2 days,2026-05-02T16:11:12Z,200 OK,2026-05-28T13:56:49Z,"Western District of Arkansas | United States District Court","Western District - Home Page (News)","","https://versionista.com/240599/24042123/64811782/","https://versionista.com/240599/24042123/64811782:0/"
"https://www.arwd.uscourts.gov","AR USDC ",monitored,"Arkansas","https://www.are.uscourts.gov/",monitored,3,2026-04-16T17:26:29Z,every 2 days,2026-05-01T01:12:32Z,200 OK,2026-05-28T07:10:05Z,"Eastern District of Arkansas | United States District Court","Eastern District - Home Page (News)","","https://versionista.com/240599/24042124/64790341/","https://versionista.com/240599/24042124/64790341:0/"
"https://www.arwd.uscourts.gov","AR USDC ",monitored,"Arkansas","https://www.are.uscourts.gov/court-info/court-holidays",monitored,3,2026-04-16T17:27:15Z,every 2 days,2026-04-28T08:36:54Z,200 OK,2026-05-27T10:05:57Z,"Court Holidays | Eastern District of Arkansas | United States District Court","Eastern District - Holiday Schedule","","https://versionista.com/240599/24042125/64752057/","https://versionista.com/240599/24042125/64752057:0/"
"https://www.arwd.uscourts.gov","AR USDC ",monitored,"Arkansas","https://www.are.uscourts.gov/court-info/local-rules-and-orders/general-orders?page=2",monitored,1,2026-04-16T17:28:16Z,every 2 days,2026-04-16T17:34:11Z,200 OK,2026-05-25T10:53:58Z,"General Orders | Eastern District of Arkansas | United States District Court","Eastern District - General Orders","","https://versionista.com/240599/24042127/64603083/",
"https://www.arwd.uscourts.gov","AR USDC ",monitored,"Arkansas","https://www.are.uscourts.gov/sites/are/files/local_rules/All_LR.pdf",monitored,0,2026-04-16T17:29:10Z,every 2 days,none,,2026-05-28T18:21:40Z,"","Eastern District - Local Rules (PDF)","",,
"https://www.arwd.uscourts.gov","AR USDC ",monitored,"Arkansas","https://www.arwd.uscourts.gov/court-info/local-rules-and-orders",monitored,1,2026-05-27T21:46:40Z,every 2 days,2026-05-27T21:47:39Z,200 OK,2026-05-27T21:47:39Z,"Local Rules and Orders | Western District of Arkansas | United States District Court","Western District - Local Rules","","https://versionista.com/240599/24122434/65133672/",
"https://www.arwd.uscourts.gov","AR USDC ",monitored,"Arkansas","https://www.are.uscourts.gov/court-info/local-rules-and-orders",monitored,1,2026-05-27T21:47:28Z,every 2 days,2026-05-27T22:01:24Z,200 OK,2026-05-27T22:01:24Z,"Local Rules and General Orders | Eastern District of Arkansas | United States District Court","Eastern District - Local Rules","","https://versionista.com/240599/24122435/65133784/",
"https://www.gasd.uscourts.gov","GA USDC",monitored,"Georgia","https://www.gasd.uscourts.gov/court-info/court-holidays",monitored,17,2021-08-02T20:41:12Z,every 2 days,2026-01-28T01:27:48Z,200 OK,2026-05-27T11:28:53Z,"Court Holiday's | Southern District of Georgia | United States District Court","Southern District - Holiday Schedule","","https://versionista.com/240602/16002917/63565996/","https://versionista.com/240602/16002917/63565996:0/"
"https://www.gasd.uscourts.gov","GA USDC",monitored,"Georgia","https://www.gasd.uscourts.gov/",monitored,3,2026-04-24T20:10:46Z,every 2 days,2026-05-15T10:49:53Z,200 OK,2026-05-26T23:06:25Z,"Southern District of Georgia | United States District Court","Southern District - Home Page (News)","","https://versionista.com/240602/24053621/64974917/","https://versionista.com/240602/24053621/64974917:0/"
"https://www.gasd.uscourts.gov","GA USDC",monitored,"Georgia","https://www.gasd.uscourts.gov/court-info/local-rules-and-orders",monitored,1,2026-04-24T20:12:37Z,every 2 days,2026-04-24T20:14:51Z,200 OK,2026-05-26T07:01:57Z,"Local Rules and General Orders | Southern District of Georgia | United States District Court","Southern District - Local Rules","","https://versionista.com/240602/24053622/64710664/",
"https://www.gasd.uscourts.gov","GA USDC",monitored,"Georgia","https://www.gamd.uscourts.gov/",monitored,1,2026-04-24T20:19:06Z,every 2 days,2026-04-24T20:19:24Z,200 OK,2026-05-25T17:43:55Z,"Middle District of Georgia | United States District Court","Middle District - Home Page (News)","","https://versionista.com/240602/24053626/64710720/",
"https://www.gasd.uscourts.gov","GA USDC",monitored,"Georgia","https://www.gamd.uscourts.gov/local-rules",monitored,1,2026-04-24T20:20:03Z,every 2 days,2026-04-24T20:20:54Z,200 OK,2026-05-28T10:25:11Z,"Local Rules | Middle District of Georgia | United States District Court","Middle District - Local Rules","","https://versionista.com/240602/24053627/64710733/",
"https://www.gasd.uscourts.gov","GA USDC",monitored,"Georgia","https://www.gamd.uscourts.gov/court-info/local-rules-and-orders/general-orders",monitored,1,2026-04-24T20:20:58Z,every 2 days,2026-04-24T20:23:40Z,200 OK,2026-05-27T21:20:18Z,"General Orders | Middle District of Georgia | United States District Court","Middle District - General Orders","","https://versionista.com/240602/24053629/64710757/",
"https://www.gasd.uscourts.gov","GA USDC",monitored,"Georgia","https://www.gand.uscourts.gov/",monitored,1,2026-04-24T20:22:23Z,every 2 days,2026-04-24T20:28:15Z,200 OK,2026-05-26T00:32:24Z,"Northern District of Georgia | United States District Court","Northern District - Home Page (News)","","https://versionista.com/240602/24053630/64710807/",
"https://www.gasd.uscourts.gov","GA USDC",monitored,"Georgia","https://www.gand.uscourts.gov/court-info/local-rules-and-orders/local-rules",monitored,1,2026-04-24T20:23:55Z,every 2 days,2026-04-24T20:25:10Z,200 OK,2026-05-28T09:22:18Z,"Local Rules | Northern District of Georgia | United States District Court","Northern District - Local Rules","","https://versionista.com/240602/24053631/64710770/",
"https://www.gasd.uscourts.gov","GA USDC",monitored,"Georgia","https://www.gand.uscourts.gov/court-info/local-rules-and-orders/general-orders",monitored,2,2026-04-24T20:24:25Z,every 2 days,2026-05-13T10:43:07Z,200 OK,2026-05-26T08:22:43Z,"General, Standing, and Administrative Orders | Northern District of Georgia | United States District Court","Northern District - General Orders","","https://versionista.com/240602/24053632/64946049/","https://versionista.com/240602/24053632/64946049:0/"
"https://www.gasupreme.us","GA Appellate Courts",monitored,"Georgia","https://www.gasupreme.us/rules/",monitored,33,2021-07-15T21:21:42Z,every 2 days,2026-03-20T02:07:40Z,200 OK,2026-05-27T10:05:12Z,"Supreme Court of Georgia Rules &#8211; Supreme Court of Georgia","Rules of the Supreme Court","","https://versionista.com/240605/15897403/64250163/","https://versionista.com/240605/15897403/64250163:0/"
"https://www.gasupreme.us","GA Appellate Courts",monitored,"Georgia","https://www.gasupreme.us/court-information/holidays-2/",monitored,23,2021-08-02T20:44:14Z,every 2 days,2025-12-30T16:16:50Z,200 OK,2026-05-27T10:07:32Z,"Holidays &#8211; Supreme Court of Georgia","Supreme Court - Holiday Schedule","","https://versionista.com/240605/16002968/63200234/","https://versionista.com/240605/16002968/63200234:0/"
"https://www.gasupreme.us","GA Appellate Courts",monitored,"Georgia","https://www.gasupreme.us/",monitored,7,2026-04-24T20:39:20Z,every 2 days,2026-05-26T02:33:34Z,200 OK,2026-05-28T01:24:45Z,"Supreme Court of Georgia","Supreme Court - Home Page","","https://versionista.com/240605/24053643/65110859/","https://versionista.com/240605/24053643/65110859:0/"
"https://www.gasupreme.us","GA Appellate Courts",monitored,"Georgia","https://www.gaappeals.gov/",paused,4,2026-04-24T20:44:11Z,every 2 days,2026-04-30T17:16:02Z,403 Forbidden,2026-04-30T17:16:02Z,"ERROR: The request could not be satisfied","Court of Appeals - Home Page","","https://versionista.com/240605/24053645/64784984/","https://versionista.com/240605/24053645/64784984:0/"
"https://www.gasupreme.us","GA Appellate Courts",monitored,"Georgia","https://www.gaappeals.gov/rules-1-8/",paused,4,2026-04-24T20:45:56Z,every 2 days,2026-04-30T17:25:59Z,403 Forbidden,2026-04-30T17:25:59Z,"ERROR: The request could not be satisfied","Rules of Appellate Procedure","","https://versionista.com/240605/24053646/64785089/","https://versionista.com/240605/24053646/64785089:0/"
"https://www.courts.state.hi.us","HI State",monitored,"Hawaii","https://www.courts.state.hi.us/legal_references/rules/rulesofcourtamendments",monitored,15,2021-06-23T19:59:16Z,every 2 days,2023-01-05T08:03:01Z,200 OK,2026-05-27T10:16:13Z,"Judiciary &#124; Hawai‘i Rules of Court Amendments","Rules of Court - Amendments","","https://versionista.com/240608/15710999/45638975/","https://versionista.com/240608/15710999/45638975:0/"
"https://www.courts.state.hi.us","HI State",monitored,"Hawaii","https://www.courts.state.hi.us/legal_references/rules/rulesOfCourt",monitored,50,2022-01-24T16:10:14Z,every 2 days,2026-05-23T12:28:00Z,200 OK,2026-05-27T10:05:39Z,"Judiciary &#124; Hawai&#8217;i Rules of Court","Rules of Court","","https://versionista.com/240608/17137307/65082023/","https://versionista.com/240608/17137307/65082023:0/"
"https://www.courts.state.hi.us","HI State",monitored,"Hawaii","https://www.courts.state.hi.us/",monitored,11,2026-04-24T21:19:38Z,every 2 days,2026-05-28T02:11:07Z,200 OK,2026-05-28T02:11:07Z,"Judiciary","Hawaii State Judiciary","","https://versionista.com/240608/24053658/65135796/","https://versionista.com/240608/24053658/65135796:0/"
"https://www.courts.state.hi.us","HI State",monitored,"Hawaii","https://histatelawlibrary.com/about/hawaii-state-holiday-schedule/",monitored,4,2026-04-24T21:23:11Z,every 2 days,2026-05-16T08:57:36Z,200 OK,2026-05-28T03:39:25Z,"Hawai’i State Holiday Schedule - HI State Law Library System","Holiday Schedule","","https://versionista.com/240608/24053660/64988468/","https://versionista.com/240608/24053660/64988468:0/"
"https://isc.idaho.gov","ID State",monitored,"Idaho","https://isc.idaho.gov/ircp-new",monitored,22,2021-06-23T20:16:29Z,every 2 days,2026-04-30T02:14:00Z,200 OK,2026-05-27T10:35:10Z,"Idaho Rules of Civil Procedure | Idaho Courts | Idaho Supreme Court","Rules of Civil Procedure","","https://versionista.com/240609/15711006/64775122/","https://versionista.com/240609/15711006/64775122:0/"
"https://isc.idaho.gov","ID State",monitored,"Idaho","https://isc.idaho.gov/irflp",monitored,31,2022-03-21T20:49:18Z,every 2 days,2026-05-23T13:49:26Z,200 OK,2026-05-27T11:29:29Z,"Idaho Rules of Family Law | Idaho Courts | Idaho Supreme Court","Rules of Family Law Procedure","","https://versionista.com/240609/17570653/65083025/","https://versionista.com/240609/17570653/65083025:0/"
"https://isc.idaho.gov","ID State",monitored,"Idaho","https://isc.idaho.gov/recent-amendments",monitored,47,2023-05-17T00:00:00Z,every 2 days,2026-04-30T04:28:50Z,200 OK,2026-05-27T12:28:04Z,"Recent Amendments | Idaho Courts | Idaho Supreme Court","Rules of Court - Recent Amendments","","https://versionista.com/240609/20683769/64776611/","https://versionista.com/240609/20683769/64776611:0/"
"https://isc.idaho.gov","ID State",monitored,"Idaho","https://sos.idaho.gov/",monitored,4,2026-04-27T21:16:44Z,every 2 days,2026-05-21T08:03:55Z,200 OK,2026-05-27T04:34:53Z,"Idaho Secretary Of State - Idaho Secretary of State","Idaho Secretary of State","","https://versionista.com/240609/24055941/65050993/","https://versionista.com/240609/24055941/65050993:0/"
"https://isc.idaho.gov","ID State",monitored,"Idaho","https://sos.idaho.gov/state-holidays/",monitored,1,2026-04-27T21:17:39Z,every 2 days,2026-04-27T21:18:06Z,200 OK,2026-05-27T04:32:47Z,"State Holidays - Idaho Secretary of State","Holiday Schedule","","https://versionista.com/240609/24055943/64745533/",
"https://www.ilnd.uscourts.gov","IL USDC",monitored,"Illinois","https://www.ilnd.uscourts.gov/GeneralOrders.aspx",monitored,3,2026-04-10T17:43:34Z,every 2 days,2026-05-21T16:23:23Z,200 OK,2026-05-27T10:10:08Z,"Northern District of Illinois","Northern District - General Orders","","https://versionista.com/240613/24036136/65056385/","https://versionista.com/240613/24036136/65056385:0/"
"https://www.ilnd.uscourts.gov","IL USDC",monitored,"Illinois","https://www.ilnd.uscourts.gov/",monitored,3,2026-04-27T21:19:36Z,every 2 days,2026-05-22T04:55:18Z,200 OK,2026-05-26T05:12:08Z,"United States District Court for the Northern District of Illinois","Northern District - Home Page (News)","","https://versionista.com/240613/24055945/65062909/","https://versionista.com/240613/24055945/65062909:0/"
"https://www.ilnd.uscourts.gov","IL USDC",monitored,"Illinois","https://www.ilnd.uscourts.gov/rules.php#Local_Patent_Rules1",monitored,4,2026-04-27T21:20:54Z,every 2 days,2026-05-09T22:43:45Z,200 OK,2026-05-26T16:04:07Z,"Local Patent Rules - Rules - United States District Court Northern District of Illinois","Northern District - Local Patent Rules","","https://versionista.com/240613/24055946/64904033/","https://versionista.com/240613/24055946/64904033:0/"
"https://www.ilnd.uscourts.gov","IL USDC",monitored,"Illinois","https://www.ilnd.uscourts.gov/LandingPage.php?page=local_rules",monitored,2,2026-04-27T21:22:25Z,every 2 days,2026-05-08T23:31:32Z,200 OK,2026-05-25T05:56:58Z,"Rules - United States District Court Northern District of Illinois","Northern District - Local Rules","","https://versionista.com/240613/24055947/64893161/","https://versionista.com/240613/24055947/64893161:0/"
"https://www.ilnd.uscourts.gov","IL USDC",monitored,"Illinois","https://www.ilnd.uscourts.gov/_assets/_documents/_rules/LRRULES.pdf",monitored,0,2026-04-27T21:22:58Z,every 2 days,none,,2026-05-26T14:39:26Z,"","Northern District - Local Rules (PDF)","",,
"https://www.ilnd.uscourts.gov","IL USDC",monitored,"Illinois","https://www.ilcd.uscourts.gov/",monitored,1,2026-04-27T21:23:32Z,every 2 days,2026-04-27T21:29:35Z,200 OK,2026-05-28T13:11:42Z,"Central District of Illinois | United States District Court","Central District - Home Page (News)","","https://versionista.com/240613/24055949/64745681/",
"https://www.ilnd.uscourts.gov","IL USDC",monitored,"Illinois","https://www.ilcd.uscourts.gov/local-rules",monitored,1,2026-04-27T21:24:19Z,every 2 days,2026-04-27T21:36:52Z,200 OK,2026-05-28T12:31:51Z,"Local Rules | Central District of Illinois | United States District Court","Central District - Local Rules","","https://versionista.com/240613/24055951/64745765/",
"https://www.ilnd.uscourts.gov","IL USDC",monitored,"Illinois","https://www.ilcd.uscourts.gov/court-info/court-holidays",monitored,1,2026-04-27T21:24:50Z,every 2 days,2026-04-27T21:40:01Z,200 OK,2026-05-26T23:38:46Z,"Court Holidays | Central District of Illinois | United States District Court","Central District - Holiday Schedule","","https://versionista.com/240613/24055954/64745815/",
"https://www.ilnd.uscourts.gov","IL USDC",monitored,"Illinois","https://www.ilcd.uscourts.gov/sites/ilcd/files/March%202025%20Version%20FINAL_0.pdf",monitored,0,2026-04-27T21:25:29Z,every 2 days,none,,2026-05-27T00:10:33Z,"","Central District - Local Rules (PDF)","",,
"https://www.ilnd.uscourts.gov","IL USDC",monitored,"Illinois","https://www.ilsd.uscourts.gov/",monitored,4,2026-04-27T21:26:24Z,every 2 days,2026-05-27T19:00:20Z,200 OK,2026-05-27T19:00:20Z,"Southern District of Illinois | United States District Court","Southern District - Home Page (News)","","https://versionista.com/240613/24055956/65132541/","https://versionista.com/240613/24055956/65132541:0/"
"https://www.ilnd.uscourts.gov","IL USDC",monitored,"Illinois","https://www.ilsd.uscourts.gov/local-court-rules",monitored,1,2026-04-27T21:27:11Z,every 2 days,2026-04-27T21:41:17Z,200 OK,2026-05-24T08:34:27Z,"Local Court Rules | Southern District of Illinois | United States District Court","Southern District - Local Rules","","https://versionista.com/240613/24055958/64745826/",
"https://www.ilnd.uscourts.gov","IL USDC",monitored,"Illinois","https://www.ilsd.uscourts.gov/administrative-orders",monitored,3,2026-04-27T21:28:15Z,every 2 days,2026-05-20T10:00:35Z,200 OK,2026-05-26T18:49:07Z,"Administrative Orders | Southern District of Illinois | United States District Court","Southern District - Administrative Orders","","https://versionista.com/240613/24055959/65037337/","https://versionista.com/240613/24055959/65037337:0/"
"https://www.ilnd.uscourts.gov","IL USDC",monitored,"Illinois","https://www.ilsd.uscourts.gov/court-info/court-holidays",monitored,1,2026-04-27T21:29:23Z,every 2 days,2026-04-27T21:53:13Z,200 OK,2026-05-28T18:16:50Z,"Court Holiday Closures | Southern District of Illinois | United States District Court","Southern District - Holiday Schedule","","https://versionista.com/240613/24055960/64745982/",
"https://www.ilnd.uscourts.gov","IL USDC",monitored,"Illinois","https://www.ilsd.uscourts.gov/sites/ilsd/files/LocalRules.pdf",monitored,0,2026-04-27T21:29:55Z,every 2 days,none,,2026-05-27T06:36:08Z,"","Southern District - Local Rules (PDF)","",,
"http://ksd.uscourts.gov","KS USDC",monitored,"Kansas","http://ksd.uscourts.gov/index.php/local-rules/",monitored,15,2021-07-15T22:07:39Z,every 2 days,2022-11-12T06:41:11Z,200 OK,2026-05-26T23:56:56Z,"Local Rules and Orders | District of Kansas | United States District Court","Local Rules","","https://versionista.com/243974/15897806/44200272/","https://versionista.com/243974/15897806/44200272:0/"
"http://ksd.uscourts.gov","KS USDC",monitored,"Kansas","http://ksd.uscourts.gov/node/26",monitored,24,2023-05-17T18:00:52Z,every 2 days,2026-05-14T06:23:49Z,200 OK,2026-05-26T12:58:59Z,"Court Holidays | District of Kansas | United States District Court","Holiday Schedule","","https://versionista.com/243974/20688475/64958421/","https://versionista.com/243974/20688475/64958421:0/"
"http://ksd.uscourts.gov","KS USDC",monitored,"Kansas","https://ksd.uscourts.gov/",monitored,5,2026-04-27T22:44:57Z,every 2 days,2026-05-28T14:47:06Z,200 OK,2026-05-28T14:47:06Z,"District of Kansas | United States District Court","Home Page (News)","","https://versionista.com/243974/24056035/65144685/","https://versionista.com/243974/24056035/65144685:0/"
"https://www.kscourts.org","KS State",monitored,"Kansas","https://kscourts.gov/Rules-Orders/Rules",monitored,9,2026-04-10T17:54:57Z,every 2 days,2026-05-27T14:30:55Z,200 OK,2026-05-27T14:30:55Z,"Search Rules - KS Courts","Rules of Court","","https://versionista.com/243975/24036138/65130487/","https://versionista.com/243975/24036138/65130487:0/"
"https://www.kscourts.org","KS State",monitored,"Kansas","https://kscourts.gov/",monitored,10,2026-04-27T22:46:34Z,every 2 days,2026-05-27T05:21:45Z,200 OK,2026-05-27T05:21:45Z,"Kansas Judicial Center - KS Courts","Kansas Judicial Branch","","https://versionista.com/243975/24056036/65124772/","https://versionista.com/243975/24056036/65124772:0/"
"https://www.kscourts.org","KS State",monitored,"Kansas","https://kscourts.gov/Footer/Holiday-Schedule",monitored,3,2026-04-27T22:49:22Z,every 2 days,2026-05-27T05:47:39Z,200 OK,2026-05-27T05:47:39Z,"Holiday Schedule - KS Courts","Holiday Schedule","","https://versionista.com/243975/24056038/65125043/","https://versionista.com/243975/24056038/65125043:0/"
"https://kycourts.gov","KY State",monitored,"Kentucky","https://kycourts.gov/Courts/Pages/Rules-of-Practice.aspx",monitored,33,2021-07-15T22:16:31Z,every 30 days,2026-05-11T01:40:16Z,200 OK,2026-05-11T01:40:16Z,"Local Rules of Practice&nbsp;- Kentucky Court of Justice","Local Rules of Practice","","https://versionista.com/243977/15897911/64916758/","https://versionista.com/243977/15897911/64916758:0/"
"https://kycourts.gov","KY State",monitored,"Kentucky","https://kycourts.gov/AOC/Careers/Pages/default.aspx",monitored,17,2021-11-08T16:33:19Z,every 2 days,2026-03-14T05:43:37Z,200 OK,2026-05-27T10:05:50Z,"Judicial Branch Careers - Kentucky Court of Justice","Holiday Schedule","","https://versionista.com/243977/16663800/64174382/","https://versionista.com/243977/16663800/64174382:0/"
"https://kycourts.gov","KY State",monitored,"Kentucky","https://kycourts.gov/Courts/Supreme-Court/Pages/Administrative-Orders.aspx",monitored,50,2023-05-17T18:09:46Z,every 2 days,2026-05-15T17:03:32Z,200 OK,2026-05-27T10:01:50Z,"Administrative Orders&nbsp;- Kentucky Court of Justice","Administrative Orders","","https://versionista.com/243977/20688497/64980652/","https://versionista.com/243977/20688497/64980652:0/"
"https://kycourts.gov","KY State",monitored,"Kentucky","https://kycourts.gov/Pages/index.aspx",monitored,1,2026-04-27T22:56:53Z,every 2 days,2026-04-27T22:57:02Z,200 OK,2026-05-27T05:35:21Z,"Kentucky Court of Justice - Kentucky Court of Justice","Kentucky Judicial Branch","","https://versionista.com/243977/24056060/64746794/",
"https://www.lamd.uscourts.gov","LA USDC",monitored,"Louisiana","https://www.lamd.uscourts.gov/court-info/local-rules-and-orders",monitored,1,2026-04-10T18:16:26Z,every 2 days,2026-04-10T18:23:18Z,200 OK,2026-05-26T23:25:18Z,"Local Rules and Orders | Middle District of Louisiana","Middle District - Local Rules and Orders","","https://versionista.com/243980/24036149/64528698/",
"https://www.lamd.uscourts.gov","LA USDC",monitored,"Louisiana","https://www.lamd.uscourts.gov/",monitored,6,2026-04-27T23:04:11Z,every 2 days,2026-05-22T21:51:31Z,200 OK,2026-05-26T03:51:52Z,"Home | Middle District of Louisiana","Middle District - Home Page (News)","","https://versionista.com/243980/24056064/65073768/","https://versionista.com/243980/24056064/65073768:0/"
"https://www.lamd.uscourts.gov","LA USDC",monitored,"Louisiana","https://www.lamd.uscourts.gov/court-holidays",monitored,4,2026-04-27T23:05:35Z,every 2 days,2026-05-19T16:35:40Z,200 OK,2026-05-27T03:42:49Z,"Court Holidays | Middle District of Louisiana","Middle District - Holiday Schedule","","https://versionista.com/243980/24056066/65027060/","https://versionista.com/243980/24056066/65027060:0/"
"https://www.lamd.uscourts.gov","LA USDC",monitored,"Louisiana","https://www.laed.uscourts.gov/",monitored,2,2026-04-27T23:06:47Z,every 2 days,2026-05-13T03:55:03Z,200 OK,2026-05-28T05:10:33Z,"Eastern District of Louisiana | United States District Court","Eastern District - Home Page (News)","","https://versionista.com/243980/24056067/64942818/","https://versionista.com/243980/24056067/64942818:0/"
"https://www.lamd.uscourts.gov","LA USDC",monitored,"Louisiana","https://www.laed.uscourts.gov/attorney-information/rules-and-orders/local-rules",monitored,1,2026-04-27T23:07:15Z,every 2 days,2026-04-27T23:23:16Z,200 OK,2026-05-27T19:17:12Z,"Local Rules | Eastern District of Louisiana | United States District Court","Eastern District - Local Rules","","https://versionista.com/243980/24056068/64747117/",
"https://www.lamd.uscourts.gov","LA USDC",monitored,"Louisiana","https://www.laed.uscourts.gov/court-info/court-holidays",monitored,1,2026-04-27T23:07:40Z,every 2 days,2026-04-27T23:17:24Z,200 OK,2026-05-28T05:16:27Z,"Hours and Holidays | Eastern District of Louisiana | United States District Court","Eastern District - Holiday Schedule","","https://versionista.com/243980/24056070/64747053/",
"https://www.lamd.uscourts.gov","LA USDC",monitored,"Louisiana","https://www.lawd.uscourts.gov/",monitored,5,2026-04-27T23:08:38Z,every 2 days,2026-05-27T13:59:35Z,200 OK,2026-05-27T13:59:35Z,"Western District of Louisiana | United States District Court","Western District - Home Page (News)","","https://versionista.com/243980/24056071/65130282/","https://versionista.com/243980/24056071/65130282:0/"
"https://www.lamd.uscourts.gov","LA USDC",monitored,"Louisiana","https://www.lawd.uscourts.gov/local-rules",monitored,1,2026-04-27T23:09:06Z,every 2 days,2026-04-27T23:24:49Z,200 OK,2026-05-28T06:49:28Z,"Local Rules | Western District of Louisiana | United States District Court","Western District - Local Rules","","https://versionista.com/243980/24056072/64747127/",
"https://www.lamd.uscourts.gov","LA USDC",monitored,"Louisiana","https://www.lawd.uscourts.gov/court-info/court-holidays",monitored,1,2026-04-27T23:10:25Z,every 2 days,2026-04-27T23:18:49Z,200 OK,2026-05-25T17:04:31Z,"Court Holidays | Western District of Louisiana | United States District Court","Western District - Holiday Schedule","","https://versionista.com/243980/24056075/64747069/",
"https://www.med.uscourts.gov","ME USDC",monitored,"Maine","https://www.med.uscourts.gov/local-rules",monitored,5,2021-07-15T22:41:16Z,every 2 days,2021-12-03T02:46:08Z,200 OK,2026-05-28T12:16:48Z,"Local Rules | District of Maine | United States District Court","Local Rules","","https://versionista.com/243983/15898121/36697890/","https://versionista.com/243983/15898121/36697890:0/"
"https://www.med.uscourts.gov","ME USDC",monitored,"Maine","https://www.med.uscourts.gov/",monitored,3,2026-04-28T22:50:07Z,every 2 days,2026-05-11T03:51:05Z,200 OK,2026-05-27T07:30:48Z,"District of Maine | United States District Court","Home Page (News)","","https://versionista.com/243983/24056980/64917651/","https://versionista.com/243983/24056980/64917651:0/"
"https://www.courts.maine.gov","ME State",monitored,"Maine","https://www.courts.maine.gov/rules/index.html",monitored,20,2021-07-15T22:48:15Z,every 2 days,2023-09-12T07:16:47Z,200 OK,2026-05-27T14:30:31Z,"Court Rules: State of Maine Judicial Branch","Rules of Court","","https://versionista.com/243984/15898169/52050116/","https://versionista.com/243984/15898169/52050116:0/"
"https://www.courts.maine.gov","ME State",monitored,"Maine","https://www.courts.maine.gov/courts/schedules/holidays.html",monitored,26,2021-07-30T21:25:45Z,every 2 days,2026-01-06T20:13:15Z,200 OK,2026-05-27T17:34:27Z,"Court Holidays Observed: State of Maine Judicial Branch","Holiday Schedule","","https://versionista.com/243984/15992018/63288088/","https://versionista.com/243984/15992018/63288088:0/"
"https://www.courts.maine.gov","ME State",monitored,"Maine","https://www.courts.maine.gov/",monitored,5,2026-04-28T22:52:06Z,every 2 days,2026-05-20T10:39:47Z,200 OK,2026-05-28T06:00:09Z,"Maine Judicial Branch","Maine Judicial Branch","","https://versionista.com/243984/24056993/65037760/","https://versionista.com/243984/24056993/65037760:0/"
"https://www.mdd.uscourts.gov","MD USDC",monitored,"Maryland","https://www.mdd.uscourts.gov/local-rules-amendments",monitored,44,2021-07-15T22:55:10Z,every 2 days,2026-05-15T14:06:41Z,200 OK,2026-05-27T18:23:30Z,"Local Rules Amendments | District of Maryland | United States District Court","Proposed Amendments","","https://versionista.com/243986/15898273/64977632/","https://versionista.com/243986/15898273/64977632:0/"
"https://www.mdd.uscourts.gov","MD USDC",monitored,"Maryland","https://www.mdd.uscourts.gov/",monitored,4,2026-04-28T22:53:55Z,every 2 days,2026-05-20T04:59:08Z,200 OK,2026-05-26T19:04:31Z,"District of Maryland | United States District Court","Home Page (News)","","https://versionista.com/243986/24057002/65033264/","https://versionista.com/243986/24057002/65033264:0/"
"https://www.mdd.uscourts.gov","MD USDC",monitored,"Maryland","https://www.mdd.uscourts.gov/local-rules",monitored,3,2026-04-28T22:54:34Z,every 2 days,2026-05-12T20:05:54Z,200 OK,2026-05-26T19:58:13Z,"Local Rules | District of Maryland | United States District Court","Local Rules","","https://versionista.com/243986/24057005/64938574/","https://versionista.com/243986/24057005/64938574:0/"
"https://www.mass.gov","MA State",monitored,"Massachusetts","https://www.mass.gov/law-library/massachusetts-rules-of-civil-procedure",monitored,32,2021-07-16T15:49:49Z,every 2 days,2026-01-28T16:16:12Z,200,2026-05-27T22:50:36Z,"Massachusetts Rules of Civil Procedure | Mass.gov","Rules of Civil Procedure","","https://versionista.com/244007/15909505/63573997/","https://versionista.com/244007/15909505/63573997:0/"
"https://www.mass.gov","MA State",monitored,"Massachusetts","https://www.mass.gov/law-library/massachusetts-district-court-standing-orders",monitored,24,2021-07-16T15:53:15Z,every 2 days,2026-05-16T07:10:00Z,200,2026-05-28T01:18:41Z,"Massachusetts District Court Standing Orders | Mass.gov","Standing Orders","","https://versionista.com/244007/15909528/64987559/","https://versionista.com/244007/15909528/64987559:0/"
"https://www.mass.gov","MA State",monitored,"Massachusetts","https://www.mass.gov/service-details/trial-court-legal-holidays",monitored,15,2021-07-30T20:32:50Z,every 2 days,2026-03-22T03:43:33Z,200,2026-05-27T13:31:38Z,"Trial Court Legal Holidays | Mass.gov","Holiday Schedule","","https://versionista.com/244007/15991873/64277361/","https://versionista.com/244007/15991873/64277361:0/"
"https://www.mass.gov","MA State",monitored,"Massachusetts","https://www.mass.gov/service-details/rule-changes-and-invitations-to-comment-on-proposed-rules-and-amendments",monitored,50,2022-07-27T15:54:00Z,every 2 days,2026-05-14T02:02:27Z,200,2026-05-27T17:59:03Z,"Rule Changes and Invitations to Comment on Proposed Rules and Amendments | Mass.gov","Rule Changes","","https://versionista.com/244007/18441472/64956036/","https://versionista.com/244007/18441472/64956036:0/"
"https://www.mass.gov","MA State",monitored,"Massachusetts","https://www.mass.gov/topics/judicial-branch",monitored,2,2026-04-28T23:01:54Z,every 2 days,2026-04-30T21:52:58Z,200,2026-05-28T06:58:40Z,"Judicial Branch | Mass.gov","Massachusetts Judicial Branch","","https://versionista.com/244007/24057043/64788402/","https://versionista.com/244007/24057043/64788402:0/"
"https://www.mass.gov","MA State",monitored,"Massachusetts","https://malegislature.gov/",monitored,16,2026-04-28T23:06:11Z,every 2 days,2026-05-28T07:14:15Z,200 OK,2026-05-28T07:14:15Z,"The 194th General Court of the Commonwealth of Massachusetts","Massachusetts Legislature","","https://versionista.com/244007/24057053/65140501/","https://versionista.com/244007/24057053/65140501:0/"
"https://www.mass.gov","MA State",monitored,"Massachusetts","https://malegislature.gov/Laws/GeneralLaws/PartII/TitleII/Chapter190B",monitored,4,2026-04-28T23:07:30Z,every 2 days,2026-05-10T16:06:34Z,200 OK,2026-05-28T05:48:59Z,"Chapter 190B","Uniform Probate Code","","https://versionista.com/244007/24057054/64913285/","https://versionista.com/244007/24057054/64913285:0/"
"https://courts.michigan.gov","MI State",monitored,"Michigan","https://courts.michigan.gov/courts/court-holidays/",monitored,13,2022-06-13T17:28:09Z,every 2 days,2026-03-27T23:47:24Z,200,2026-05-27T12:34:15Z,"Court Holidays","Holiday Schedule","","https://versionista.com/244012/18140337/64354879/","https://versionista.com/244012/18140337/64354879:0/"
"https://courts.michigan.gov","MI State",monitored,"Michigan","https://courts.michigan.gov/siteassets/rules-instructions-administrative-orders/michigan-court-rules/court-rules-book-ch-2-responsive-html5.zip/index.html",monitored,25,2023-05-17T21:52:51Z,every 2 days,2026-05-02T02:14:28Z,200,2026-05-27T11:35:39Z,"Michigan Court Rules Chap 2. Civil Procedure","Rules of Civil Procedure","","https://versionista.com/244012/20689103/64804422/","https://versionista.com/244012/20689103/64804422:0/"
"https://courts.michigan.gov","MI State",monitored,"Michigan","https://courts.michigan.gov/rules-administrative-orders-and-jury-instructions/proposed-adopted/michigan-court-rules/",monitored,50,2023-05-17T21:58:45Z,every 2 days,2026-05-27T11:10:58Z,200,2026-05-27T11:10:58Z,"MCRs: Proposed &amp; Recently-Adopted Orders","Rules of Court","","https://versionista.com/244012/20689104/65128719/","https://versionista.com/244012/20689104/65128719:0/"
"https://courts.michigan.gov","MI State",monitored,"Michigan","https://courts.michigan.gov/",monitored,11,2026-04-29T18:23:14Z,every 2 days,2026-05-27T02:39:07Z,200,2026-05-27T02:39:07Z,"One Court of Justice | Home","Michigan Judicial Branch","","https://versionista.com/244012/24057860/65122612/","https://versionista.com/244012/24057860/65122612:0/"
"https://mncourts.gov","MN State",monitored,"Minnesota","https://mncourts.gov/SupremeCourt/Court-Rules.aspx",monitored,28,2021-07-16T16:14:22Z,every 2 days,2025-07-02T03:14:34Z,200,2026-05-27T10:03:47Z,"Minnesota Judicial Branch - Court Rules","Rules of Court","","https://versionista.com/244013/15909881/60930288/","https://versionista.com/244013/15909881/60930288:0/"
"https://mncourts.gov","MN State",monitored,"Minnesota","https://mncourts.gov/SupremeCourt/Court-Rules/Recent-Rules-Orders.aspx",monitored,38,2021-07-16T16:15:24Z,every 2 days,2026-05-11T19:17:47Z,200,2026-05-27T10:10:39Z,"Recent Rules Orders - Minnesota Supreme Court","Recent Rules Orders","","https://versionista.com/244013/15909885/64925109/","https://versionista.com/244013/15909885/64925109:0/"
"https://mncourts.gov","MN State",monitored,"Minnesota","https://mncourts.gov/about-the-courts/overview/holidays.aspx",monitored,16,2021-07-30T18:38:26Z,every 2 days,2025-07-03T06:21:18Z,200,2026-05-27T09:57:25Z,"Minnesota Judicial Branch - Court Holidays - About the Court","Holiday Schedule","","https://versionista.com/244013/15991648/60947594/","https://versionista.com/244013/15991648/60947594:0/"
"https://mncourts.gov","MN State",monitored,"Minnesota","https://mncourts.gov/",monitored,7,2026-04-29T22:04:29Z,every 2 days,2026-05-23T08:11:25Z,200,2026-05-27T05:52:48Z,"Minnesota Judicial Branch Homepage","Minnesota Judicial Branch","","https://versionista.com/244013/24058677/65079611/","https://versionista.com/244013/24058677/65079611:0/"
"https://www.msnd.uscourts.gov","MS USDC",monitored,"Mississippi","https://www.msnd.uscourts.gov/court-info/local-rules-and-orders",monitored,10,2021-07-16T16:33:01Z,every 2 days,2025-07-19T16:37:09Z,200 OK,2026-05-26T22:11:19Z,"Local Rules and General Orders | Northern District of Mississippi | United States District Court","Northern District - Local Rules and Orders","","https://versionista.com/244014/15909987/61171489/","https://versionista.com/244014/15909987/61171489:0/"
"https://www.msnd.uscourts.gov","MS USDC",monitored,"Mississippi","https://www.msnd.uscourts.gov/court-holidays",monitored,15,2021-07-30T18:24:04Z,every 2 days,2026-02-20T03:50:21Z,200 OK,2026-05-26T21:54:46Z,"Court Holidays | Northern District of Mississippi | United States District Court","Northern District - Holiday Schedule","","https://versionista.com/244014/15991516/63881822/","https://versionista.com/244014/15991516/63881822:0/"
"https://www.msnd.uscourts.gov","MS USDC",monitored,"Mississippi","https://www.msnd.uscourts.gov/",monitored,2,2026-04-29T22:06:26Z,every 2 days,2026-05-12T22:29:45Z,200 OK,2026-05-27T13:03:51Z,"Northern District of Mississippi | United States District Court","Northern District - Home Page (News)","","https://versionista.com/244014/24058678/64939923/","https://versionista.com/244014/24058678/64939923:0/"
"https://www.msnd.uscourts.gov","MS USDC",monitored,"Mississippi","https://www.msnd.uscourts.gov/sites/msnd/files/forms/2024%20Local%20Civil%20Rules%20MSSD%20MSND_12.1.2024.pdf",monitored,0,2026-04-29T22:08:21Z,every 2 days,none,,2026-05-28T08:15:11Z,"","Northern District - Local Rules (PDF)","",,
"https://www.msnd.uscourts.gov","MS USDC",monitored,"Mississippi","https://www.mssd.uscourts.gov/",monitored,3,2026-04-29T22:09:13Z,every 2 days,2026-05-22T14:19:29Z,200 OK,2026-05-26T14:53:20Z,"Southern District of Mississippi | United States District Court","Southern District - Home Page (News)","","https://versionista.com/244014/24058680/65070183/","https://versionista.com/244014/24058680/65070183:0/"
"https://www.msnd.uscourts.gov","MS USDC",monitored,"Mississippi","https://www.mssd.uscourts.gov/court-info/local-rules-and-orders",monitored,1,2026-04-29T22:09:41Z,every 2 days,2026-04-29T22:27:48Z,200 OK,2026-05-26T19:19:03Z,"Local Rules and Orders | Southern District of Mississippi | United States District Court","Southern District - Local Rules and Orders","","https://versionista.com/244014/24058681/64773085/",
"https://www.msnd.uscourts.gov","MS USDC",monitored,"Mississippi","https://www.mssd.uscourts.gov/sites/mssd/files/holidays.pdf",monitored,0,2026-04-29T22:10:13Z,every 2 days,none,,2026-05-25T17:36:20Z,"","Southern District - Holiday Schedule (2026)","",,
"https://courts.ms.gov","MS State",monitored,"Mississippi","https://courts.ms.gov/research/statelibrary/holidays.php",monitored,8,2021-07-30T18:27:03Z,every 2 days,2026-01-10T18:05:43Z,200 OK,2026-05-27T10:03:34Z,"MS State Library Holidays - State of Mississippi Judiciary","Holiday Schedule","","https://versionista.com/244017/15991619/63343173/","https://versionista.com/244017/15991619/63343173:0/"
"https://courts.ms.gov","MS State",monitored,"Mississippi","https://courts.ms.gov/research/rules/ruleamendments/ruleamendments.php",monitored,1,2026-04-10T18:30:21Z,every 2 days,2026-04-10T18:30:32Z,200 OK,2026-05-27T15:09:50Z,"Rule Amendments - State of Mississippi Judiciary","Rule Amendments","","https://versionista.com/244017/24036175/64528736/",
"https://courts.ms.gov","MS State",monitored,"Mississippi","https://courts.ms.gov/",monitored,4,2026-04-29T22:11:38Z,every 2 days,2026-05-07T17:36:42Z,200 OK,2026-05-27T06:31:03Z,"State of Mississippi Judiciary","Mississippi Judiciary Branch","","https://versionista.com/244017/24058683/64875725/","https://versionista.com/244017/24058683/64875725:0/"
"https://www.courts.mo.gov","MO State",monitored,"Missouri","https://www.courts.mo.gov/",monitored,7,2026-04-29T22:18:16Z,every 2 days,2026-05-23T08:55:46Z,200 OK,2026-05-27T06:56:44Z,"Missouri Courts Home","Missouri Judicial Branch","","https://versionista.com/244022/24058692/65080085/","https://versionista.com/244022/24058692/65080085:0/"
"https://www.courts.mo.gov","MO State",monitored,"Missouri","https://oa.mo.gov/",monitored,6,2026-04-29T22:19:05Z,every 2 days,2026-05-27T07:02:53Z,200 OK,2026-05-27T07:02:53Z,"Missouri Office of Administration","Office of Administration","","https://versionista.com/244022/24058702/65126615/","https://versionista.com/244022/24058702/65126615:0/"
"https://www.courts.mo.gov","MO State",monitored,"Missouri","https://oa.mo.gov/commissioner/state-holidays",monitored,1,2026-04-29T22:21:09Z,every 2 days,2026-04-29T22:21:34Z,200 OK,2026-05-27T06:42:31Z,"State Holidays | Office of Administration","Holiday Schedule","","https://versionista.com/244022/24058703/64772986/",
"https://www.leg.state.nv.us","NV State",monitored,"Nevada","https://www.leg.state.nv.us/Division/Legal/LawLibrary/CourtRules/NRCP.html",monitored,7,2021-07-16T17:02:03Z,every 2 days,2026-04-22T06:34:56Z,200 OK,2026-05-27T10:04:34Z,"Nevada Rules of Civil Procedure","Rules of Civil Procedure","","https://versionista.com/244024/15910716/64676287/","https://versionista.com/244024/15910716/64676287:0/"
"https://www.leg.state.nv.us","NV State",monitored,"Nevada","https://www.leg.state.nv.us/NRS/NRS-236.html",monitored,6,2021-07-30T17:43:00Z,every 2 days,2026-04-22T07:00:16Z,200 OK,2026-05-27T10:10:39Z,"NRS: CHAPTER 236 - HOLIDAYS AND PERIODS OF OBSERVANCE","Holiday Schedule","","https://versionista.com/244024/15991274/64676588/","https://versionista.com/244024/15991274/64676588:0/"
"https://www.leg.state.nv.us","NV State",monitored,"Nevada","https://www.leg.state.nv.us/Division/Legal/LawLibrary/CourtRules/RGADR.html",monitored,6,2022-02-24T15:35:23Z,every 2 days,2026-04-22T07:08:54Z,200 OK,2026-05-27T10:35:28Z,"Rules Governing Alternative Dispute Resolution","Rules Governing Alternative Dispute Resolution","","https://versionista.com/244024/17409381/64676727/","https://versionista.com/244024/17409381/64676727:0/"
"https://www.leg.state.nv.us","NV State",monitored,"Nevada","https://nvcourts.gov/",monitored,7,2026-04-29T22:52:28Z,every 2 days,2026-05-27T06:55:55Z,200 OK,2026-05-27T06:55:55Z,"Nevada Judiciary","Nevada Judicial Branch","","https://versionista.com/244024/24058805/65126478/","https://versionista.com/244024/24058805/65126478:0/"
"https://www.leg.state.nv.us","NV State",monitored,"Nevada","https://www.leg.state.nv.us/",monitored,3,2026-04-29T22:52:52Z,every 2 days,2026-05-23T09:04:29Z,200 OK,2026-05-27T06:50:22Z,"Nevada Legislature","Nevada Legislature","","https://versionista.com/244024/24058806/65080174/","https://versionista.com/244024/24058806/65080174:0/"
"https://www.nhd.uscourts.gov","NH USDC",monitored,"New Hampshire","https://www.nhd.uscourts.gov/local-rules-0",monitored,16,2021-07-16T17:11:33Z,every 2 days,2026-02-14T04:51:51Z,200 OK,2026-05-25T19:24:30Z,"Local Rules | District of New Hampshire | United States District Court","Local Rules","","https://versionista.com/244026/15910828/63804005/","https://versionista.com/244026/15910828/63804005:0/"
"https://www.nhd.uscourts.gov","NH USDC",monitored,"New Hampshire","https://www.nhd.uscourts.gov/",monitored,2,2026-04-29T23:19:09Z,every 2 days,2026-05-06T07:23:13Z,200 OK,2026-05-28T07:08:34Z,"District of New Hampshire | United States District Court","Home Page (News)","","https://versionista.com/244026/24058948/64854836/","https://versionista.com/244026/24058948/64854836:0/"
"https://www.courts.state.nh.us","NH State",monitored,"New Hampshire","https://www.courts.state.nh.us/rules/index.htm",monitored,13,2021-07-16T17:19:43Z,every 2 days,2023-02-19T10:35:50Z,200 OK,2026-05-27T10:08:04Z,"Court Rules | New Hampshire Judicial Branch","Rules of Court","","https://versionista.com/244027/15910898/46899520/","https://versionista.com/244027/15910898/46899520:0/"
"https://www.courts.state.nh.us","NH State",monitored,"New Hampshire","https://www.courts.nh.gov/",monitored,7,2026-04-29T23:21:27Z,every 2 days,2026-05-27T07:37:20Z,200,2026-05-27T07:37:20Z,"Welcome | New Hampshire Judicial Branch","New Hampshire Judicial Branch","","https://versionista.com/244027/24058954/65127110/","https://versionista.com/244027/24058954/65127110:0/"
"https://www.courts.state.nh.us","NH State",monitored,"New Hampshire","https://www.courts.nh.gov/your-visit/court-holidays",monitored,7,2026-04-29T23:27:06Z,every 2 days,2026-05-25T08:49:49Z,200,2026-05-27T07:40:46Z,"Court Holidays | New Hampshire Judicial Branch","Holiday Schedule","","https://versionista.com/244027/24059014/65102094/","https://versionista.com/244027/24059014/65102094:0/"
"https://www.njcourts.gov","NJ State",monitored,"New Jersey","https://www.njcourts.gov/attorneys/rules-of-court",monitored,29,2023-05-17T23:45:46Z,every week,2026-04-07T05:53:05Z,200,2026-05-25T00:54:38Z,"Rules of Court | NJ Courts","Rules of Court","","https://versionista.com/244029/20689729/64481079/","https://versionista.com/244029/20689729/64481079:0/"
"https://www.njcourts.gov","NJ State",monitored,"New Jersey","https://www.njcourts.gov/",monitored,4,2026-05-01T22:26:28Z,every week,2026-05-22T09:55:09Z,200,2026-05-22T09:55:09Z,"Official Website of the New Jersey Judiciary | NJ Courts","New Jersey Judicial Branch","","https://versionista.com/244029/24062402/65067433/","https://versionista.com/244029/24062402/65067433:0/"
"https://www.njcourts.gov","NJ State",monitored,"New Jersey","https://www.njcourts.gov/court-holidays-and-recesses-2025-2026",monitored,2,2026-05-01T22:33:52Z,every week,2026-05-08T18:22:34Z,200,2026-05-22T10:01:43Z,"Court Holidays and Recesses 2025-2026 | NJ Courts","Holiday Schedule","","https://versionista.com/244029/24062409/64890838/","https://versionista.com/244029/24062409/64890838:0/"
"https://www.ndd.uscourts.gov","ND USDC",monitored,"North Dakota","https://www.ndd.uscourts.gov/court-info/local-rules-and-orders",monitored,25,2021-07-16T17:59:39Z,every 2 days,2026-03-12T06:44:49Z,200 OK,2026-05-26T19:56:51Z,"Local Rules and Standing Orders | District of North Dakota | United States District Court","Local Rules and Standing Orders","","https://versionista.com/244033/15911183/64147336/","https://versionista.com/244033/15911183/64147336:0/"
"https://www.ndd.uscourts.gov","ND USDC",monitored,"North Dakota","https://www.ndd.uscourts.gov/lci/Local_Rules.pdf",monitored,7,2021-07-16T17:59:58Z,every 2 days,2025-11-13T13:36:22Z,200 OK,2026-05-25T16:08:35Z,"","Local Rules (PDF)","","https://versionista.com/244033/15911190/62580414/","https://versionista.com/244033/15911190/62580414:0/"
"https://www.ndd.uscourts.gov","ND USDC",monitored,"North Dakota","https://www.ndd.uscourts.gov/",monitored,2,2026-05-13T20:56:29Z,every 2 days,2026-05-27T21:04:22Z,200 OK,2026-05-27T21:04:22Z,"District of North Dakota | United States District Court","Home Page (News)","","https://versionista.com/244033/24093692/65133335/","https://versionista.com/244033/24093692/65133335:0/"
"https://www.ndcourts.gov","ND State",monitored,"North Dakota","https://www.ndcourts.gov/",monitored,7,2026-05-13T20:59:18Z,every 2 days,2026-05-27T12:51:07Z,200 OK,2026-05-27T12:51:07Z,"North Dakota Court System","North Dakota Judicial Branch","","https://versionista.com/244034/24093695/65129527/","https://versionista.com/244034/24093695/65129527:0/"
"https://www.ndcourts.gov","ND State",monitored,"North Dakota","https://www.sos.nd.gov/",monitored,1,2026-05-13T21:00:07Z,every 2 days,2026-05-13T21:00:31Z,200 OK,2026-05-27T12:53:09Z,"Home | Secretary of State | North Dakota","North Dakota Secretary of State","","https://versionista.com/244034/24093696/64952803/",
"https://www.ndcourts.gov","ND State",monitored,"North Dakota","https://www.sos.nd.gov/state-office-holiday-closings",monitored,1,2026-05-13T21:00:45Z,every 2 days,2026-05-13T21:01:51Z,200 OK,2026-05-27T13:11:45Z,"State Office Holiday Closings | Secretary of State | North Dakota","Holiday Schedule","","https://versionista.com/244034/24093697/64952810/",
"https://www.ndcourts.gov","ND State",monitored,"North Dakota","https://www.ndcourts.gov/news/north-dakota/north-dakota-supreme-court/notices",monitored,2,2026-05-13T21:20:16Z,every 2 days,2026-05-19T17:53:26Z,200 OK,2026-05-27T13:19:36Z,"North Dakota Court System - Notices","Notices","","https://versionista.com/244034/24093733/65027588/","https://versionista.com/244034/24093733/65027588:0/"
"https://www.supremecourt.ohio.gov","OH State",monitored,"Ohio","https://www.supremecourt.ohio.gov/laws-rules/ohio-rules-of-court/",monitored,30,2022-09-19T21:20:15Z,every 2 days,2025-01-04T01:51:43Z,200 OK,2026-05-27T11:45:55Z,"Ohio Rules of Court &raquo; Supreme Court of Ohio","Rules of Court","Replaced old Ohio Supreme Court link that was changed","https://versionista.com/244037/18845997/58526403/","https://versionista.com/244037/18845997/58526403:0/"
"https://www.supremecourt.ohio.gov","OH State",monitored,"Ohio","https://www.supremecourt.ohio.gov/opinions-cases/clerk-of-court/office/holiday-filing-rule/",monitored,16,2023-01-10T20:41:38Z,every 2 days,2023-06-23T09:21:48Z,200 OK,2026-05-27T14:42:05Z,"Holiday Filing Rule &raquo; Supreme Court of Ohio","Holiday Schedule","","https://versionista.com/244037/19899891/50190187/","https://versionista.com/244037/19899891/50190187:0/"
"https://www.supremecourt.ohio.gov","OH State",monitored,"Ohio","https://www.supremecourt.ohio.gov/",monitored,8,2026-05-13T21:31:22Z,every 2 days,2026-05-27T13:32:16Z,200 OK,2026-05-27T13:32:16Z,"Supreme Court of Ohio &raquo; Supreme Court of Ohio","Ohio Judicial Branch","","https://versionista.com/244037/24093745/65130133/","https://versionista.com/244037/24093745/65130133:0/"
"https://www.guamcourts.gov","Territories Superior Courts",monitored,"U.S. Territories","https://www.guamcourts.gov/sites/default/files/Local-Rules_2025-10-13.pdf",monitored,1,2026-05-01T20:19:06Z,every 2 days,2026-05-01T20:19:12Z,200 OK,2026-05-27T05:42:57Z,"","Guam - Rules of Procedure (PDF)","","https://versionista.com/244046/24062249/64801410/",
"https://www.guamcourts.gov","Territories Superior Courts",monitored,"U.S. Territories","https://www.guamcourts.gov/courts-council/superior-court/rules-procedure",monitored,5,2026-05-01T20:19:50Z,every 2 days,2026-05-15T12:17:37Z,200 OK,2026-05-27T05:28:25Z,"Rules of Procedure | Judiciary of Guam - JOG","Guam - Rules of Procedure","","https://versionista.com/244046/24062257/64976151/","https://versionista.com/244046/24062257/64976151:0/"
"https://www.guamcourts.gov","Territories Superior Courts",monitored,"U.S. Territories","https://www.vicourts.org/common/pages/DisplayFile.aspx?itemId=15913409",monitored,3,2026-05-20T21:35:16Z,every 2 days,2026-05-24T19:17:15Z,200 OK,2026-05-28T16:58:13Z,"","Virgin Islands - Rules of Procedure (PDF)","","https://versionista.com/244046/24108721/65096715/","https://versionista.com/244046/24108721/65096715:0/"
"https://www.guamcourts.gov","Territories Superior Courts",monitored,"U.S. Territories","https://asbar.org/court-rule/rules-of-civil-procedure/",monitored,1,2026-05-20T21:37:14Z,every 2 days,2026-05-20T21:37:18Z,200 OK,2026-05-28T16:59:37Z,"Rules of Civil Procedure - American Samoa Bar Association","American Samoa - Rules of Procedure","","https://versionista.com/244046/24108722/65045372/",
"https://www.nmid.uscourts.gov","Territories USDC",monitored,"U.S. Territories","https://www.nmid.uscourts.gov/local-and-federal-rules",monitored,1,2026-04-14T17:19:05Z,every 2 days,2026-04-14T17:28:01Z,200 OK,2026-05-27T14:05:55Z,"Local and Federal Rules | District Court for the Northern Mariana Islands | United States District Court","Northern Mariana Islands - Local Rules","","https://versionista.com/244053/24039339/64574084/",
"https://www.nmid.uscourts.gov","Territories USDC",monitored,"U.S. Territories","https://www.nmid.uscourts.gov/holiday-schedule",monitored,1,2026-04-14T17:20:06Z,every 2 days,2026-04-14T17:20:10Z,200 OK,2026-05-27T09:42:19Z,"Holiday Schedule | District Court for the Northern Mariana Islands | United States District Court","Northern Mariana Islands - Holiday Schedule","","https://versionista.com/244053/24039340/64574053/",
"https://www.nmid.uscourts.gov","Territories USDC",monitored,"U.S. Territories","https://www.nmid.uscourts.gov/",monitored,1,2026-05-20T21:18:53Z,every 2 days,2026-05-20T21:21:26Z,200 OK,2026-05-26T17:28:11Z,"District Court for the Northern Mariana Islands | United States District Court","Northern Mariana Islands - Home Page (News)","","https://versionista.com/244053/24108679/65045227/",
"https://www.nmid.uscourts.gov","Territories USDC",monitored,"U.S. Territories","https://www.vid.uscourts.gov/",monitored,1,2026-05-20T21:21:16Z,every 2 days,2026-05-20T21:28:36Z,200 OK,2026-05-27T23:41:52Z,"District Court of the Virgin Islands |","Virgin Islands - Home Page (News)","","https://versionista.com/244053/24108681/65045296/",
"https://www.nmid.uscourts.gov","Territories USDC",monitored,"U.S. Territories","https://www.vid.uscourts.gov/court-info/local-rules-and-orders/local-rules/",monitored,1,2026-05-20T21:21:40Z,every 2 days,2026-05-20T21:30:04Z,200 OK,2026-05-27T07:56:32Z,"Local Rules | District Court of the Virgin Islands |","Virgin Islands - Local Rules","","https://versionista.com/244053/24108682/65045312/",
"https://www.nmid.uscourts.gov","Territories USDC",monitored,"U.S. Territories","https://www.vid.uscourts.gov/court-info/court-holidays",monitored,1,2026-05-20T21:22:00Z,every 2 days,2026-05-20T21:31:26Z,200 OK,2026-05-25T20:12:24Z,"Court Holidays | District Court of the Virgin Islands |","Virgin Islands - Holiday Schedule","","https://versionista.com/244053/24108683/65045323/",
"https://www.nmid.uscourts.gov","Territories USDC",monitored,"U.S. Territories","https://www.prd.uscourts.gov/",monitored,1,2026-05-20T21:23:14Z,every 2 days,2026-05-20T21:24:14Z,200 OK,2026-05-27T07:58:06Z,"District of Puerto Rico | United States District Court","Puerto Rico - Home Page (News)","","https://versionista.com/244053/24108684/65045258/",
"https://www.nmid.uscourts.gov","Territories USDC",monitored,"U.S. Territories","https://www.prd.uscourts.gov/court-info/local-rules-and-orders/local-rules",monitored,1,2026-05-20T21:23:35Z,every 2 days,2026-05-20T21:34:13Z,200 OK,2026-05-28T15:10:53Z,"Local Rules | District of Puerto Rico | United States District Court","Puerto Rico - Local Rules","","https://versionista.com/244053/24108685/65045349/",
"https://www.nmid.uscourts.gov","Territories USDC",monitored,"U.S. Territories","http://prd.uscourts.gov/court-holidays",paused,0,2026-05-20T21:23:59Z,every 2 days,none,,never,"","Puerto Rico - Holiday Schedule","",,
"https://www.nmid.uscourts.gov","Territories USDC",monitored,"U.S. Territories","https://www.gud.uscourts.gov/",monitored,3,2026-05-20T21:25:33Z,every 2 days,2026-05-25T17:01:24Z,200 OK,2026-05-25T17:01:24Z,"District Court of Guam | &lt;span style=""font-size:12px""&gt;the Federal Court for Guam&lt;/span&gt;","Guam - Home Page (News)","","https://versionista.com/244053/24108717/65106721/","https://versionista.com/244053/24108717/65106721:0/"
"https://www.nmid.uscourts.gov","Territories USDC",monitored,"U.S. Territories","https://www.gud.uscourts.gov/Local_Rules_of_Practice",monitored,2,2026-05-20T21:26:03Z,every 2 days,2026-05-26T12:31:53Z,200 OK,2026-05-26T12:31:53Z,"Local Rules of Practice | District Court of Guam | &lt;span style=""font-size:12px""&gt;the Federal Court for Guam&lt;/span&gt;","Guam - Local Rules","","https://versionista.com/244053/24108718/65116824/","https://versionista.com/244053/24108718/65116824:0/"
"https://www.nmid.uscourts.gov","Territories USDC",monitored,"U.S. Territories","https://www.gud.uscourts.gov/holidays",monitored,2,2026-05-20T21:26:19Z,every 2 days,2026-05-28T05:14:58Z,200 OK,2026-05-28T05:14:58Z,"Court Holidays | District Court of Guam | &lt;span style=""font-size:12px""&gt;the Federal Court for Guam&lt;/span&gt;","Guam - Holiday Schedule","","https://versionista.com/244053/24108719/65138441/","https://versionista.com/244053/24108719/65138441:0/"
"https://www.rid.uscourts.gov","RI USDC",monitored,"Rhode Island","https://www.rid.uscourts.gov/local-rules-and-procedures",monitored,8,2021-07-26T16:56:15Z,every 2 days,2024-06-12T14:41:41Z,200 OK,2026-05-27T21:38:39Z,"Local Rules and Procedures | District of Rhode Island | United States District Court","Local Rules","","https://versionista.com/245140/15969326/55802966/","https://versionista.com/245140/15969326/55802966:0/"
"https://www.rid.uscourts.gov","RI USDC",monitored,"Rhode Island","https://www.rid.uscourts.gov/court-holidays",monitored,12,2021-07-29T18:31:14Z,every 2 days,2026-01-01T12:35:34Z,200 OK,2026-05-28T16:40:28Z,"Court Holidays | District of Rhode Island | United States District Court","Holiday Schedule","","https://versionista.com/245140/15987100/63223885/","https://versionista.com/245140/15987100/63223885:0/"
"https://www.rid.uscourts.gov","RI USDC",monitored,"Rhode Island","https://www.rid.uscourts.gov/",monitored,3,2026-05-13T23:25:49Z,every 2 days,2026-05-26T04:01:00Z,200 OK,2026-05-26T04:01:00Z,"District of Rhode Island | United States District Court","Home Page (News)","","https://versionista.com/245140/24094333/65111831/","https://versionista.com/245140/24094333/65111831:0/"
"https://www.sccourts.org","SC State",monitored,"South Carolina","https://www.sccourts.org/",paused,2,2026-05-13T23:33:23Z,every 2 days,2026-05-15T22:33:35Z,200 OK,2026-05-19T20:20:25Z,"The South Carolina Judicial Branch","South Carolina Judicial Branch","","https://versionista.com/245145/24094345/64982996/","https://versionista.com/245145/24094345/64982996:0/"
"https://www.sccourts.org","SC State",monitored,"South Carolina","https://www.scstatehouse.gov/",monitored,8,2026-05-13T23:35:21Z,every 2 days,2026-05-27T15:21:11Z,200 OK,2026-05-27T15:21:11Z,"South Carolina Legislature Online","South Carolina Legislature","","https://versionista.com/245145/24094346/65130843/","https://versionista.com/245145/24094346/65130843:0/"
"https://ujs.sd.gov","SD State",monitored,"South Dakota","https://ujs.sd.gov/closure/",monitored,8,2026-04-14T16:54:55Z,every 2 days,2026-05-27T15:47:38Z,200 OK,2026-05-27T15:47:38Z,"Closure | SD UJS","Court Office Closures","","https://versionista.com/245147/24039306/65131057/","https://versionista.com/245147/24039306/65131057:0/"
"https://ujs.sd.gov","SD State",monitored,"South Dakota","https://ujs.sd.gov/",monitored,5,2026-05-14T20:05:36Z,every 2 days,2026-05-26T13:21:52Z,200 OK,2026-05-28T12:10:56Z,"Home | South Dakota Unified Judicial System","South Dakota Judicial Branch","","https://versionista.com/245147/24095799/65117451/","https://versionista.com/245147/24095799/65117451:0/"
"https://ujs.sd.gov","SD State",monitored,"South Dakota","https://sdlegislature.gov/",monitored,1,2026-05-14T20:08:05Z,every 2 days,2026-05-14T20:08:10Z,200 OK,2026-05-28T12:21:26Z,"Loading... | South Dakota Legislature","South Dakota Legislature","","https://versionista.com/245147/24095801/64967071/",
"https://ujs.sd.gov","SD State",monitored,"South Dakota","https://sdlegislature.gov/Statutes/15",monitored,1,2026-05-14T20:08:52Z,every 2 days,2026-05-14T20:09:13Z,200 OK,2026-05-28T12:19:08Z,"Loading... | South Dakota Legislature","Rules of Civil Procedure","","https://versionista.com/245147/24095802/64967085/",
"https://www.sdd.uscourts.gov","SD USDC",monitored,"South Dakota","https://www.sdd.uscourts.gov/LocalRulesCivil",monitored,10,2023-05-03T16:36:32Z,every 2 days,2025-08-14T14:28:45Z,200 OK,2026-05-24T11:37:29Z,"Local Rules of Practice - Civil | District of South Dakota | United States District Court","Local Rules","","https://versionista.com/245149/20621315/61524542/","https://versionista.com/245149/20621315/61524542:0/"
"https://www.sdd.uscourts.gov","SD USDC",monitored,"South Dakota","https://www.sdd.uscourts.gov/",monitored,1,2026-05-14T20:07:19Z,every 2 days,2026-05-14T20:14:43Z,200 OK,2026-05-27T12:12:21Z,"District of South Dakota | United States District Court","Home Page (News)","","https://versionista.com/245149/24095800/64967144/",
"https://www.tncourts.gov","TN State",monitored,"Tennessee","https://www.tncourts.gov/rules/proposed/",monitored,30,2021-07-26T22:01:34Z,every 2 days,2023-01-11T10:42:39Z,200 OK,2026-05-27T09:57:54Z,"Proposed Rules &amp; Amendments | Tennessee Administrative Office of the Courts","Proposed Rules and Amendments","","https://versionista.com/245161/15970036/45805924/","https://versionista.com/245161/15970036/45805924:0/"
"https://www.tncourts.gov","TN State",monitored,"Tennessee","https://www.tncourts.gov/rules/proposed/archive",monitored,30,2021-07-26T22:02:52Z,every 2 days,2023-01-10T11:00:13Z,200 OK,2026-05-27T10:00:52Z,"Archived Rules &amp; Amendments | Tennessee Administrative Office of the Courts","Archived Rules and Amendments","","https://versionista.com/245161/15970037/45777702/","https://versionista.com/245161/15970037/45777702:0/"
"https://www.tncourts.gov","TN State",monitored,"Tennessee","https://www.tncourts.gov/",monitored,8,2026-05-14T21:23:26Z,every 2 days,2026-05-28T13:26:37Z,405 Method Not Allowed,2026-05-28T13:26:37Z,"Unusual Activity Detected","Tennessee Judicial Branch","","https://versionista.com/245161/24095925/65143990/","https://versionista.com/245161/24095925/65143990:0/"
"https://www.tncourts.gov","TN State",monitored,"Tennessee","https://www.tn.gov/",monitored,0,2026-05-14T21:24:28Z,every 2 days,none,,2026-05-28T13:23:45Z,"","Tennessee State Government","",,
"https://www.tncourts.gov","TN State",monitored,"Tennessee","https://www.tn.gov/about-tn/state-holidays.html",monitored,0,2026-05-14T21:25:14Z,every 2 days,none,,2026-05-28T13:32:04Z,"","Holiday Schedule","",,
"https://www.tned.uscourts.gov","TN USDC ",monitored,"Tennessee","https://www.tned.uscourts.gov/court-holidays",monitored,9,2023-05-19T22:00:03Z,every 2 days,2026-01-23T23:30:34Z,200 OK,2026-05-28T18:04:48Z,"Court Holidays | Eastern District of Tennessee | United States District Court","Eastern District - Holiday Schedule","","https://versionista.com/245162/20715596/63513462/","https://versionista.com/245162/20715596/63513462:0/"
"https://www.tned.uscourts.gov","TN USDC ",monitored,"Tennessee","https://www.tned.uscourts.gov/local-rules",monitored,1,2026-04-14T16:58:38Z,every 2 days,2026-04-14T16:58:58Z,200 OK,2026-05-25T14:18:45Z,"Local Rules | Eastern District of Tennessee | United States District Court","Eastern District - Local Rules","","https://versionista.com/245162/24039308/64573929/",
"https://www.tned.uscourts.gov","TN USDC ",monitored,"Tennessee","https://www.tned.uscourts.gov/",monitored,3,2026-05-14T20:09:40Z,every 2 days,2026-05-27T13:23:10Z,200 OK,2026-05-27T13:23:10Z,"Eastern District of Tennessee | United States District Court","Eastern District - Home Page (News)","","https://versionista.com/245162/24095804/65129995/","https://versionista.com/245162/24095804/65129995:0/"
"https://www.tned.uscourts.gov","TN USDC ",monitored,"Tennessee","https://www.tnmd.uscourts.gov/",monitored,2,2026-05-14T20:11:07Z,every 2 days,2026-05-24T18:23:29Z,200 OK,2026-05-27T09:40:53Z,"Middle District of Tennessee | United States District Court","Middle District - Home Page (News)","","https://versionista.com/245162/24095805/65096287/","https://versionista.com/245162/24095805/65096287:0/"
"https://www.tned.uscourts.gov","TN USDC ",monitored,"Tennessee","https://www.tnmd.uscourts.gov/administrative-orders",monitored,2,2026-05-14T20:11:31Z,every 2 days,2026-05-26T18:20:23Z,200 OK,2026-05-26T18:20:23Z,"Administrative Orders | Middle District of Tennessee | United States District Court","Middle District - Administrative Orders","","https://versionista.com/245162/24095806/65119926/","https://versionista.com/245162/24095806/65119926:0/"
"https://www.tned.uscourts.gov","TN USDC ",monitored,"Tennessee","https://www.tnmd.uscourts.gov/hours-and-holidays",monitored,2,2026-05-14T20:11:56Z,every 2 days,2026-05-24T19:11:35Z,200 OK,2026-05-26T23:29:41Z,"Hours and Holidays | Middle District of Tennessee | United States District Court","Middle District - Holiday Schedule","","https://versionista.com/245162/24095807/65096679/","https://versionista.com/245162/24095807/65096679:0/"
"https://www.tned.uscourts.gov","TN USDC ",monitored,"Tennessee","https://www.tnwd.uscourts.gov/",monitored,3,2026-05-14T20:14:40Z,every 2 days,2026-05-22T20:39:53Z,200 OK,2026-05-26T17:13:55Z,"Western District of Tennessee | United States District Court","Western District - Home Page (News)","","https://versionista.com/245162/24095809/65073435/","https://versionista.com/245162/24095809/65073435:0/"
"https://www.tned.uscourts.gov","TN USDC ",monitored,"Tennessee","https://www.tnwd.uscourts.gov/administrative-orders",monitored,1,2026-05-14T20:15:09Z,every 2 days,2026-05-14T20:20:31Z,200 OK,2026-05-27T18:32:11Z,"Administrative Orders | Western District of Tennessee | United States District Court","Western District - Administrative Orders","","https://versionista.com/245162/24095810/64967207/",
"https://www.utcourts.gov","UT State",monitored,"Utah","https://www.utcourts.gov/utc/rules-approved/",monitored,50,2021-07-26T22:19:11Z,every 2 days,2026-05-23T11:52:22Z,200 OK,2026-05-27T09:33:02Z,"Utah Court Rules &#8211; Approved &#8211; &lt;p&gt;The Supreme Court or Judicial Council has approved and adopted the following rules, which rules are effective on the date indicated. To view the newly adopted rules, click on any rule number.&lt;/p&gt;&lt;p&gt;Under circumstances described in CJA Rules 2-205 or 11-105, certain rules may have been adopted prior to a public comment period. The public is provided the opportunity to provide comment on those rules during the 45 days following the adoption of any such rule. To review and comment, click on the “LINKS” tab directly below. Then click on “Proposed Rule Amendments Published for Comment” to be taken to the page where links to rules subject to public comment are located.&lt;/p&gt;","Approved Court Rules","","https://versionista.com/245165/15970052/65081738/","https://versionista.com/245165/15970052/65081738:0/"
"https://www.utcourts.gov","UT State",monitored,"Utah","https://www.utcourts.gov/lawlibrary/holidays.html",monitored,3,2021-07-28T20:37:35Z,every 2 days,2021-11-06T08:43:57Z,200 OK,2026-05-27T09:12:19Z,"Utah Courts - Court Holidays","Holiday Schedule","","https://versionista.com/245165/15979700/36140921/","https://versionista.com/245165/15979700/36140921:0/"
"https://www.utcourts.gov","UT State",monitored,"Utah","https://www.utcourts.gov/",monitored,2,2026-05-14T21:27:56Z,every 2 days,2026-05-20T18:09:07Z,200 OK,2026-05-28T13:29:29Z,"Utah State Courts","Utah Judicial Branch","","https://versionista.com/245165/24095931/65043319/","https://versionista.com/245165/24095931/65043319:0/"
"https://www.vtd.uscourts.gov","VT USDC",monitored,"Vermont","https://www.vtd.uscourts.gov/court-info/local-rules-and-orders",monitored,15,2021-07-26T22:22:00Z,every 2 days,2026-04-19T06:47:49Z,200 OK,2026-05-28T03:01:36Z,"Local Rules | DISTRICT OF VERMONT | United States District Court","Local Rules","","https://versionista.com/245166/15970055/64636541/","https://versionista.com/245166/15970055/64636541:0/"
"https://www.vtd.uscourts.gov","VT USDC",monitored,"Vermont","https://www.vtd.uscourts.gov/court-info/court-holidays",monitored,8,2021-07-29T18:47:05Z,every 2 days,2024-09-18T23:06:52Z,200 OK,2026-05-28T15:27:42Z,"Court Holidays and Closings | DISTRICT OF VERMONT | United States District Court","Holiday Schedule","","https://versionista.com/245166/15987112/57118907/","https://versionista.com/245166/15987112/57118907:0/"
"https://www.vtd.uscourts.gov","VT USDC",monitored,"Vermont","https://www.vtd.uscourts.gov/",monitored,1,2026-05-14T21:33:24Z,every 2 days,2026-05-14T21:42:10Z,200 OK,2026-05-26T22:20:42Z,"DISTRICT OF VERMONT | United States District Court","Home Page (News)","","https://versionista.com/245166/24095947/64967868/",
"https://www.vermontjudiciary.org","VT State",monitored,"Vermont","https://www.vermontjudiciary.org/attorneys/rules/promulgated",monitored,50,2021-07-26T22:26:36Z,every 2 days,2026-05-05T22:46:57Z,200 OK,2026-05-27T10:02:51Z,"Promulgated Rules Over the Last Two Years | Vermont Judiciary","Promulgated Rules","","https://versionista.com/245167/15970060/64850204/","https://versionista.com/245167/15970060/64850204:0/"
"https://www.vermontjudiciary.org","VT State",monitored,"Vermont","https://www.vtcourts.gov/",monitored,1,2026-05-14T21:43:03Z,every 2 days,2026-05-14T21:43:13Z,200 OK,2026-05-28T13:41:04Z,"Vermont Judiciary","Vermont Judicial Branch","","https://versionista.com/245167/24096110/64967876/",
"https://www.vermontjudiciary.org","VT State",monitored,"Vermont","https://humanresources.vermont.gov/",monitored,6,2026-05-14T21:43:32Z,every 2 days,2026-05-28T13:55:38Z,200 OK,2026-05-28T13:55:38Z,"Home Page | Department of Human Resources","Department of Human Resources","","https://versionista.com/245167/24096112/65144219/","https://versionista.com/245167/24096112/65144219:0/"
"https://www.vermontjudiciary.org","VT State",monitored,"Vermont","https://humanresources.vermont.gov/benefits-wellness/holiday-schedule",monitored,1,2026-05-14T21:44:25Z,every 2 days,2026-05-14T21:46:28Z,200 OK,2026-05-28T13:45:05Z,"State Holiday Schedule | Department of Human Resources","Holiday Schedule","","https://versionista.com/245167/24096113/64967916/",
"https://www.courts.state.va.us","VA State",monitored,"Virginia","https://www.courts.state.va.us/courts/scv/amendments_tracked/home.html",monitored,47,2021-07-26T22:41:15Z,every 2 days,2026-05-23T12:16:20Z,200,2026-05-27T09:59:41Z,"Amendments Arranged by Rule with Amendments Tracked | Virginia Court System","Rule Amendments","","https://versionista.com/245168/15970068/65081924/","https://versionista.com/245168/15970068/65081924:0/"
"https://www.courts.state.va.us","VA State",monitored,"Virginia","https://www.courts.state.va.us/",monitored,2,2026-05-14T21:52:12Z,every 2 days,2026-05-22T17:12:05Z,200,2026-05-28T13:42:21Z,"Front Page | Virginia Court System","Virginia Judicial Branch","","https://versionista.com/245168/24096170/65071570/","https://versionista.com/245168/24096170/65071570:0/"
"https://www.courts.state.va.us","VA State",monitored,"Virginia","https://law.lis.virginia.gov/",monitored,2,2026-05-14T21:54:37Z,every 2 days,2026-05-22T17:14:41Z,200 OK,2026-05-28T13:49:00Z,"Virginia Law","Legislative Information System","","https://versionista.com/245168/24096201/65071583/","https://versionista.com/245168/24096201/65071583:0/"
"https://www.courts.state.va.us","VA State",monitored,"Virginia","https://law.lis.virginia.gov/vacode/title2.2/chapter33/section2.2-3300/",monitored,8,2026-05-14T21:55:04Z,every 2 days,2026-05-28T13:51:22Z,200 OK,2026-05-28T13:51:22Z,"§ 2.2-3300. Legal holidays","Holiday Schedule","","https://versionista.com/245168/24096202/65144195/","https://versionista.com/245168/24096202/65144195:0/"
"http://www.courtswv.gov","WV State",monitored,"West Virginia","http://www.courtswv.gov/legal-community/court-rules/recent-rules-orders",monitored,44,2023-12-04T03:27:35Z,every 2 days,2026-05-23T12:41:37Z,200 OK,2026-05-27T10:24:10Z,"Recent Rules Orders | West Virginia Judiciary","Recent Rule Orders","","https://versionista.com/245170/21817375/65082107/","https://versionista.com/245170/21817375/65082107:0/"
"http://www.courtswv.gov","WV State",monitored,"West Virginia","https://www.courtswv.gov/",monitored,3,2026-05-14T22:00:22Z,every 2 days,2026-05-28T14:06:56Z,200 OK,2026-05-28T14:06:56Z,"Home | West Virginia Judiciary","West Virginia Judicial Branch","","https://versionista.com/245170/24096244/65144322/","https://versionista.com/245170/24096244/65144322:0/"
"http://www.courtswv.gov","WV State",monitored,"West Virginia","https://www.wvlegislature.gov/",monitored,3,2026-05-14T22:01:09Z,every 2 days,2026-05-20T18:30:44Z,200 OK,2026-05-28T13:56:59Z,"West Virginia Legislature","West Virginia Legislature","","https://versionista.com/245170/24096245/65043479/","https://versionista.com/245170/24096245/65043479:0/"
"https://www.wicourts.gov","WI State",monitored,"Wisconsin","https://www.wicourts.gov/scrules/orders.htm",monitored,4,2021-07-27T14:48:43Z,every 2 days,2021-08-18T07:26:49Z,200 OK,2026-05-27T10:02:25Z,"Wisconsin Court System - Supreme Court Rules - Orders","Orders","","https://versionista.com/245275/15973070/34535670/","https://versionista.com/245275/15973070/34535670:0/"
"https://www.wicourts.gov","WI State",monitored,"Wisconsin","https://www.wicourts.gov/supreme/sc_rules.jsp",monitored,14,2023-05-23T03:31:37Z,every 2 days,2026-03-25T22:45:37Z,200 OK,2026-05-27T09:55:18Z,"Wisconsin Court System - Supreme Court rules - Current rules","Current Rules","","https://versionista.com/245275/20727422/64323644/","https://versionista.com/245275/20727422/64323644:0/"
"https://www.wicourts.gov","WI State",monitored,"Wisconsin","https://www.wicourts.gov/",monitored,3,2026-05-14T22:07:05Z,every 2 days,2026-05-22T17:24:41Z,200 OK,2026-05-28T14:02:16Z,"Wisconsin Court System","Wisconsin Judicial Branch","","https://versionista.com/245275/24096251/65071670/","https://versionista.com/245275/24096251/65071670:0/"
"https://www.wicourts.gov","WI State",monitored,"Wisconsin","https://dpm.wi.gov/Pages/home.aspx",monitored,1,2026-05-14T22:08:06Z,every 2 days,2026-05-14T22:08:25Z,200 OK,2026-05-28T14:11:18Z,"Division of Personnel Management Home","Division of Personnel Management","","https://versionista.com/245275/24096256/64968167/",
"https://www.wicourts.gov","WI State",monitored,"Wisconsin","https://dpm.wi.gov/Pages/How_Do_I/seeStateHolidays.aspx",monitored,1,2026-05-14T22:08:51Z,every 2 days,2026-05-14T22:10:33Z,200 OK,2026-05-28T14:09:14Z,"Division of Personnel Management State Holidays","Holiday Schedule","","https://versionista.com/245275/24096258/64968191/",
"https://www.courts.state.wy.us","WY State",monitored,"Wyoming","https://www.wyocourts.gov/",monitored,2,2026-05-15T18:39:27Z,every 2 days,2026-05-21T15:22:14Z,200 OK,2026-05-27T11:59:13Z,"Home - Wyoming Judicial Branch","Wyoming Judicial Branch","","https://versionista.com/245276/24097603/65055860/","https://versionista.com/245276/24097603/65055860:0/"
"https://www.courts.state.wy.us","WY State",monitored,"Wyoming","https://www.wyocourts.gov/court-rules/",monitored,1,2026-05-15T18:40:04Z,every 2 days,2026-05-15T18:40:37Z,200 OK,2026-05-27T11:46:32Z,"Court Rules - Wyoming Judicial Branch","Court Rules","","https://versionista.com/245276/24097604/64981152/",
"https://www.courts.state.wy.us","WY State",monitored,"Wyoming","https://www.wyocourts.gov/rule-amendments/",monitored,1,2026-05-15T18:40:37Z,every 2 days,2026-05-15T18:43:03Z,200 OK,2026-05-27T11:57:31Z,"Rule Amendments - Wyoming Judicial Branch","Rule Amendments","","https://versionista.com/245276/24097605/64981168/",
"https://www.courts.state.wy.us","WY State",monitored,"Wyoming","https://sos.wyo.gov/",monitored,2,2026-05-15T18:41:27Z,every 2 days,2026-05-27T12:05:18Z,200 OK,2026-05-27T12:05:18Z,"Wyoming Secretary of State","Wyoming Secretary of State","","https://versionista.com/245276/24097606/65129233/","https://versionista.com/245276/24097606/65129233:0/"
"https://www.courts.state.wy.us","WY State",monitored,"Wyoming","https://sos.wyo.gov/holiday.aspx",monitored,1,2026-05-15T18:42:02Z,every 2 days,2026-05-15T18:44:20Z,200 OK,2026-05-27T11:50:18Z,"Official State Holidays","Holiday Schedule","","https://versionista.com/245276/24097607/64981175/",
"https://www.dcd.uscourts.gov","DC USDC",monitored,"District of Columbia","https://www.dcd.uscourts.gov/court-info/local-rules-and-orders/local-rules",monitored,2,2021-07-27T15:06:24Z,every 2 days,2021-08-04T13:42:44Z,200 OK,2026-05-25T11:58:29Z,"Local Rules | District of Columbia | United States District Court","Local Rules and Orders","","https://versionista.com/245277/15973102/34274000/","https://versionista.com/245277/15973102/34274000:0/"
"https://www.dcd.uscourts.gov","DC USDC",monitored,"District of Columbia","https://www.dcd.uscourts.gov/court-info/court-holidays",monitored,4,2021-08-05T18:16:03Z,every 2 days,2022-05-25T13:01:25Z,200 OK,2026-05-28T10:47:00Z,"Court Holidays | District of Columbia | United States District Court","Holidays","","https://versionista.com/245277/16022763/40246972/","https://versionista.com/245277/16022763/40246972:0/"
"https://www.dcd.uscourts.gov","DC USDC",monitored,"District of Columbia","https://www.dcd.uscourts.gov/",monitored,4,2026-04-24T19:17:43Z,every 2 days,2026-05-22T06:58:08Z,200 OK,2026-05-27T09:48:10Z,"District of Columbia | United States District Court","Home Page (News)","","https://versionista.com/245277/24053581/65065127/","https://versionista.com/245277/24053581/65065127:0/"
"https://www.courts.wa.gov","WA Superior Courts",monitored,"Washington","https://www.courts.wa.gov/appellate_trial_courts/?fa=atc.closing",monitored,10,2021-07-28T19:43:13Z,every 2 days,2022-08-22T13:12:16Z,200 OK,2026-05-28T13:27:16Z,"Washington State Courts - Appellate and Trial Courts - Court Closing Days","Holiday Schedule","","https://versionista.com/245381/15979608/42163745/","https://versionista.com/245381/15979608/42163745:0/"
"https://www.courts.wa.gov","WA Superior Courts",monitored,"Washington","https://www.courts.wa.gov/court_rules/pdf/LCR/24/SUP/LCR_Okanogan_SUP.pdf",monitored,3,2023-07-18T19:23:58Z,every 2 days,2025-09-04T12:29:59Z,200 OK,2026-05-28T12:59:55Z,"","Okanogan - Local Rules (PDF)","","https://versionista.com/245381/21187729/61802323/","https://versionista.com/245381/21187729/61802323:0/"
"https://www.courts.wa.gov","WA Superior Courts",monitored,"Washington","https://www.courts.wa.gov/court_rules/?fa=court_rules.list&group=sup&set=SCCAR",monitored,3,2024-12-30T17:40:00Z,every 2 days,2025-01-03T16:44:10Z,200 OK,2026-05-28T12:38:36Z,"Washington State Courts - Court Rules","Superior Court Civil Arbitration Rules","","https://versionista.com/245381/22872929/58522348/","https://versionista.com/245381/22872929/58522348:0/"
"https://www.courts.wa.gov","WA Superior Courts",monitored,"Washington","https://www.bentoncountywa.gov/pview.aspx?id=55110&catid=0",paused,7,2025-09-23T20:24:24Z,every 2 days,2026-04-16T17:59:28Z,403 Forbidden,2026-04-16T17:59:28Z,"Access denied | www.bentoncountywa.gov used Cloudflare to restrict access | www.bentoncountywa.gov | Cloudflare","Benton - Local Rules","","https://versionista.com/245381/23734507/64603205/","https://versionista.com/245381/23734507/64603205:0/"
"https://www.courts.wa.gov","WA Superior Courts",monitored,"Washington","https://www.spokanecounty.gov/1675/Local-Court-Notices-Resources-Rules",monitored,4,2025-09-23T20:59:07Z,every 2 days,2026-05-28T13:53:01Z,200 OK,2026-05-28T13:53:01Z,"Local Court Notices, Resources &amp; Rules | Spokane County, WA","Spokane - Local Rules","","https://versionista.com/245381/23734523/65144206/","https://versionista.com/245381/23734523/65144206:0/"
"https://www.courts.wa.gov","WA Superior Courts",monitored,"Washington","https://www.thurstoncountywa.gov/departments/superior-court/court-rules",monitored,33,2025-09-24T14:27:44Z,every 2 days,2026-05-26T12:52:34Z,200 OK,2026-05-28T11:58:20Z,"Court Rules | Thurston County","Thurston - Local Rules","","https://versionista.com/245381/23735192/65116944/","https://versionista.com/245381/23735192/65116944:0/"
"https://www.courts.wa.gov","WA Superior Courts",monitored,"Washington","https://www.co.adams.wa.us/537/Local-Court-Rules",monitored,3,2025-09-26T20:28:42Z,every 2 days,2025-10-16T12:02:03Z,200 OK,2026-05-28T12:51:28Z,"Local Court Rules | Adams County, WA","Adams - Local Rules","","https://versionista.com/245381/23738616/62195479/","https://versionista.com/245381/23738616/62195479:0/"
"https://www.courts.wa.gov","WA Superior Courts",monitored,"Washington","https://www.asotincountywa.gov/400/LOCAL-COURT-RULES",monitored,5,2025-09-29T22:20:46Z,every 2 days,2026-03-10T09:34:05Z,200 OK,2026-05-28T15:19:11Z,"Local Court Rules | Asotin County, WA","Asotin - Local Rules","","https://versionista.com/245381/23741072/64120035/","https://versionista.com/245381/23741072/64120035:0/"
"https://www.courts.wa.gov","WA Superior Courts",monitored,"Washington","https://www.co.chelan.wa.us/clerk/pages/resources-court-clerk",monitored,5,2025-09-29T22:33:29Z,every 2 days,2026-04-25T10:37:54Z,200 OK,2026-05-28T15:59:08Z,"County of Chelan, Washington","Chelan - Local Rules","","https://versionista.com/245381/23741074/64719457/","https://versionista.com/245381/23741074/64719457:0/"
"https://www.courts.wa.gov","WA Superior Courts",monitored,"Washington","https://www.clallamcountywa.gov/502/Superior-Court",monitored,6,2025-09-29T22:52:53Z,every 2 days,2026-05-22T16:30:31Z,200 OK,2026-05-28T13:19:24Z,"Superior Court | Clallam County, WA","Clallam - Local Rules","","https://versionista.com/245381/23741080/65071276/","https://versionista.com/245381/23741080/65071276:0/"
"https://www.courts.wa.gov","WA Superior Courts",monitored,"Washington","https://www.cowlitzsuperiorcourt.us/local-court-rules",monitored,4,2025-10-02T14:43:25Z,every 2 days,2026-05-05T03:34:13Z,200 OK,2026-05-28T14:20:38Z,"Superior Court&#160; | Cowlitz County, WA - Official Website","Cowlitz - Local Rules","","https://versionista.com/245381/23746056/64837989/","https://versionista.com/245381/23746056/64837989:0/"
"https://www.courts.wa.gov","WA Superior Courts",monitored,"Washington","https://www.douglascountywa.net/349/Court-Rules-State-Laws",monitored,3,2025-10-02T14:46:53Z,every 2 days,2026-03-05T02:18:56Z,200 OK,2026-05-28T13:48:33Z,"Court Rules &amp; State Laws | Douglas County, WA","Douglas - Local Rules","","https://versionista.com/245381/23746061/64054761/","https://versionista.com/245381/23746061/64054761:0/"
"https://www.courts.wa.gov","WA Superior Courts",monitored,"Washington","https://www.ferry-county.com/law_and_justice/county_clerk.php",monitored,4,2025-10-02T14:53:12Z,every 2 days,2026-04-23T07:32:04Z,200 OK,2026-05-28T12:22:48Z,"Ferry County Government","Ferry - Local Rules","","https://versionista.com/245381/23746089/64690813/","https://versionista.com/245381/23746089/64690813:0/"
"https://www.courts.wa.gov","WA Superior Courts",monitored,"Washington","https://www.graysharbor.us/government/superior_court/local_court_rules.php",monitored,4,2025-10-02T15:22:40Z,every 2 days,2026-05-22T15:49:25Z,200 OK,2026-05-28T12:33:27Z,"Local Court Rules / Administrative Orders / Polices","Grays Harbor - Local Rules","","https://versionista.com/245381/23746227/65070938/","https://versionista.com/245381/23746227/65070938:0/"
"https://www.courts.wa.gov","WA Superior Courts",monitored,"Washington","https://www.islandcountywa.gov/220/Superior-Court",monitored,11,2025-10-02T15:41:56Z,every 2 days,2026-05-28T14:11:58Z,200 OK,2026-05-28T14:11:58Z,"Superior Court | Island County, WA","Island - Local Rules","","https://versionista.com/245381/23746251/65144366/","https://versionista.com/245381/23746251/65144366:0/"
"https://www.courts.wa.gov","WA Superior Courts",monitored,"Washington","https://www.co.jefferson.wa.us/321/Local-Court-Rules",monitored,2,2025-10-02T16:02:21Z,every 2 days,2025-10-16T10:44:37Z,200 OK,2026-05-28T13:36:41Z,"Local Court Rules and Civil Arbitration Rules | Jefferson County, WA","Jefferson - Local Rules","","https://versionista.com/245381/23746278/62194571/","https://versionista.com/245381/23746278/62194571:0/"
"https://www.courts.wa.gov","WA Superior Courts",monitored,"Washington","https://www.kitsap.gov/sc/Pages/default.aspx",monitored,29,2025-10-02T16:11:57Z,every 2 days,2026-05-24T17:15:56Z,200 OK,2026-05-28T14:55:41Z,"Kitsap County Superior Court","Kitsap - Local Rules","","https://versionista.com/245381/23746298/65095849/","https://versionista.com/245381/23746298/65095849:0/"
"https://www.courts.wa.gov","WA Superior Courts",monitored,"Washington","https://www.co.kittitas.wa.us/clerk/rules.aspx",monitored,3,2025-10-02T16:29:13Z,every 2 days,2026-01-02T18:45:52Z,200 OK,2026-05-28T13:42:20Z,"Kittitas County Clerk | Court Rules","Kittitas - Local Rules","","https://versionista.com/245381/23746308/63240549/","https://versionista.com/245381/23746308/63240549:0/"
"https://www.courts.wa.gov","WA Superior Courts",monitored,"Washington","https://www.klickitatcounty.gov/877/Superior-Court",monitored,12,2025-10-02T16:34:11Z,every 2 days,2026-05-16T18:08:27Z,200 OK,2026-05-28T11:44:18Z,"Superior Court | Klickitat County, WA","Klickitat - Local Rules","","https://versionista.com/245381/23746311/64993414/","https://versionista.com/245381/23746311/64993414:0/"
"https://www.courts.wa.gov","WA Superior Courts",monitored,"Washington","https://lewiscountywa.gov/offices/superior-court/local-court-rules/",monitored,12,2025-10-02T16:45:52Z,every 2 days,2026-05-09T00:39:40Z,200 OK,2026-05-28T13:45:07Z,"Lewis County Superior Court Local Rules","Lewis - Local Rules","","https://versionista.com/245381/23746325/64893705/","https://versionista.com/245381/23746325/64893705:0/"
"https://www.courts.wa.gov","WA Superior Courts",monitored,"Washington","https://www.lincolncountywa.com/207/Washington-State-Court-Forms",monitored,2,2025-10-02T16:49:26Z,every 2 days,2025-12-04T13:28:51Z,200 OK,2026-05-28T11:40:28Z,"Washington State Court Forms | Lincoln County, WA","Lincoln - Local Rules","","https://versionista.com/245381/23746331/62862664/","https://versionista.com/245381/23746331/62862664:0/"
"https://www.courts.wa.gov","WA Superior Courts",monitored,"Washington","https://www.sanjuancountywa.gov/1018/Court-Rules",monitored,9,2025-10-02T18:06:25Z,every 2 days,2026-05-16T19:01:01Z,200 OK,2026-05-28T12:24:08Z,"Court Rules | San Juan County, WA","San Juan - Local Rules","","https://versionista.com/245381/23746501/64993699/","https://versionista.com/245381/23746501/64993699:0/"
"https://www.courts.wa.gov","WA Superior Courts",monitored,"Washington","https://www.skagitcounty.net/Departments/superiorcourt/main.htm",monitored,18,2025-10-02T18:14:49Z,every 2 days,2026-05-16T20:39:08Z,200 OK,2026-05-28T13:58:41Z,"Skagit County Superior Court","Skagit - Local Rules","","https://versionista.com/245381/23746504/64994288/","https://versionista.com/245381/23746504/64994288:0/"
"https://www.courts.wa.gov","WA Superior Courts",monitored,"Washington","https://snohomishcountywa.gov/5817/Local-Court-Rules",monitored,10,2025-10-02T18:24:19Z,every 2 days,2026-05-07T01:16:28Z,200 OK,2026-05-28T13:38:11Z,"Local Court Rules | Snohomish County, WA - Official Website","Snohomish - Local Rules","","https://versionista.com/245381/23746507/64865727/","https://versionista.com/245381/23746507/64865727:0/"
"https://www.courts.wa.gov","WA Superior Courts",monitored,"Washington","https://www.wwcowa.gov/government/superior_court/local_court_rules.php",monitored,6,2025-10-03T15:29:39Z,every 2 days,2026-04-07T16:40:59Z,200 OK,2026-05-28T13:46:56Z,"Local Court Rules","Walla Walla - Local Rules","","https://versionista.com/245381/23748343/64487854/","https://versionista.com/245381/23748343/64487854:0/"
"https://www.courts.wa.gov","WA Superior Courts",monitored,"Washington","https://www.yakimacounty.us/2457/Current-Local-Rules",monitored,3,2025-10-03T17:14:19Z,every 2 days,2026-04-19T11:05:12Z,200 OK,2026-05-28T12:39:54Z,"Current Local Rules and Forms | Yakima County, WA","Yakima - Local Rules","","https://versionista.com/245381/23748496/64637830/","https://versionista.com/245381/23748496/64637830:0/"
"https://www.courts.wa.gov","WA Superior Courts",monitored,"Washington","https://www.okanogancounty.gov/189/Superior-Court",monitored,3,2026-04-14T20:36:51Z,every 2 days,2026-05-02T10:39:41Z,200 OK,2026-05-27T20:15:41Z,"Superior Court | Okanogan County, WA","Okanogan - Local Rules","","https://versionista.com/245381/24039556/64808771/","https://versionista.com/245381/24039556/64808771:0/"
"https://www.courts.wa.gov","WA Superior Courts",monitored,"Washington","https://pacificcountysuperiorcourt.com/lcrs",monitored,3,2026-04-14T20:38:56Z,every 2 days,2026-05-14T04:36:11Z,200 OK,2026-05-27T20:52:18Z,"Local Court Rules &mdash; Pacific County Superior Court and County Clerk","Pacific - Local Rules","","https://versionista.com/245381/24039557/64957346/","https://versionista.com/245381/24039557/64957346:0/"
"https://www.courts.wa.gov","WA Superior Courts",monitored,"Washington","https://www.piercecountywa.gov/1195/Local-Rules",monitored,1,2026-05-15T19:09:53Z,every 2 days,2026-05-15T19:10:23Z,200 OK,2026-05-27T12:20:32Z,"Local Rules | Pierce County, WA - Official Website","Pierce - Local Rules","","https://versionista.com/245381/24097632/64981334/",
"https://www.courts.wa.gov","WA Superior Courts",monitored,"Washington","https://www.whatcomcounty.us/413/Superior-Court",monitored,1,2026-05-15T19:11:13Z,every 2 days,2026-05-15T19:13:53Z,200 OK,2026-05-27T12:47:39Z,"Superior Court Administration | Whatcom County, WA - Official Website","Whatcom - Local Rules","","https://versionista.com/245381/24097633/64981358/",
"https://www.courts.wa.gov","WA Superior Courts",monitored,"Washington","https://clark.wa.gov/superior-court/local-rules",monitored,2,2026-05-15T19:14:16Z,every 2 days,2026-05-19T16:57:10Z,200 OK,2026-05-27T12:46:17Z,"Local Rules | Clark County","Clark - Local Rules","","https://versionista.com/245381/24097662/65027200/","https://versionista.com/245381/24097662/65027200:0/"
"https://www.courts.wa.gov","WA Superior Courts",monitored,"Washington","https://kingcounty.gov/en/dept/dja/courts-jails-legal-system/superior-court-local-rules",monitored,3,2026-05-15T19:16:56Z,every 2 days,2026-05-27T12:34:03Z,200 OK,2026-05-27T12:34:03Z,"Superior Court Local Rules - King County, Washington","King - Local Rules","","https://versionista.com/245381/24097670/65129447/","https://versionista.com/245381/24097670/65129447:0/"
"https://www.courts.ri.gov","RI State",monitored,"Rhode Island","https://www.courts.ri.gov/Pages/default.aspx",monitored,1,2026-05-13T23:28:08Z,every 2 days,2026-05-13T23:28:14Z,200 OK,2026-05-27T16:07:28Z,"Home","Rhode Island Judicial Branch","","https://versionista.com/245587/24094336/64954319/",
"https://www.pacourts.us","PA State",monitored,"Pennsylvania","https://www.pacourts.us/courts/supreme-court/calendar",monitored,7,2021-07-29T19:20:02Z,every 2 days,2023-05-17T08:06:56Z,200 OK,2026-05-27T10:10:25Z,"Calendar | Supreme Court | Courts | Unified Judicial System of Pennsylvania","Holiday Schedule","","https://versionista.com/245590/15987145/49261699/","https://versionista.com/245590/15987145/49261699:0/"
"https://www.pacourts.us","PA State",monitored,"Pennsylvania","https://www.pacourts.us/assets/opinions/supreme/out/682spct-attach.pdf",monitored,2,2023-07-27T20:59:40Z,every 2 days,2024-07-02T07:24:34Z,200 OK,2026-05-27T09:59:29Z,"","Orphans' Court Rules (PDF)","","https://versionista.com/245590/21247343/56066229/","https://versionista.com/245590/21247343/56066229:0/"
"https://www.pacourts.us","PA State",monitored,"Pennsylvania","https://www.pacourts.us/",monitored,3,2026-05-13T22:57:26Z,every 2 days,2026-05-19T19:44:29Z,200 OK,2026-05-27T15:09:13Z,"Home | Unified Judicial System of Pennsylvania","Pennsylvania Judicial Branch","","https://versionista.com/245590/24094273/65028616/","https://versionista.com/245590/24094273/65028616:0/"
"https://www.pacourts.us","PA State",monitored,"Pennsylvania","https://www.pacodeandbulletin.gov/",paused,2,2026-05-13T22:59:14Z,every 2 days,2026-05-15T21:52:06Z,200 OK,2026-05-17T20:45:59Z,"Pennsylvania Code &amp; Bulletin","Pennsylvania Code and Bulletin","","https://versionista.com/245590/24094285/64982507/","https://versionista.com/245590/24094285/64982507:0/"
"https://www.pacourts.us","PA State",monitored,"Pennsylvania","https://www.pacodeandbulletin.gov/Display/pacode?titleNumber=231&file=/secure/pacode/data/231/231toc.html",paused,1,2026-05-13T23:00:24Z,every 2 days,2026-05-13T23:00:31Z,200 OK,2026-05-17T20:43:59Z,"Pennsylvania Code - Title 231 Rules Of Civil Procedure","Rules of Civil Procedure","","https://versionista.com/245590/24094312/64954009/",
"https://www.nccourts.gov","NC District Courts",monitored,"North Carolina","https://www.nccourts.gov/courts/supreme-court/court-rules/general-rules-of-practice-for-the-superior-and-district-courts",monitored,18,2023-05-17T22:56:00Z,every 2 days,2025-10-19T12:54:04Z,200 OK,2026-05-27T12:15:14Z,"General Rules of Practice for the Superior and District Courts | North Carolina Judicial Branch","Rules of Practice for the Superior and District Courts","","https://versionista.com/245598/20689152/62237974/","https://versionista.com/245598/20689152/62237974:0/"
"https://www.nccourts.gov","NC District Courts",monitored,"North Carolina","https://www.nccourts.gov/locations/wake-county/wake-county-local-rules-and-forms",monitored,30,2023-05-17T23:06:48Z,every 2 days,2025-02-19T03:07:57Z,200 OK,2026-05-27T11:38:05Z,"Wake County Local Rules and Forms | North Carolina Judicial Branch","Wake - 10th District Local Rules","","https://versionista.com/245598/20689172/59136845/","https://versionista.com/245598/20689172/59136845:0/"
"https://www.nccourts.gov","NC District Courts",monitored,"North Carolina","https://www.nccourts.gov/locations/cherokee-county/cherokee-county-local-rules-and-forms",monitored,13,2024-11-08T07:15:44Z,every 2 days,2025-02-19T23:09:30Z,200 OK,2026-05-27T10:23:32Z,"Cherokee County Local Rules and Forms | North Carolina Judicial Branch","Cherokee - 43rd District Local Rules","","https://versionista.com/245598/22769385/59149132/","https://versionista.com/245598/22769385/59149132:0/"
"https://www.nccourts.gov","NC District Courts",monitored,"North Carolina","https://www.nccourts.gov/locations/mcdowell-county/mcdowell-county-local-rules-and-forms",monitored,18,2024-11-08T08:28:26Z,every 2 days,2026-04-16T10:28:22Z,200 OK,2026-05-27T10:14:11Z,"McDowell County Local Rules and Forms | North Carolina Judicial Branch","McDowell - 41st District Local Rules","","https://versionista.com/245598/22769511/64598909/","https://versionista.com/245598/22769511/64598909:0/"
"https://www.nccourts.gov","NC District Courts",monitored,"North Carolina","https://www.nccourts.gov/locations/buncombe-county/buncombe-county-local-rules-and-forms",monitored,15,2024-11-08T14:37:25Z,every 2 days,2025-10-09T09:34:31Z,200 OK,2026-05-27T13:21:48Z,"Buncombe County Local Rules and Forms | North Carolina Judicial Branch","Buncombe - 40th District Local Rules","","https://versionista.com/245598/22770785/62091324/","https://versionista.com/245598/22770785/62091324:0/"
"https://www.nccourts.gov","NC District Courts",monitored,"North Carolina","https://www.nccourts.gov/locations/camden-county/camden-county-local-rules-and-forms",monitored,11,2024-11-08T15:30:22Z,every 2 days,2025-02-20T10:24:16Z,200 OK,2026-05-27T12:41:33Z,"Camden County Local Rules and Forms | North Carolina Judicial Branch","Camden - 1st District Local Rules","","https://versionista.com/245598/22770972/59156301/","https://versionista.com/245598/22770972/59156301:0/"
"https://www.nccourts.gov","NC District Courts",monitored,"North Carolina","https://www.nccourts.gov/locations/beaufort-county/beaufort-county-local-rules-and-forms",monitored,10,2024-11-08T16:24:02Z,every 2 days,2025-02-20T09:10:11Z,200 OK,2026-05-27T12:34:41Z,"Beaufort County Local Rules and Forms | North Carolina Judicial Branch","Beaufort - 2nd District Local Rules","","https://versionista.com/245598/22771028/59155586/","https://versionista.com/245598/22771028/59155586:0/"
"https://www.nccourts.gov","NC District Courts",monitored,"North Carolina","https://www.nccourts.gov/locations/pitt-county/pitt-county-local-rules-and-forms",monitored,10,2024-11-08T16:25:18Z,every 2 days,2025-02-10T16:02:41Z,200 OK,2026-05-27T12:10:56Z,"Pitt County Local Rules and Forms | North Carolina Judicial Branch","Pitt - 3rd District Local Rules","","https://versionista.com/245598/22771029/59019795/","https://versionista.com/245598/22771029/59019795:0/"
"https://www.nccourts.gov","NC District Courts",monitored,"North Carolina","https://www.nccourts.gov/locations/carteret-county/carteret-county-local-rules-and-forms",monitored,14,2024-11-08T18:16:20Z,every 2 days,2026-04-14T12:08:43Z,200 OK,2026-05-27T11:08:02Z,"Carteret County Local Rules and Forms | North Carolina Judicial Branch","Carteret - 4th District Local Rules","","https://versionista.com/245598/22771260/64571355/","https://versionista.com/245598/22771260/64571355:0/"
"https://www.nccourts.gov","NC District Courts",monitored,"North Carolina","https://www.nccourts.gov/locations/duplin-county/duplin-county-local-rules-and-forms",monitored,25,2024-11-08T19:01:08Z,every 2 days,2026-04-18T10:00:31Z,200 OK,2026-05-27T11:18:19Z,"Duplin County Local Rules and Forms | North Carolina Judicial Branch","Duplin - 5th District Local Rules","","https://versionista.com/245598/22771297/64626736/","https://versionista.com/245598/22771297/64626736:0/"
"https://www.nccourts.gov","NC District Courts",monitored,"North Carolina","https://www.nccourts.gov/locations/cleveland-county/cleveland-county-local-rules-and-forms",monitored,11,2024-11-08T20:52:29Z,every 2 days,2025-02-20T14:59:59Z,200 OK,2026-05-27T12:17:57Z,"Cleveland County Local Rules and Forms | North Carolina Judicial Branch","Cleveland - 39th District Local Rules","","https://versionista.com/245598/22771471/59159803/","https://versionista.com/245598/22771471/59159803:0/"
"https://www.nccourts.gov","NC District Courts",monitored,"North Carolina","https://www.nccourts.gov/locations/gaston-county/gaston-county-local-rules-and-forms",monitored,13,2024-11-09T11:40:34Z,every 2 days,2025-02-19T05:39:09Z,200 OK,2026-05-27T10:15:33Z,"Gaston County Local Rules and Forms | North Carolina Judicial Branch","Gaston - 38th District Local Rules","","https://versionista.com/245598/22772863/59138273/","https://versionista.com/245598/22772863/59138273:0/"
"https://www.nccourts.gov","NC District Courts",monitored,"North Carolina","https://www.nccourts.gov/locations/randolph-county/randolph-county-local-rules-and-forms",monitored,13,2024-11-09T12:51:04Z,every 2 days,2025-02-21T05:12:09Z,200 OK,2026-05-27T10:26:11Z,"Randolph County Local Rules and Forms | North Carolina Judicial Branch","Randolph - 37th District Local Rules","","https://versionista.com/245598/22772942/59168234/","https://versionista.com/245598/22772942/59168234:0/"
"https://www.nccourts.gov","NC District Courts",monitored,"North Carolina","https://www.nccourts.gov/locations/avery-county/avery-county-local-rules-and-forms",monitored,26,2024-11-10T04:52:54Z,every 2 days,2025-10-09T08:44:38Z,200 OK,2026-05-27T12:29:18Z,"Avery County Local Rules and Forms | North Carolina Judicial Branch","Avery - 35th District Local Rules","","https://versionista.com/245598/22773604/62090272/","https://versionista.com/245598/22773604/62090272:0/"
"https://www.nccourts.gov","NC District Courts",monitored,"North Carolina","https://www.nccourts.gov/locations/alleghany-county/alleghany-county-local-rules-and-forms",monitored,9,2024-11-10T10:20:22Z,every 2 days,2026-03-31T19:07:37Z,200 OK,2026-05-27T09:53:52Z,"Alleghany County Local Rules and Forms | North Carolina Judicial Branch","Alleghany - 34th District Local Rules","","https://versionista.com/245598/22773946/64400986/","https://versionista.com/245598/22773946/64400986:0/"
"https://www.nccourts.gov","NC District Courts",monitored,"North Carolina","https://www.nccourts.gov/locations/new-hanover-county/new-hanover-county-local-rules-and-forms",monitored,11,2024-11-10T17:41:16Z,every 2 days,2025-02-04T20:55:41Z,200 OK,2026-05-27T10:04:37Z,"New Hanover County Local Rules and Forms | North Carolina Judicial Branch","New Hanover - 6th District Local Rules","","https://versionista.com/245598/22774342/58943226/","https://versionista.com/245598/22774342/58943226:0/"
"https://www.nccourts.gov","NC District Courts",monitored,"North Carolina","https://www.nccourts.gov/locations/bertie-county/bertie-county-local-rules-and-forms",monitored,11,2024-11-10T18:19:27Z,every 2 days,2025-02-10T18:00:24Z,200 OK,2026-05-27T12:21:07Z,"Bertie County Local Rules and Forms | North Carolina Judicial Branch","Bertie - 7B District Local Rules","","https://versionista.com/245598/22774358/59020796/","https://versionista.com/245598/22774358/59020796:0/"
"https://www.nccourts.gov","NC District Courts",monitored,"North Carolina","https://www.nccourts.gov/locations/nash-county/nash-county-local-rules-and-forms",monitored,16,2024-11-10T18:59:27Z,every 2 days,2026-04-16T12:15:27Z,200 OK,2026-05-27T12:02:38Z,"Nash County Local Rules and Forms | North Carolina Judicial Branch","Nash - 8th District Local Rules","","https://versionista.com/245598/22774432/64599968/","https://versionista.com/245598/22774432/64599968:0/"
"https://www.nccourts.gov","NC District Courts",monitored,"North Carolina","https://www.nccourts.gov/locations/greene-county/greene-county-local-rules-and-forms",monitored,11,2024-11-10T21:45:50Z,every 2 days,2025-02-10T22:46:44Z,200 OK,2026-05-27T11:29:52Z,"Greene County Local Rules and Forms | North Carolina Judicial Branch","Greene - 9th District Local Rules","","https://versionista.com/245598/22774537/59023155/","https://versionista.com/245598/22774537/59023155:0/"
"https://www.nccourts.gov","NC District Courts",monitored,"North Carolina","https://www.nccourts.gov/locations/hoke-county/hoke-county-local-rules-and-forms",monitored,14,2024-11-11T02:43:34Z,every 2 days,2025-02-18T23:57:51Z,200 OK,2026-05-27T10:09:54Z,"Hoke County Local Rules and Forms | North Carolina Judicial Branch","Hoke - 29th District Local Rules","","https://versionista.com/245598/22774700/59135403/","https://versionista.com/245598/22774700/59135403:0/"
"https://www.nccourts.gov","NC District Courts",monitored,"North Carolina","https://www.nccourts.gov/locations/davidson-county/davidson-county-local-rules-and-forms",monitored,9,2024-11-11T02:44:21Z,every 2 days,2025-02-18T23:11:54Z,200 OK,2026-05-27T11:06:12Z,"Davidson County Local Rules and Forms | North Carolina Judicial Branch","Davidson - 33rd District Local Rules","","https://versionista.com/245598/22774701/59135048/","https://versionista.com/245598/22774701/59135048:0/"
"https://www.nccourts.gov","NC District Courts",monitored,"North Carolina","https://www.nccourts.gov/locations/forsyth-county/forsyth-county-local-rules-and-forms",monitored,13,2024-11-11T02:44:52Z,every 2 days,2025-02-20T20:25:04Z,200 OK,2026-05-27T09:51:59Z,"Forsyth County Local Rules and Forms | North Carolina Judicial Branch","Forsyth - 31st District Local Rules","","https://versionista.com/245598/22774703/59163374/","https://versionista.com/245598/22774703/59163374:0/"
"https://www.nccourts.gov","NC District Courts",monitored,"North Carolina","https://www.nccourts.gov/locations/union-county/union-county-local-rules-and-forms",monitored,15,2024-11-11T02:45:11Z,every 2 days,2025-02-20T21:46:27Z,200 OK,2026-05-27T10:29:56Z,"Union County Local Rules and Forms | North Carolina Judicial Branch","Union - 30th District Local Rules","","https://versionista.com/245598/22774704/59164059/","https://versionista.com/245598/22774704/59164059:0/"
"https://www.nccourts.gov","NC District Courts",monitored,"North Carolina","https://www.nccourts.gov/courts/district-court",monitored,1,2026-05-13T20:25:19Z,every 2 days,2026-05-13T20:25:31Z,200 OK,2026-05-27T12:32:13Z,"District Court | North Carolina Judicial Branch","District Court - Home Page","","https://versionista.com/245598/24093666/64952518/",
"https://www.nccourts.gov","NC District Courts",monitored,"North Carolina","https://www.nccourts.gov/locations/halifax-county/halifax-county-local-rules-and-forms",monitored,1,2026-05-13T20:32:16Z,every 2 days,2026-05-13T20:32:20Z,200 OK,2026-05-27T12:45:09Z,"Halifax County Local Rules and Forms | North Carolina Judicial Branch","Halifax - 7A District Local Rules","","https://versionista.com/245598/24093669/64952577/",
"https://mdcourts.gov","MD State",monitored,"Maryland","https://mdcourts.gov/administration/holidays",monitored,25,2021-07-30T21:17:04Z,every 2 days,2026-01-03T05:31:26Z,200 OK,2026-05-27T10:09:37Z,"COURT HOLIDAYS | Maryland Courts","Holiday Schedule","","https://versionista.com/245648/15992014/63246279/","https://versionista.com/245648/15992014/63246279:0/"
"https://mdcourts.gov","MD State",monitored,"Maryland","https://mdcourts.gov/rules/ruleschanges",monitored,47,2022-12-21T16:24:37Z,every 2 days,2026-04-10T13:24:58Z,200 OK,2026-05-27T10:07:34Z,"Proposed Rules Changes and Recent Rules Orders | Maryland Courts","Proposed Rule Changes","","https://versionista.com/245648/19650480/64524708/","https://versionista.com/245648/19650480/64524708:0/"
"https://mdcourts.gov","MD State",monitored,"Maryland","https://mdcourts.gov/adminorderscourts",monitored,26,2023-05-17T21:39:49Z,every 2 days,2026-05-15T17:02:10Z,200 OK,2026-05-27T10:03:48Z,"Administrative Orders | Courts | Maryland Courts","Administrative Orders","","https://versionista.com/245648/20689057/64980634/","https://versionista.com/245648/20689057/64980634:0/"
"https://mdcourts.gov","MD State",monitored,"Maryland","https://mdcourts.gov/",monitored,13,2026-04-28T22:58:29Z,every 2 days,2026-05-28T05:45:22Z,200 OK,2026-05-28T05:45:22Z,"Home | Maryland Courts","Maryland Judicial Branch","","https://versionista.com/245648/24057030/65138768/","https://versionista.com/245648/24057030/65138768:0/"
"https://www.iasd.uscourts.gov","IA USDC",monitored,"Iowa","https://www.iasd.uscourts.gov/court-info/court-holidays",monitored,13,2023-09-29T20:11:19Z,every 2 days,2026-04-24T19:53:46Z,200 OK,2026-05-27T19:58:40Z,"Federal Holidays | Southern District of Iowa | United States District Court","Southern District - Holiday Schedule","","https://versionista.com/245654/21572470/64710467/","https://versionista.com/245654/21572470/64710467:0/"
"https://www.iasd.uscourts.gov","IA USDC",monitored,"Iowa","https://www.iasd.uscourts.gov/",monitored,5,2026-04-27T22:26:34Z,every 2 days,2026-05-27T15:55:35Z,200 OK,2026-05-27T15:55:35Z,"Southern District of Iowa | United States District Court","Southern District - Home Page (News)","","https://versionista.com/245654/24056010/65131126/","https://versionista.com/245654/24056010/65131126:0/"
"https://www.iasd.uscourts.gov","IA USDC",monitored,"Iowa","https://www.iand.uscourts.gov/",monitored,3,2026-04-27T22:31:42Z,every 2 days,2026-05-02T18:41:13Z,200 OK,2026-05-28T13:19:25Z,"Northern District of Iowa | United States District Court","Northern District - Home Page (News)","","https://versionista.com/245654/24056015/64813230/","https://versionista.com/245654/24056015/64813230:0/"
"https://www.iasd.uscourts.gov","IA USDC",monitored,"Iowa","https://www.iand.uscourts.gov/local-rules-and-orders",monitored,2,2026-04-27T22:33:17Z,every 2 days,2026-05-03T04:21:53Z,200 OK,2026-05-25T19:15:09Z,"Local Rules, Federal Rules &amp; Administrative Orders | Northern District of Iowa | United States District Court","Northern District - Local Rules","","https://versionista.com/245654/24056017/64817266/","https://versionista.com/245654/24056017/64817266:0/"
"https://www.iasd.uscourts.gov","IA USDC",monitored,"Iowa","https://www.iand.uscourts.gov/court-info",monitored,3,2026-04-27T22:34:03Z,every 2 days,2026-05-05T01:46:06Z,200 OK,2026-05-26T08:37:53Z,"Court Info | Northern District of Iowa | United States District Court","Northern District - Holiday Schedule","","https://versionista.com/245654/24056018/64836965/","https://versionista.com/245654/24056018/64836965:0/"
"https://laws-lois.justice.gc.ca","Canada General",monitored,"Canada","https://laws-lois.justice.gc.ca/eng/regulations/sor-98-106/fulltext.html",monitored,50,2021-08-06T16:32:49Z,every 2 days,2026-05-27T10:18:05Z,200 OK,2026-05-27T10:18:05Z,"Federal Courts Rules","Federal Court Rules","","https://versionista.com/246117/16028010/65128336/","https://versionista.com/246117/16028010/65128336:0/"
"https://laws-lois.justice.gc.ca","Canada General",monitored,"Canada","https://laws-lois.justice.gc.ca/eng/regulations/SOR-2011-119/index.html",monitored,19,2025-08-20T21:45:53Z,every 2 days,2026-05-27T09:54:11Z,200 OK,2026-05-27T09:54:11Z,"Specific Claims Tribunal Rules of Practice and Procedure","Specific Claims Tribunal Rules of Practice and Procedure","","https://versionista.com/246117/23686110/65128182/","https://versionista.com/246117/23686110/65128182:0/"
"https://laws-lois.justice.gc.ca","Canada General",monitored,"Canada","https://laws-lois.justice.gc.ca/eng/index.html",monitored,2,2026-05-20T20:41:15Z,every 2 days,2026-05-26T17:12:23Z,200 OK,2026-05-28T16:03:40Z,"Justice Laws Website","Government of Canada","","https://versionista.com/246117/24108656/65119340/","https://versionista.com/246117/24108656/65119340:0/"
"https://laws-lois.justice.gc.ca","Canada General",monitored,"Canada","https://www.canada.ca/en/revenue-agency/services/tax/public-holidays.html",monitored,0,2026-05-20T20:46:24Z,every 2 days,none,,2026-05-28T16:18:45Z,"","Public Holiday Schedule","",,
"https://laws-lois.justice.gc.ca","Canada General",monitored,"Canada","https://canada-holidays.ca/",monitored,4,2026-05-20T20:50:10Z,every 2 days,2026-05-28T16:16:43Z,200 OK,2026-05-28T16:16:43Z,"Canadian statutory holidays in 2026","Holiday Schedule","","https://versionista.com/246117/24108659/65145611/","https://versionista.com/246117/24108659/65145611:0/"
"https://www.oscn.net","OK State",monitored,"Oklahoma","https://www.oscn.net/home/",paused,1,2026-05-13T22:14:24Z,every 2 days,2026-05-13T22:14:27Z,200 OK,2026-05-13T22:14:27Z,"Oklahoma State Courts Network &#8211; OSCN","Oklahoma State Courts Network","","https://versionista.com/287842/24093856/64953438/",
"https://www.oscn.net","OK State",monitored,"Oklahoma","https://www.oklegislature.gov/",monitored,1,2026-05-13T22:15:01Z,every 2 days,2026-05-13T22:15:43Z,200 OK,2026-05-27T14:13:36Z,"Oklahoma Legislature - Home Page","Oklahoma Legislature","","https://versionista.com/287842/24093857/64953462/",
"https://www.oscn.net","OK State",monitored,"Oklahoma","https://www.sos.ok.gov/",monitored,1,2026-05-13T22:15:30Z,every 2 days,2026-05-13T22:17:04Z,200 OK,2026-05-27T14:10:56Z,"Oklahoma Secretary of State - Home","Oklahoma Secretary of State","","https://versionista.com/287842/24093858/64953477/",
"https://www.oscn.net","OK State",monitored,"Oklahoma","https://www.sos.ok.gov/home/holidays.aspx",monitored,1,2026-05-13T22:16:26Z,every 2 days,2026-05-13T22:20:51Z,200 OK,2026-05-27T14:22:49Z,"State Holidays","Holiday Schedule","","https://versionista.com/287842/24093864/64953519/",
"https://www.oscn.net","OK State",monitored,"Oklahoma","https://www.oklegislature.gov/osStatuesTitle.aspx",monitored,1,2026-05-13T22:17:14Z,every 2 days,2026-05-13T22:19:08Z,200 OK,2026-05-27T14:27:24Z,"Oklahoma Statutes","Oklahoma Statutes","","https://versionista.com/287842/24093891/64953495/",
"https://www.azoah.com","AZ State",monitored,"Arizona","https://www.azoah.com/",paused,2,2026-04-14T22:31:30Z,every 2 days,2026-04-16T21:20:12Z,403 Forbidden,2026-04-30T13:25:53Z,"Just a moment...","OAH - Office of Administrative Hearings","","https://versionista.com/298984/24039602/64604409/","https://versionista.com/298984/24039602/64604409:0/"
"https://www.azoah.com","AZ State",monitored,"Arizona","https://www.azoah.com/Rules.html",paused,2,2026-04-14T22:35:06Z,every 2 days,2026-04-14T22:36:14Z,403 Forbidden,2026-04-30T13:20:02Z,"Just a moment...","OAH - Procedural Rules","","https://versionista.com/298984/24039603/64575810/","https://versionista.com/298984/24039603/64575810:0/"
"https://www.azoah.com","AZ State",monitored,"Arizona","https://hr.az.gov/",paused,1,2026-04-14T22:49:40Z,every 2 days,2026-04-14T22:49:49Z,403 Forbidden,2026-04-30T13:48:35Z,"Just a moment...","ADOA - Department of Administration Human Resources","","https://versionista.com/298984/24039609/64575969/",
"https://www.azoah.com","AZ State",monitored,"Arizona","https://doa.az.gov/",paused,1,2026-04-14T22:51:57Z,every 2 days,2026-04-14T22:52:01Z,403 Forbidden,2026-04-30T13:41:11Z,"Just a moment...","ADOA - Department of Administration","","https://versionista.com/298984/24039611/64575995/",
"https://www.azoah.com","AZ State",monitored,"Arizona","https://www.azcourts.gov/",monitored,9,2026-04-14T22:53:56Z,every 2 days,2026-05-24T00:09:46Z,200 OK,2026-05-27T21:50:08Z,"Arizona Judicial Branch","Arizona Judicial Branch","","https://versionista.com/298984/24039637/65087849/","https://versionista.com/298984/24039637/65087849:0/"
"https://www.azoah.com","AZ State",monitored,"Arizona","https://www.azleg.gov/viewdocument/?docName=https://www.azleg.gov/ars/1/00301.htm",monitored,1,2026-05-21T22:12:15Z,every 2 days,2026-05-21T22:12:29Z,200 OK,2026-05-27T18:40:31Z,"View Document","Holiday Schedule","","https://versionista.com/298984/24114140/65059232/",
"https://www.azoah.com","AZ State",monitored,"Arizona","https://www.azleg.gov/arsDetail/?title=12",monitored,1,2026-05-21T22:19:19Z,every 2 days,2026-05-21T22:19:45Z,200 OK,2026-05-27T18:49:44Z,"Arizona Revised Statutes","Revised Statutes - Title 12 (Civil Proceedings)","","https://versionista.com/298984/24114181/65059293/",
"https://www.azoah.com","AZ State",monitored,"Arizona","https://www.azcourts.gov/rules/RecentAmendments/RulesofCivilProcedure.aspx",monitored,1,2026-05-21T22:24:06Z,every 2 days,2026-05-21T22:24:16Z,200 OK,2026-05-27T18:55:47Z,"AZCourts.gov > Rules > Recent Amendments > Rules of Civil Procedure","Rules of Civil Procedure - Recent Amendments","","https://versionista.com/298984/24114270/65059322/",
"https://www.azoah.com","AZ State",monitored,"Arizona","https://www.azcourts.gov/rules/RuleAmendmentsfromRecentRulesAgenda(s).aspx",monitored,1,2026-05-21T22:25:01Z,every 2 days,2026-05-21T22:25:27Z,200 OK,2026-05-27T18:52:44Z,"AZCourts.gov > Rules > Rule Amendments from Recent Rules Agenda(s)","Rule Amendments from Recent Rules Agenda","","https://versionista.com/298984/24114296/65059332/",
"https://www.azoah.com","AZ State",monitored,"Arizona","https://www.azleg.gov/arsDetail/?title=14",monitored,1,2026-05-27T21:29:15Z,every 2 days,2026-05-27T21:29:23Z,200 OK,2026-05-27T21:29:23Z,"Arizona Revised Statutes","Revised Statutes - Title 14 (Probate)","","https://versionista.com/298984/24122387/65133495/",
"https://www.nunavutcourts.ca","Canada Territories",monitored,"Canada","https://www.nunavutcourts.ca/court-policies/rules",monitored,5,2022-09-30T19:45:35Z,every 2 days,2024-01-02T18:45:54Z,200 OK,2026-05-27T09:52:05Z,"Nunavut Courts - Rules of Court","Nunavut - Rules of Court","","https://versionista.com/307131/18913720/53578008/","https://versionista.com/307131/18913720/53578008:0/"
"https://www.nunavutcourts.ca","Canada Territories",monitored,"Canada","https://www.nunavutcourts.ca/",monitored,1,2026-05-20T20:31:11Z,every 2 days,2026-05-20T20:31:14Z,200 OK,2026-05-28T15:51:19Z,"Nunavut Courts - Home","Nunavut Courts - Home Page","","https://versionista.com/307131/24108641/65044670/",
"https://www.nunavutcourts.ca","Canada Territories",monitored,"Canada","https://www.justice.gov.nt.ca/en/court-rules/",monitored,4,2026-05-20T20:33:53Z,every 2 days,2026-05-28T16:01:01Z,200 OK,2026-05-28T16:01:01Z,"Rules of court :: Justice","Northwest Territories - Rules of Court","","https://versionista.com/307131/24108647/65145423/","https://versionista.com/307131/24108647/65145423:0/"
"https://www.nunavutcourts.ca","Canada Territories",monitored,"Canada","https://www.nwtcourts.ca/en/",monitored,2,2026-05-20T20:39:45Z,every 2 days,2026-05-22T19:29:47Z,200 OK,2026-05-28T16:04:07Z,"Courts of the Northwest Territories","Northwest Territories Courts - Home Page","","https://versionista.com/307131/24108655/65072734/","https://versionista.com/307131/24108655/65072734:0/"
"https://www.adr.org","Alternate Dispute Resolution",monitored,"ADR","https://www.adr.org/active-rules",monitored,29,2023-01-25T19:29:21Z,every 2 days,2026-04-10T13:36:36Z,200 OK,2026-05-27T09:58:47Z,"AAA Rules, Forms &amp; Fees | Arbitration &amp; Mediation","American Arbitration Association - Rules","","https://versionista.com/307475/20012742/64524764/","https://versionista.com/307475/20012742/64524764:0/"
"https://www.adr.org","Alternate Dispute Resolution",monitored,"ADR","https://www.adr.org/",monitored,3,2026-05-20T22:47:53Z,every 2 days,2026-05-28T18:14:38Z,200 OK,2026-05-28T18:14:38Z,"American Arbitration Association | Arbitration &amp; ADR Services","American Arbitration Association - Home Page","","https://versionista.com/307475/24109440/65146515/","https://versionista.com/307475/24109440/65146515:0/"
"https://courts.mt.gov","MT State",monitored,"Montana","https://courts.mt.gov/",monitored,1,2026-04-29T22:26:45Z,every 2 days,2026-04-29T22:26:52Z,200 OK,2026-05-27T06:59:31Z,"Home","Montana Judicial Branch","","https://versionista.com/330938/24058708/64773075/",
"https://courts.mt.gov","MT State",monitored,"Montana","https://www.legmt.gov/",monitored,6,2026-04-29T22:28:33Z,every 2 days,2026-05-27T06:46:51Z,200 OK,2026-05-27T06:46:51Z,"Home - Montana Legislature","Montana Legislature","","https://versionista.com/330938/24058709/65126277/","https://versionista.com/330938/24058709/65126277:0/"
"https://courts.mt.gov","MT State",monitored,"Montana","https://rules.mt.gov/",monitored,7,2026-04-29T22:31:33Z,every 2 days,2026-05-19T11:27:50Z,405,2026-05-27T07:04:28Z,"Human Verification","Administrative Rules of Montana","","https://versionista.com/330938/24058756/65024275/","https://versionista.com/330938/24058756/65024275:0/"
"https://courts.mt.gov","MT State",monitored,"Montana","https://mca.legmt.gov/bills/mca/title_0250/chapters_index.html",monitored,1,2026-04-29T22:38:52Z,every 2 days,2026-04-29T22:38:55Z,200 OK,2026-05-27T06:56:28Z,"TITLE 25. CIVIL PROCEDURE - Table of Contents, MCA","Rules of Civil Procedure","","https://versionista.com/330938/24058781/64773268/",
"https://www.courts.ns.ca","Canada Provinces",monitored,"Canada","https://www.courts.ns.ca/resources/news",monitored,50,2023-05-02T23:35:27Z,every 2 days,2026-05-19T14:43:54Z,200 OK,2026-05-27T10:06:49Z,"News | The Courts of Nova Scotia","Nova Scotia - News","","https://versionista.com/332234/20617263/65026208/","https://versionista.com/332234/20617263/65026208:0/"
"https://www.courts.ns.ca","Canada Provinces",monitored,"Canada","https://www.courts.ns.ca/operations/rules",monitored,49,2023-05-02T23:41:44Z,every 2 days,2026-05-19T14:40:54Z,200 OK,2026-05-27T10:10:37Z,"Rules | The Courts of Nova Scotia","Nova Scotia - Civil Procedure Rules","","https://versionista.com/332234/20617265/65026189/","https://versionista.com/332234/20617265/65026189:0/"
"https://www.courts.ns.ca","Canada Provinces",monitored,"Canada","https://www.courts.ns.ca/locations",monitored,37,2025-05-01T20:11:03Z,every 2 days,2026-05-19T14:21:08Z,200 OK,2026-05-27T10:08:43Z,"Locations | The Courts of Nova Scotia","Nova Scotia - Holiday Schedule","","https://versionista.com/332234/23318341/65026050/","https://versionista.com/332234/23318341/65026050:0/"
"https://www.courts.ns.ca","Canada Provinces",monitored,"Canada","https://www.courts.ns.ca/",monitored,1,2026-05-20T19:29:12Z,every 2 days,2026-05-20T19:29:38Z,200 OK,2026-05-28T14:54:45Z,"The Courts of Nova Scotia | The Courts of Nova Scotia","Nova Scotia Courts - Home Page","","https://versionista.com/332234/24108445/65044057/",
"https://www.courts.ns.ca","Canada Provinces",monitored,"Canada","https://www.bccourts.ca/",monitored,1,2026-05-20T19:30:13Z,every 2 days,2026-05-20T19:31:02Z,200 OK,2026-05-28T14:51:09Z,"The Courts of British Columbia - Home","British Columbia Courts - Home Page","","https://versionista.com/332234/24108457/65044077/",
"https://www.courts.ns.ca","Canada Provinces",monitored,"Canada","https://www.bccourts.ca/Court_of_Appeal/",monitored,1,2026-05-20T20:13:01Z,every 2 days,2026-05-20T20:13:24Z,200 OK,2026-05-28T15:50:20Z,"Court of Appeal - Home","British Columbia - Court of Appeal Rules","","https://versionista.com/332234/24108610/65044503/",
"https://www.courts.ns.ca","Canada Provinces",monitored,"Canada","https://www.albertacourts.ca/",monitored,1,2026-05-20T20:14:23Z,every 2 days,2026-05-20T20:14:33Z,200 OK,2026-05-28T15:33:57Z,"Home","Alberta Courts - Home Page","","https://versionista.com/332234/24108611/65044506/",
"https://www.courts.ns.ca","Canada Provinces",monitored,"Canada","https://www.albertacourts.ca/kb/areas-of-law/civil",monitored,1,2026-05-20T20:15:25Z,every 2 days,2026-05-20T20:15:50Z,200 OK,2026-05-28T15:51:53Z,"Civil","Alberta - Rules of Court","","https://versionista.com/332234/24108612/65044516/",
"https://www.courts.ns.ca","Canada Provinces",monitored,"Canada","https://sasklawcourts.ca/",monitored,1,2026-05-20T20:17:09Z,every 2 days,2026-05-20T20:17:19Z,200 OK,2026-05-28T15:39:01Z,"Saskatchewan Courts | Saskatchewan Provincial Court, Court of King&#039;s Bench &amp; Court of Appeal","Saskatchewan Courts - Home Page","","https://versionista.com/332234/24108613/65044541/",
"https://www.courts.ns.ca","Canada Provinces",monitored,"Canada","https://sasklawcourts.ca/kings-bench/rules-practice-directives/",monitored,1,2026-05-20T20:17:41Z,every 2 days,2026-05-20T20:18:31Z,200 OK,2026-05-28T15:45:47Z,"RULES, FORMS &#038; PRACTICE DIRECTIVES | Saskatchewan Courts","Saskatchewan - Practice Directives","","https://versionista.com/332234/24108614/65044550/",
"https://www.courts.ns.ca","Canada Provinces",monitored,"Canada","https://www.manitobacourts.mb.ca/",monitored,1,2026-05-20T20:19:21Z,every 2 days,2026-05-20T20:20:19Z,200 OK,2026-05-28T15:55:12Z,"Manitoba Courts","Manitoba Courts - Home Page","","https://versionista.com/332234/24108615/65044575/",
"https://www.courts.ns.ca","Canada Provinces",monitored,"Canada","https://www.manitobacourts.mb.ca/court-of-queens-bench/procedure-rules-and-forms/statutes-and-rules/",monitored,1,2026-05-20T20:20:01Z,every 2 days,2026-05-20T20:21:38Z,200 OK,2026-05-28T15:56:29Z,"Statutes and Rules - Manitoba Courts","Manitoba - Court of King's Bench Rules","","https://versionista.com/332234/24108617/65044583/",
"https://www.courts.ns.ca","Canada Provinces",monitored,"Canada","https://www.courtsnb-coursnb.ca/content/cour/en.html",monitored,1,2026-05-20T20:21:18Z,every 2 days,2026-05-20T20:23:34Z,200 OK,2026-05-28T15:53:44Z,"New Brunswick Courts","New Brunswick Courts - Home Page","","https://versionista.com/332234/24108618/65044602/",
"https://www.courts.ns.ca","Canada Provinces",monitored,"Canada","https://www.courtsnb-coursnb.ca/content/cour/en/kings-bench/content/practice-directive.html",monitored,1,2026-05-20T20:21:38Z,every 2 days,2026-05-20T20:22:23Z,200 OK,2026-05-28T16:08:13Z,"Practice Directives","New Brunswick - Practice Directives","","https://versionista.com/332234/24108619/65044590/",
"https://www.courts.ns.ca","Canada Provinces",monitored,"Canada","https://www.ontariocourts.ca/ocj/",monitored,2,2026-05-20T20:23:52Z,every 2 days,2026-05-24T18:08:54Z,200 OK,2026-05-28T16:01:08Z,"Home - Ontario Court of Justice","Ontario Courts - Home Page","","https://versionista.com/332234/24108620/65096205/","https://versionista.com/332234/24108620/65096205:0/"
"https://www.courts.ns.ca","Canada Provinces",monitored,"Canada","https://www.ontario.ca/laws/regulation/900194",monitored,1,2026-05-20T20:27:37Z,every 2 days,2026-05-20T20:28:01Z,200 OK,2026-05-28T16:02:24Z,"e-Laws | Ontario.ca","Ontario - Rules of Civil Procedure","","https://versionista.com/332234/24108624/65044635/",
"https://www.courts.ns.ca","Canada Provinces",monitored,"Canada","https://www.ontario.ca/laws/regulation/990114",monitored,1,2026-05-20T20:29:49Z,every 2 days,2026-05-20T20:29:52Z,200 OK,2026-05-28T15:59:46Z,"e-Laws | Ontario.ca","Ontario - Family Law Rules","","https://versionista.com/332234/24108632/65044653/",
"https://www.courts.ns.ca","Canada Provinces",monitored,"Canada","https://www.courts.pe.ca/",monitored,3,2026-05-20T20:36:54Z,every 2 days,2026-05-28T16:06:27Z,200 OK,2026-05-28T16:06:27Z,"Radware Captcha Page","Prince Edward Island Courts - Home Page","","https://versionista.com/332234/24108650/65145485/","https://versionista.com/332234/24108650/65145485:0/"
"https://www.courts.ns.ca","Canada Provinces",monitored,"Canada","https://www.courts.pe.ca/rules-of-civil-procedure",monitored,3,2026-05-20T20:37:30Z,every 2 days,2026-05-28T16:03:49Z,200 OK,2026-05-28T16:03:49Z,"Radware Captcha Page","Prince Edward Island Court - Rules of Civil Procedure","","https://versionista.com/332234/24108651/65145460/","https://versionista.com/332234/24108651/65145460:0/"
"https://www.courts.ns.ca","Canada Provinces",monitored,"Canada","https://www2.gnb.ca/content/gnb/en/departments/public-safety/attorney-general/content/acts_regulations/content/rules_of_court.html",monitored,4,2026-05-20T20:51:19Z,every 2 days,2026-05-28T16:18:04Z,200 OK,2026-05-28T16:18:04Z,"Rules of Court","New Brunswick - Rules of Court","","https://versionista.com/332234/24108660/65145621/","https://versionista.com/332234/24108660/65145621:0/"
"https://www.courts.ns.ca","Canada Provinces",monitored,"Canada","https://tribunalsontario.ca/lat-aabs/laws-rules-and-decisions/",monitored,1,2026-05-20T20:57:22Z,every 2 days,2026-05-20T20:57:29Z,200 OK,2026-05-28T16:22:22Z,"Laws, rules and decisions - Tribunals Ontario","Ontario - Rules and Decisions","","https://versionista.com/332234/24108663/65044989/",
"https://www.dccourts.gov","DC Courts",monitored,"District of Columbia","https://www.dccourts.gov/superior-court/superior-court-resources/rules-of-the-superior-court",monitored,3,2026-04-24T19:58:15Z,every 2 days,2026-05-14T08:53:58Z,200 OK,2026-05-28T01:39:38Z,"Rules of the Superior Court | District of Columbia Courts","Rules of the Superior Court","","https://versionista.com/332332/24053610/64960020/","https://versionista.com/332332/24053610/64960020:0/"
"https://www.dccourts.gov","DC Courts",monitored,"District of Columbia","https://www.dccourts.gov/",monitored,5,2026-04-24T19:58:48Z,every 2 days,2026-05-28T01:26:39Z,200 OK,2026-05-28T01:26:39Z,"DC Courts Homepage | District of Columbia Courts","Home Page (News)","","https://versionista.com/332332/24053611/65135471/","https://versionista.com/332332/24053611/65135471:0/"
"https://www.dccourts.gov","DC Courts",monitored,"District of Columbia","https://www.dccourts.gov/court-of-appeals/court-of-appeals-resources/rules-of-the-dc-court-of-appeals",monitored,3,2026-04-24T19:59:49Z,every 2 days,2026-05-14T08:37:43Z,200 OK,2026-05-28T01:06:19Z,"Rules of the DC Court of Appeals | District of Columbia Courts","Rules of the Court of Appeals","","https://versionista.com/332332/24053612/64959936/","https://versionista.com/332332/24053612/64959936:0/"
"https://www.dccourts.gov","DC Courts",monitored,"District of Columbia","https://www.dccourts.gov/superior-court/superior-court-resources/superior-court-orders",monitored,16,2026-04-24T20:00:31Z,every 2 days,2026-05-28T01:45:04Z,200 OK,2026-05-28T01:45:04Z,"Superior Court Administrative and Promulgation Orders | District of Columbia Courts","Superior Court - Administrative Orders","","https://versionista.com/332332/24053613/65135615/","https://versionista.com/332332/24053613/65135615:0/"
"https://www.dccourts.gov","DC Courts",monitored,"District of Columbia","https://www.dccourts.gov/superior-court",monitored,3,2026-04-24T20:04:07Z,every 2 days,2026-05-14T09:03:20Z,200 OK,2026-05-28T01:22:37Z,"Superior Court | District of Columbia Courts","Superior Court - Home Page","","https://versionista.com/332332/24053616/64960078/","https://versionista.com/332332/24053616/64960078:0/"
"https://www.dccourts.gov","DC Courts",monitored,"District of Columbia","https://www.dccourts.gov/court-of-appeals",monitored,4,2026-04-24T20:04:54Z,every 2 days,2026-05-16T07:56:23Z,200 OK,2026-05-28T01:15:29Z,"Court of Appeals | District of Columbia Courts","Court of Appeals - Home Page","","https://versionista.com/332332/24053618/64987920/","https://versionista.com/332332/24053618/64987920:0/"
"https://www.dccourts.gov","DC Courts",monitored,"District of Columbia","https://www.dccourts.gov/court-of-appeals/court-of-appeals-orders-and-notices",monitored,5,2026-04-24T20:07:08Z,every 2 days,2026-05-16T07:46:23Z,200 OK,2026-05-28T01:33:07Z,"Court of Appeals Orders and Notices | District of Columbia Courts","Court of Appeals - Administrative Orders","","https://versionista.com/332332/24053619/64987851/","https://versionista.com/332332/24053619/64987851:0/"
"https://www.uscourts.gov","U.S. Federal Courts",monitored,"U.S. Federal Courts","https://www.uscourts.gov/rules-policies/current-rules-practice-procedure/federal-rules-bankruptcy-procedure",monitored,23,2023-05-05T20:48:31Z,every 2 days,2026-05-27T17:47:28Z,200 OK,2026-05-27T17:47:28Z,"Federal Rules of Bankruptcy Procedure","Federal Rules of Bankruptcy Procedure","","https://versionista.com/340586/20633576/65132143/","https://versionista.com/340586/20633576/65132143:0/"
"https://www.uscourts.gov","U.S. Federal Courts",monitored,"U.S. Federal Courts","https://www.uscourts.gov/rules-policies/current-rules-practice-procedure/federal-rules-civil-procedure",monitored,22,2023-05-05T20:50:07Z,every 2 days,2026-05-27T18:08:43Z,200 OK,2026-05-27T18:08:43Z,"Federal Rules of Civil Procedure","Federal Rules of Civil Procedure","","https://versionista.com/340586/20633577/65132312/","https://versionista.com/340586/20633577/65132312:0/"
"https://www.uscourts.gov","U.S. Federal Courts",monitored,"U.S. Federal Courts","https://www.uscourts.gov/rules-policies/proposed-amendments-published-public-comment",monitored,20,2023-05-05T20:52:56Z,every 2 days,2026-02-18T19:47:43Z,200 OK,2026-05-28T04:18:57Z,"Proposed Amendments Published for Public Comment","Proposed Amendments","","https://versionista.com/340586/20633591/63862906/","https://versionista.com/340586/20633591/63862906:0/"
"https://www.uscourts.gov","U.S. Federal Courts",monitored,"U.S. Federal Courts","https://www.uscourts.gov/rules-policies/pending-rules-and-forms-amendments",monitored,35,2023-05-16T22:29:43Z,every 2 days,2026-04-12T18:43:30Z,200 OK,2026-05-26T05:37:31Z,"Pending Rules and Forms Amendments","Pending Rules and Forms Amendments","","https://versionista.com/340586/20683147/64550062/","https://versionista.com/340586/20683147/64550062:0/"
"https://www.uscourts.gov","U.S. Federal Courts",monitored,"U.S. Federal Courts","https://www.uscourts.gov/forms/bankruptcy-forms",monitored,35,2023-05-16T22:30:33Z,every 2 days,2026-05-25T04:54:10Z,200 OK,2026-05-25T04:54:10Z,"Bankruptcy Forms | United States Courts","Bankruptcy Forms","","https://versionista.com/340586/20683162/65099703/","https://versionista.com/340586/20683162/65099703:0/"
"https://supremecourt.nmcourts.gov","NM Appellate Courts",monitored,"New Mexico","https://supremecourt.nmcourts.gov/14056-2/",monitored,5,2023-06-20T22:57:47Z,every 2 days,2024-03-17T00:35:05Z,200 OK,2026-05-27T10:11:33Z,"Approved Amendments to Rules and Forms - Supreme Court","Supreme Court - Approved Amendments","","https://versionista.com/341686/20987814/54614427/","https://versionista.com/341686/20987814/54614427:0/"
"https://supremecourt.nmcourts.gov","NM Appellate Courts",monitored,"New Mexico","https://supremecourt.nmcourts.gov/",monitored,2,2026-05-01T22:42:38Z,every 2 days,2026-05-15T14:33:07Z,200 OK,2026-05-27T07:46:02Z,"Home - Supreme Court","Supreme Court - Home Page","","https://versionista.com/341686/24062416/64977913/","https://versionista.com/341686/24062416/64977913:0/"
"https://supremecourt.flcourts.gov","FL Appellate Courts",monitored,"Florida","https://supremecourt.flcourts.gov/Case-Information/Rules-Cases-Proposed-Amendments",monitored,50,2024-07-11T19:07:53Z,every 2 days,2026-05-11T19:25:21Z,200 OK,2026-05-27T10:10:38Z,"Rules Cases: Proposed / Case Info / Case Information - - Florida Supreme Court","Proposed Rules","","https://versionista.com/431109/22475614/64925148/","https://versionista.com/431109/22475614/64925148:0/"
"https://supremecourt.flcourts.gov","FL Appellate Courts",monitored,"Florida","https://rules.floridaappellate.com/",monitored,1,2026-05-19T22:36:57Z,every 2 days,2026-05-19T22:38:16Z,200 OK,2026-05-27T18:40:53Z,"Florida Appellate Procedure - Rules for Florida Appellate Procedure","Rules of Appellate Procedure","","https://versionista.com/431109/24105877/65030358/",
"https://supremecourt.flcourts.gov","FL Appellate Courts",monitored,"Florida","https://6dca.flcourts.gov/",monitored,1,2026-05-19T22:53:44Z,every 2 days,2026-05-19T22:59:35Z,200 OK,2026-05-27T18:34:19Z,"Sixth District Court of Appeal","6th District Court of Appeal","","https://versionista.com/431109/24106027/65030526/",
"https://govt.westlaw.com","NY Westlaw",monitored,"New York","https://govt.westlaw.com/nycrr/Browse/Home/NewYork/UnofficialNewYorkCodesRulesandRegulations?guid=Ia3dea5d0b72a11ddba5e846354f3a78d&originationContext=documenttoc&transitionType=Default&contextData=(sc.Default",monitored,3,2025-01-27T18:31:52Z,every 2 days,2026-05-17T15:52:01Z,200 OK,2026-05-27T10:13:36Z,"Browse &gt; Title 9 Executive Department &gt; Subtitle J Division of Human Rights &gt; Part 465 Rules of Practice - Unofficial New York Codes, Rules and Regulations","Human Rights - Rules of Practice","","https://versionista.com/436672/22940081/65002372/","https://versionista.com/436672/22940081/65002372:0/"
"https://govt.westlaw.com","NY Westlaw",monitored,"New York","https://govt.westlaw.com/nycrr/Browse/Home/NewYork/UnofficialNewYorkCodesRulesandRegulations?guid=Ia4302130b72a11ddba5e846354f3a78d&originationContext=documenttoc&transitionType=Default&contextData=(sc.Default",monitored,5,2025-01-27T18:32:58Z,every 2 days,2026-05-17T16:03:08Z,200 OK,2026-05-27T10:17:51Z,"Browse &gt; Title 9 Executive Department &gt; Subtitle J Division of Human Rights &gt; Part 466 General Regulations - Unofficial New York Codes, Rules and Regulations","Human Rights - General Regulations","","https://versionista.com/436672/22940090/65002419/","https://versionista.com/436672/22940090/65002419:0/"
"https://www.australia.com","Australia",monitored,"Australia","https://www.australia.com/en-us/facts-and-planning/when-to-go/australian-public-holidays.html",monitored,15,2025-05-01T22:19:14Z,every 2 days,2026-03-12T06:26:50Z,200 OK,2026-05-27T09:19:12Z,"Australian public holidays - Tourism Australia","Public Holiday Schedule","","https://versionista.com/438766/23318417/64146980/","https://versionista.com/438766/23318417/64146980:0/"
"https://www.australia.com","Australia",monitored,"Australia","https://www.fcfcoa.gov.au/",monitored,0,2026-05-20T21:06:09Z,every 2 days,none,,2026-05-28T16:28:34Z,"","Federal Circuit and Family Court","",,
"https://www.australia.com","Australia",monitored,"Australia","https://www.fcfcoa.gov.au/resources/legislation",monitored,0,2026-05-20T21:07:20Z,every 2 days,none,,2026-05-28T16:31:44Z,"","Federal Circuit and Family Court - Legislation","",,
"https://www.alacourt.gov","AL Circuit Courts",monitored,"Alabama","https://www.alacourt.gov/JudicialCircuits.aspx",monitored,1,2026-04-15T20:46:05Z,every 2 days,2026-04-15T20:46:13Z,200 OK,2026-05-28T19:17:29Z,"Alabama Administrative Office of Courts","Circuit Courts - Map","","https://versionista.com/444789/24040589/64590394/",
"https://www.alacourt.gov","AL Circuit Courts",monitored,"Alabama","https://baldwin.alacourt.gov/",monitored,1,2026-04-15T20:50:50Z,every 2 days,2026-04-15T20:50:54Z,200 OK,2026-05-28T19:33:43Z,"Baldwin County - Twenty-Eighth Circuit Court of Alabama","Baldwin - Home Page","","https://versionista.com/444789/24040590/64590413/",
"https://www.alacourt.gov","AL Circuit Courts",monitored,"Alabama","https://baldwin.alacourt.gov/media/numltzz3/courtcalendar2026.pdf",monitored,1,2026-04-15T20:51:38Z,every 2 days,2026-04-15T20:52:23Z,200 OK,2026-05-28T19:29:05Z,"","Baldwin - Court Schedule (2026)","","https://versionista.com/444789/24040591/64590419/",
"https://www.alacourt.gov","AL Circuit Courts",monitored,"Alabama","https://mobile.alacourt.gov/",monitored,2,2026-04-15T20:53:37Z,every 2 days,2026-05-01T11:44:04Z,200 OK,2026-05-28T19:21:48Z,"Mobile County - Thirteenth Judicial Circuit Court of Alabama","Mobile - Home Page","","https://versionista.com/444789/24040592/64796346/","https://versionista.com/444789/24040592/64796346:0/"
"https://www.alnd.uscourts.gov","AL USDC",monitored,"Alabama","https://www.alnd.uscourts.gov/",paused,5,2026-04-15T21:01:12Z,every 2 days,2026-05-01T00:56:06Z,200 OK,2026-05-01T00:56:06Z,"Request Rejected","Northern District - Home Page (News)","","https://versionista.com/444790/24040593/64790208/","https://versionista.com/444790/24040593/64790208:0/"
"https://www.alnd.uscourts.gov","AL USDC",monitored,"Alabama","https://www.alnd.uscourts.gov/local-rules",paused,6,2026-04-15T21:02:20Z,every 2 days,2026-05-04T06:49:41Z,200 OK,2026-05-04T06:49:41Z,"Request Rejected","Northern District - Local Rules","","https://versionista.com/444790/24040599/64827777/","https://versionista.com/444790/24040599/64827777:0/"
"https://www.alnd.uscourts.gov","AL USDC",monitored,"Alabama","https://www.alnd.uscourts.gov/general-orders-sorted-date-and-title",paused,6,2026-04-15T21:02:55Z,every 2 days,2026-05-01T05:38:51Z,200 OK,2026-05-01T05:38:51Z,"Request Rejected","Northern District - General Orders","","https://versionista.com/444790/24040600/64793059/","https://versionista.com/444790/24040600/64793059:0/"
"https://www.alnd.uscourts.gov","AL USDC",monitored,"Alabama","https://www.alnd.uscourts.gov/court-info/court-holidays",paused,6,2026-04-15T21:03:40Z,every 2 days,2026-05-01T04:52:13Z,200 OK,2026-05-01T04:52:13Z,"Request Rejected","Northern District - Holiday Schedule","","https://versionista.com/444790/24040601/64792702/","https://versionista.com/444790/24040601/64792702:0/"
"https://www.alnd.uscourts.gov","AL USDC",monitored,"Alabama","https://www.alsd.uscourts.gov/",paused,6,2026-04-15T21:04:34Z,every 2 days,2026-05-01T07:17:36Z,200 OK,2026-05-01T07:17:36Z,"Request Rejected","Southern District - Home Page (News)","","https://versionista.com/444790/24040602/64794730/","https://versionista.com/444790/24040602/64794730:0/"
"https://www.alnd.uscourts.gov","AL USDC",monitored,"Alabama","https://www.alsd.uscourts.gov/court-info/local-rules-and-orders",paused,6,2026-04-15T21:05:39Z,every 2 days,2026-05-01T03:30:51Z,200 OK,2026-05-01T03:30:51Z,"Request Rejected","Southern District - Local Rules and Orders","","https://versionista.com/444790/24040603/64791816/","https://versionista.com/444790/24040603/64791816:0/"
"https://www.alnd.uscourts.gov","AL USDC",monitored,"Alabama","https://www.alsd.uscourts.gov/court-info/court-holidays",paused,6,2026-04-15T21:06:47Z,every 2 days,2026-04-30T11:59:01Z,200 OK,2026-04-30T11:59:01Z,"Request Rejected","Southern District - Holiday Schedule","","https://versionista.com/444790/24040604/64780513/","https://versionista.com/444790/24040604/64780513:0/"
"https://www.alnd.uscourts.gov","AL USDC",monitored,"Alabama","https://www.almd.uscourts.gov/",monitored,5,2026-04-15T21:08:25Z,every 2 days,2026-05-22T10:06:10Z,200 OK,2026-05-25T11:20:17Z,"Middle District of Alabama | United States District Court","Middle District - Home Page (News)","","https://versionista.com/444790/24040605/65067522/","https://versionista.com/444790/24040605/65067522:0/"
"https://www.alnd.uscourts.gov","AL USDC",monitored,"Alabama","https://www.almd.uscourts.gov/about/rules-orders-procedures",monitored,5,2026-04-15T21:09:37Z,every 2 days,2026-05-21T17:47:54Z,200 OK,2026-05-26T04:20:49Z,"Rules, Orders &amp; Procedures | United States District Court","Middle District - Local Rules and Orders","","https://versionista.com/444790/24040606/65056975/","https://versionista.com/444790/24040606/65056975:0/"
"https://www.alnd.uscourts.gov","AL USDC",monitored,"Alabama","https://www.almd.uscourts.gov/calendar",monitored,7,2026-04-15T21:10:55Z,every 2 days,2026-05-27T18:25:02Z,200 OK,2026-05-27T18:25:02Z,"Calendar | United States District Court","Middle District - Holiday Schedule","","https://versionista.com/444790/24040608/65132415/","https://versionista.com/444790/24040608/65132415:0/"
"https://judicial.alabama.gov","AL State",monitored,"Alabama","https://judicial.alabama.gov/",monitored,1,2026-04-15T21:35:42Z,every 2 days,2026-04-15T21:36:36Z,200 OK,2026-05-26T21:47:37Z,"Alabama Judicial System","Alabama Judicial Branch","","https://versionista.com/444792/24040715/64590627/",
"https://judicial.alabama.gov","AL State",monitored,"Alabama","https://judicial.alabama.gov/rules/index",monitored,3,2026-04-15T21:37:58Z,every 2 days,2026-05-01T12:27:46Z,200 OK,2026-05-26T21:50:08Z,"Alabama Judicial System","Rule Changes","","https://versionista.com/444792/24040717/64796653/","https://versionista.com/444792/24040717/64796653:0/"
"https://judicial.alabama.gov","AL State",monitored,"Alabama","https://www.alacourt.gov/docs/2026UJSCalendar.pdf?v=0.1",monitored,1,2026-04-15T21:38:25Z,every 2 days,2026-04-15T21:39:41Z,200 OK,2026-05-26T21:41:49Z,"","Holiday Schedule (2026)","","https://versionista.com/444792/24040718/64590650/",
"https://judicial.alabama.gov","AL State",monitored,"Alabama","https://judicial.alabama.gov/library/CivilProcedure",monitored,1,2026-04-15T21:59:07Z,every 2 days,2026-04-15T21:59:51Z,200 OK,2026-05-26T22:04:57Z,"Alabama Judicial System","Rules of Civil Procedure","","https://versionista.com/444792/24040747/64590750/",
"https://courts.alaska.gov","AK State",monitored,"Alaska","https://courts.alaska.gov/",monitored,3,2026-04-15T22:07:04Z,every 2 days,2026-04-27T15:09:07Z,200 OK,2026-05-26T22:05:36Z,"Home Page - Alaska Court System","Alaska Court System","","https://versionista.com/444793/24040753/64742308/","https://versionista.com/444793/24040753/64742308:0/"
"https://courts.alaska.gov","AK State",monitored,"Alaska","https://courts.alaska.gov/rules/index.htm",monitored,2,2026-04-15T22:08:18Z,every 2 days,2026-04-25T16:16:32Z,200 OK,2026-05-26T21:57:40Z,"Court Rules - Alaska Court System","Rules of Court","","https://versionista.com/444793/24040754/64723367/","https://versionista.com/444793/24040754/64723367:0/"
"https://courts.alaska.gov","AK State",monitored,"Alaska","https://courts.alaska.gov/main/holidays.htm",monitored,1,2026-04-15T22:11:55Z,every 2 days,2026-04-15T22:11:59Z,200 OK,2026-05-26T22:15:57Z,"Holidays - Alaska Court System","Holiday Schedule","","https://versionista.com/444793/24040760/64590857/",
"https://courts.alaska.gov","AK Appellate Courts",monitored,"Alaska","https://courts.alaska.gov/appellate/index.htm",monitored,1,2026-04-15T22:48:24Z,every 2 days,2026-04-15T22:48:30Z,200 OK,2026-05-26T23:00:39Z,"Appellate Courts - Alaska Court System","Home Page","","https://versionista.com/444794/24040826/64591107/",
"https://courts.alaska.gov","AK Appellate Courts",monitored,"Alaska","https://courts.alaska.gov/jord/index.htm",monitored,1,2026-04-15T22:50:31Z,every 2 days,2026-04-15T22:50:41Z,200 OK,2026-05-26T22:51:03Z,"Selected Administrative Standing Orders - Alaska Court System","Court Orders","","https://versionista.com/444794/24040827/64591122/",
"https://courts.alaska.gov","AK Appellate Courts",monitored,"Alaska","https://courts.alaska.gov/rules/docs/app.pdf",monitored,1,2026-04-15T22:52:03Z,every 2 days,2026-04-15T22:52:19Z,200 OK,2026-05-26T22:55:11Z,"","Rules of Appellate Procedure (PDF)","","https://versionista.com/444794/24040828/64591136/",
"https://courts.alaska.gov","AK Superior Courts",monitored,"Alaska","https://courts.alaska.gov/courtdir/index.htm",monitored,1,2026-04-15T22:58:30Z,every 2 days,2026-04-15T22:58:36Z,200 OK,2026-05-26T22:45:06Z,"Court Directory - Alaska Court System","Court Directory","","https://versionista.com/444795/24040829/64591194/",
"https://courts.alaska.gov","AK Superior Courts",monitored,"Alaska","https://courts.alaska.gov/courtdir/3an.htm",monitored,1,2026-04-15T22:59:16Z,every 2 days,2026-04-15T23:00:00Z,200 OK,2026-05-26T23:04:55Z,"Anchorage Court Directory - Alaska Court System","Anchorage - Home Page","","https://versionista.com/444795/24040830/64591203/",
"https://www.arcourts.gov","AR State",monitored,"Arkansas","https://www.arcourts.gov/",monitored,7,2026-04-17T06:12:48Z,every 2 days,2026-05-28T06:32:41Z,200 OK,2026-05-28T06:32:41Z,"Arkansas Judiciary","Arkansas Judicial Branch","","https://versionista.com/444816/24042819/65139677/","https://versionista.com/444816/24042819/65139677:0/"
"https://www.arcourts.gov","AR State",monitored,"Arkansas","https://www.sos.arkansas.gov/news/calendar/",monitored,2,2026-04-17T06:14:59Z,every 2 days,2026-05-08T17:44:29Z,200 OK,2026-05-28T06:48:04Z,"Arkansas Secretary of State","Arkansas Secretary of State","","https://versionista.com/444816/24042820/64890428/","https://versionista.com/444816/24042820/64890428:0/"
"https://www.arcourts.gov","AR State",monitored,"Arkansas","https://opinions.arcourts.gov/ark/cr/en/item/16712/index.do",monitored,1,2026-04-17T06:17:14Z,every 2 days,2026-04-17T06:17:20Z,200 200,2026-05-28T06:54:02Z,"Arkansas Rules of Civil Procedure - Arkansas Courts","Rules of Civil Procedure","","https://versionista.com/444816/24042821/64611616/",
"https://www.arcourts.gov","AR State",monitored,"Arkansas","https://www.sos.arkansas.gov/about-the-office/media-center/news/state-holiday-calendar/",monitored,2,2026-04-17T06:21:08Z,every 2 days,2026-05-22T10:04:09Z,200 OK,2026-05-28T06:51:29Z,"Arkansas Secretary of State","Holiday Schedule","","https://versionista.com/444816/24042822/65067497/","https://versionista.com/444816/24042822/65067497:0/"
"https://www.arcourts.gov","AR State",monitored,"Arkansas","https://opinions.arcourts.gov/ark/ao/en/nav_date.do",monitored,2,2026-04-21T22:35:17Z,every 2 days,2026-04-23T21:30:31Z,200 200,2026-05-27T02:24:28Z,"Navigation by Rule Current To: 2026 - Arkansas Courts","Administrative Orders","","https://versionista.com/444816/24050418/64697431/","https://versionista.com/444816/24050418/64697431:0/"
"https://www.arcourts.gov","AR State",monitored,"Arkansas","https://opinions.arcourts.gov/ark/cr/en/nav_date.do",monitored,2,2026-04-21T22:37:57Z,every 2 days,2026-04-23T21:27:19Z,200 200,2026-05-27T01:56:23Z,"Navigation by Rule Current To: 2026 - Arkansas Courts","Rules of Court - Amendments","","https://versionista.com/444816/24050419/64697393/","https://versionista.com/444816/24050419/64697393:0/"
"https://www.arcourts.gov","AR State",monitored,"Arkansas","https://advance.lexis.com/container?config=00JAA3ZTU0NTIzYy0zZDEyLTRhYmQtYmRmMS1iMWIxNDgxYWMxZTQKAFBvZENhdGFsb2cubRW4ifTiwi5vLw6cI1uX&crid=06fb1a0e-d4e1-4789-a405-1a504e529ced&prid=3df6d106-0918-4a72-9054-5f8cdad5e689",monitored,1,2026-05-27T21:40:57Z,every 2 days,2026-05-27T21:41:03Z,200 OK,2026-05-27T21:41:03Z,"","Title 28 - Wills, Estates, and Fiduciary Relationships","","https://versionista.com/444816/24122419/65133587/",
"https://courts.ca.gov","CA Superior Courts",monitored,"California","https://courts.ca.gov/courts/superior-courts",monitored,2,2026-04-20T22:32:50Z,every 2 days,2026-05-08T12:30:03Z,200 OK,2026-05-28T01:37:03Z,"Superior Courts | Judicial Branch of California","Home Page","","https://versionista.com/444847/24049349/64885983/","https://versionista.com/444847/24049349/64885983:0/"
"https://courts.ca.gov","CA Superior Courts",monitored,"California","https://www.sjcourts.org/local-rules",monitored,5,2026-04-20T22:36:01Z,every 2 days,2026-05-14T09:05:57Z,200 OK,2026-05-28T01:17:53Z,"Local Rules | Superior Court of California - County of San Joaquin","San Joaquin - Local Rules","","https://versionista.com/444847/24049353/64960099/","https://versionista.com/444847/24049353/64960099:0/"
"https://courts.ca.gov","CA Superior Courts",monitored,"California","https://sanmateo.courts.ca.gov/general-information/local-rules",monitored,1,2026-04-20T22:37:41Z,every 2 days,2026-04-20T22:37:57Z,200 OK,2026-05-28T01:27:10Z,"Local Rules | Superior Court of California | County of San Mateo","San Mateo - Local Rules","","https://versionista.com/444847/24049355/64655373/",
"https://courts.ca.gov","CA Superior Courts",monitored,"California","https://www.alameda.courts.ca.gov/",monitored,2,2026-04-20T22:39:16Z,every 2 days,2026-05-16T07:59:00Z,200 OK,2026-05-28T01:25:46Z,"Home | Superior Court of California | County of Alameda","Alameda - Home Page (News)","","https://versionista.com/444847/24049356/64987941/","https://versionista.com/444847/24049356/64987941:0/"
"https://courts.ca.gov","CA Superior Courts",monitored,"California","https://www.alameda.courts.ca.gov/general-information/local-rules-forms",monitored,1,2026-04-20T22:39:49Z,every 2 days,2026-04-20T22:40:44Z,200 OK,2026-05-28T01:33:31Z,"Local Rules &amp; Forms | Superior Court of California | County of Alameda","Alameda - Local Rules","","https://versionista.com/444847/24049357/64655409/",
"https://courts.ca.gov","CA Superior Courts",monitored,"California","https://www.alameda.courts.ca.gov/general-information/local-rules/pending-rules",monitored,4,2026-04-20T22:41:19Z,every 2 days,2026-05-22T04:48:55Z,200 OK,2026-05-28T01:44:55Z,"Pending Rules | Superior Court of California | County of Alameda","Alameda - Pending Rules","","https://versionista.com/444847/24049358/65062835/","https://versionista.com/444847/24049358/65062835:0/"
"https://courts.ca.gov","CA Superior Courts",monitored,"California","https://www.calaveras.courts.ca.gov/",monitored,4,2026-05-18T23:05:42Z,every 2 days,2026-05-28T17:15:56Z,200 OK,2026-05-28T17:15:56Z,"Home | Superior Court of California | County of Calaveras","Calaveras - Home Page (News)","","https://versionista.com/444847/24103267/65146178/","https://versionista.com/444847/24103267/65146178:0/"
"https://courts.ca.gov","CA Superior Courts",monitored,"California","https://www.calaveras.courts.ca.gov/general-information/local-rules",monitored,3,2026-05-18T23:06:03Z,every 2 days,2026-05-22T20:45:34Z,200 OK,2026-05-28T17:17:34Z,"Local Rules | Superior Court of California | County of Calaveras","Calaveras - Local Rules","","https://versionista.com/444847/24103269/65073471/","https://versionista.com/444847/24103269/65073471:0/"
"https://courts.ca.gov","CA Superior Courts",monitored,"California","https://contracosta.courts.ca.gov/",monitored,4,2026-05-18T23:07:14Z,every 2 days,2026-05-28T17:20:32Z,200 OK,2026-05-28T17:20:32Z,"Home | Superior Court of California | County of Contra Costa","Contra Costa - Home Page (News)","","https://versionista.com/444847/24103270/65146213/","https://versionista.com/444847/24103270/65146213:0/"
"https://courts.ca.gov","CA Superior Courts",monitored,"California","https://contracosta.courts.ca.gov/general-information/local-rules-court",monitored,4,2026-05-18T23:07:33Z,every 2 days,2026-05-28T17:32:35Z,200 OK,2026-05-28T17:32:35Z,"Local Rules of Court | Superior Court of California | County of Contra Costa","Contra Costa - Local Rules","","https://versionista.com/444847/24103271/65146295/","https://versionista.com/444847/24103271/65146295:0/"
"https://courts.ca.gov","CA Superior Courts",monitored,"California","https://www.alpine.courts.ca.gov/",monitored,1,2026-05-18T23:09:07Z,every 2 days,2026-05-18T23:10:23Z,200 OK,2026-05-28T17:51:43Z,"Home | Superior Court of California | County of Alpine","Alpine - Home Page (News)","","https://versionista.com/444847/24103272/65017127/",
"https://courts.ca.gov","CA Superior Courts",monitored,"California","https://www.alpine.courts.ca.gov/forms-filings/local-rules-standing-orders",monitored,1,2026-05-18T23:09:34Z,every 2 days,2026-05-18T23:13:31Z,200 OK,2026-05-28T17:40:40Z,"Local Rules &amp; Standing Orders | Superior Court of California | County of Alpine","Alpine - Local Rules","","https://versionista.com/444847/24103279/65017141/",
"https://courts.ca.gov","CA Superior Courts",monitored,"California","https://www.colusa.courts.ca.gov/",monitored,2,2026-05-18T23:09:54Z,every 2 days,2026-05-22T21:03:56Z,200 OK,2026-05-28T17:37:11Z,"Home | Superior Court of California | County of Colusa","Colusa - Home Page (News)","","https://versionista.com/444847/24103280/65073547/","https://versionista.com/444847/24103280/65073547:0/"
"https://courts.ca.gov","CA Superior Courts",monitored,"California","https://www.colusa.courts.ca.gov/court-forms-filings",monitored,1,2026-05-18T23:10:18Z,every 2 days,2026-05-18T23:18:50Z,200 OK,2026-05-28T17:34:40Z,"Court Forms &amp; Filings | Superior Court of California | County of Colusa","Colusa - Local Rules","","https://versionista.com/444847/24103281/65017176/",
"https://courts.ca.gov","CA Superior Courts",monitored,"California","https://www.butte.courts.ca.gov/",monitored,4,2026-05-18T23:11:14Z,every 2 days,2026-05-28T17:27:45Z,200 OK,2026-05-28T17:27:45Z,"Home | Superior Court of California | County of Butte","Butte - Home Page (News)","","https://versionista.com/444847/24103282/65146267/","https://versionista.com/444847/24103282/65146267:0/"
"https://courts.ca.gov","CA Superior Courts",monitored,"California","https://www.butte.courts.ca.gov/forms-filing/local-rules-and-forms",monitored,4,2026-05-18T23:11:41Z,every 2 days,2026-05-24T19:43:11Z,200 OK,2026-05-28T17:24:22Z,"Local Rules and Forms | Superior Court of California | County of Butte","Butte - Local Rules","","https://versionista.com/444847/24103283/65096853/","https://versionista.com/444847/24103283/65096853:0/"
"https://courts.ca.gov","CA Superior Courts",monitored,"California","https://www.delnorte.courts.ca.gov/",monitored,1,2026-05-19T18:36:10Z,every 2 days,2026-05-19T18:36:14Z,200 OK,2026-05-27T14:03:26Z,"Home | Superior Court of California | County of Del Norte","Del Norte - Home Page","","https://versionista.com/444847/24104728/65027888/",
"https://courts.ca.gov","CA Superior Courts",monitored,"California","https://www.delnorte.courts.ca.gov/general-information/local-rules",monitored,1,2026-05-19T18:36:34Z,every 2 days,2026-05-19T18:37:22Z,200 OK,2026-05-27T13:57:25Z,"Local Rules | Superior Court of California | County of Del Norte","Del Norte - Local Rules","","https://versionista.com/444847/24104729/65027903/",
"https://courts.ca.gov","CA Superior Courts",monitored,"California","https://www.amadorcourt.org/",monitored,2,2026-05-19T18:53:29Z,every 2 days,2026-05-21T17:42:34Z,200 OK,2026-05-27T14:32:32Z,"The Superior Court of California","Amador - Home Page","","https://versionista.com/444847/24104832/65056943/","https://versionista.com/444847/24104832/65056943:0/"
"https://courts.ca.gov","CA Superior Courts",monitored,"California","https://www.amadorcourt.org/gi-localRules.aspx",monitored,1,2026-05-19T18:53:54Z,every 2 days,2026-05-19T18:54:47Z,200 OK,2026-05-27T14:29:25Z,"The Superior Court of California","Amador - Local Rules","","https://versionista.com/444847/24104833/65028067/",
"https://courts.ca.gov","CA Superior Courts",monitored,"California","https://www.eldorado.courts.ca.gov/",monitored,1,2026-05-19T18:54:57Z,every 2 days,2026-05-19T18:56:07Z,200 OK,2026-05-27T14:16:18Z,"Home | Superior Court of California | County of El Dorado","El Dorado - Home Page","","https://versionista.com/444847/24104843/65028082/",
"https://courts.ca.gov","CA Superior Courts",monitored,"California","https://www.eldorado.courts.ca.gov/general-information/local-rules-information-services",monitored,1,2026-05-19T18:55:42Z,every 2 days,2026-05-19T18:57:13Z,200 OK,2026-05-27T14:23:37Z,"Local Rules, Information &amp; Services | Superior Court of California | County of El Dorado","El Dorado - Local Rules","","https://versionista.com/444847/24104846/65028096/",
"https://courts.ca.gov","CA Superior Courts",monitored,"California","https://www.humboldt.courts.ca.gov/",monitored,1,2026-05-19T19:06:10Z,every 2 days,2026-05-19T19:06:23Z,200 OK,2026-05-27T14:36:05Z,"Home | Superior Court of California | County of Humboldt","Humboldt - Home Page","","https://versionista.com/444847/24104878/65028192/",
"https://courts.ca.gov","CA Superior Courts",monitored,"California","https://www.humboldt.courts.ca.gov/forms-filings/local-rules",monitored,1,2026-05-19T19:06:35Z,every 2 days,2026-05-19T19:07:35Z,200 OK,2026-05-27T14:25:58Z,"Local Rules | Superior Court of California | County of Humboldt","Humboldt - Local Rules","","https://versionista.com/444847/24104879/65028213/",
"https://courts.ca.gov","CA Superior Courts",monitored,"California","https://www.fresno.courts.ca.gov/",monitored,3,2026-05-19T19:07:00Z,every 2 days,2026-05-23T17:16:45Z,200 OK,2026-05-27T15:02:42Z,"Home | Superior Court of California | County of Fresno","Fresno - Home Page","","https://versionista.com/444847/24104880/65084513/","https://versionista.com/444847/24104880/65084513:0/"
"https://courts.ca.gov","CA Superior Courts",monitored,"California","https://www.fresno.courts.ca.gov/forms-filing/local-rules",monitored,1,2026-05-19T19:07:18Z,every 2 days,2026-05-19T19:09:48Z,200 OK,2026-05-27T14:52:27Z,"Local Rules | Superior Court of California | County of Fresno","Fresno - Local Rules","","https://versionista.com/444847/24104889/65028237/",
"https://courts.ca.gov","CA Superior Courts",monitored,"California","https://www.glenn.courts.ca.gov/",monitored,1,2026-05-19T19:10:30Z,every 2 days,2026-05-19T19:11:24Z,200 OK,2026-05-27T14:37:22Z,"Home | Superior Court of California | County of Glenn","Glenn - Home Page","","https://versionista.com/444847/24104897/65028262/",
"https://courts.ca.gov","CA Superior Courts",monitored,"California","https://www.glenn.courts.ca.gov/general-information/local-rules",monitored,1,2026-05-19T19:11:27Z,every 2 days,2026-05-19T19:15:12Z,200 OK,2026-05-27T15:15:27Z,"Local Rules | Superior Court of California | County of Glenn","Glenn - Local Rules","","https://versionista.com/444847/24104898/65028300/",
"https://courts.ca.gov","CA Superior Courts",monitored,"California","https://www.imperial.courts.ca.gov/",monitored,3,2026-05-19T19:11:53Z,every 2 days,2026-05-27T14:44:28Z,200 OK,2026-05-27T14:44:28Z,"Home | Superior Court of California | County of Imperial","Imperial - Home Page","","https://versionista.com/444847/24104904/65130590/","https://versionista.com/444847/24104904/65130590:0/"
"https://courts.ca.gov","CA Superior Courts",monitored,"California","https://www.imperial.courts.ca.gov/general-information/local-rules",monitored,4,2026-05-19T19:12:13Z,every 2 days,2026-05-27T14:45:58Z,200 OK,2026-05-27T14:45:58Z,"Local Rules | Superior Court of California | County of Imperial","Imperial - Local Rules","","https://versionista.com/444847/24104907/65130596/","https://versionista.com/444847/24104907/65130596:0/"
"https://courts.ca.gov","CA Superior Courts",monitored,"California","https://www.inyo.courts.ca.gov/",monitored,1,2026-05-19T19:12:47Z,every 2 days,2026-05-19T19:16:14Z,200 OK,2026-05-27T14:56:55Z,"Home | Superior Court of California | County of Inyo","Inyo - Home Page","","https://versionista.com/444847/24104908/65028313/",
"https://courts.ca.gov","CA Superior Courts",monitored,"California","https://www.inyo.courts.ca.gov/forms-filing/local-rules",monitored,1,2026-05-19T19:13:06Z,every 2 days,2026-05-19T19:13:59Z,200 OK,2026-05-27T14:39:18Z,"Local Rules | Superior Court of California | County of Inyo","Inyo - Local Rules","","https://versionista.com/444847/24104915/65028285/",
"https://courts.ca.gov","CA Superior Courts",monitored,"California","https://www.kings.courts.ca.gov/",monitored,2,2026-05-19T19:14:17Z,every 2 days,2026-05-27T14:42:41Z,200 OK,2026-05-27T14:42:41Z,"Home | Superior Court of California | County of Kings","Kings - Home Page","","https://versionista.com/444847/24104917/65130577/","https://versionista.com/444847/24104917/65130577:0/"
"https://courts.ca.gov","CA Superior Courts",monitored,"California","https://www.kings.courts.ca.gov/general-information/local-rules",monitored,1,2026-05-19T19:15:28Z,every 2 days,2026-05-19T19:18:30Z,200 OK,2026-05-27T14:49:09Z,"Local Rules | Superior Court of California | County of Kings","Kings - Local Rules","","https://versionista.com/444847/24104923/65028334/",
"https://courts.ca.gov","CA Superior Courts",monitored,"California","https://www.kern.courts.ca.gov/",monitored,3,2026-05-19T19:18:51Z,every 2 days,2026-05-27T16:19:31Z,200 OK,2026-05-27T16:19:31Z,"Home | Superior Court of California | County of Kern","Kern - Home Page","","https://versionista.com/444847/24104959/65131351/","https://versionista.com/444847/24104959/65131351:0/"
"https://courts.ca.gov","CA Superior Courts",monitored,"California","https://www.kern.courts.ca.gov/forms-filing/local-rules-court",monitored,3,2026-05-19T19:19:16Z,every 2 days,2026-05-27T14:53:35Z,200 OK,2026-05-27T14:53:35Z,"Local Rules of Court | Superior Court of California | County of Kern","Kern - Local Rules","","https://versionista.com/444847/24104960/65130644/","https://versionista.com/444847/24104960/65130644:0/"
"https://courts.ca.gov","CA Superior Courts",monitored,"California","https://lake.courts.ca.gov/",monitored,2,2026-05-19T19:19:43Z,every 2 days,2026-05-27T15:12:43Z,200 OK,2026-05-27T15:12:43Z,"Home | Superior Court of California | County of Lake","Lake - Home Page","","https://versionista.com/444847/24104961/65130785/","https://versionista.com/444847/24104961/65130785:0/"
"https://courts.ca.gov","CA Superior Courts",monitored,"California","https://lake.courts.ca.gov/forms-filings",monitored,1,2026-05-19T19:20:17Z,every 2 days,2026-05-19T19:22:39Z,200 OK,2026-05-27T14:58:35Z,"Forms &amp; Filings | Superior Court of California | County of Lake","Lake - Local Rules","","https://versionista.com/444847/24104971/65028375/",
"https://courts.ca.gov","CA Superior Courts",monitored,"California","https://www.lassen.courts.ca.gov/",monitored,3,2026-05-19T19:20:38Z,every 2 days,2026-05-27T14:55:14Z,200 OK,2026-05-27T14:55:14Z,"Home | Superior Court of California | County of Lassen","Lassen - Home Page","","https://versionista.com/444847/24104972/65130656/","https://versionista.com/444847/24104972/65130656:0/"
"https://courts.ca.gov","CA Superior Courts",monitored,"California","https://www.lassen.courts.ca.gov/general-information/local-rules",monitored,3,2026-05-19T19:21:01Z,every 2 days,2026-05-27T16:16:57Z,200 OK,2026-05-27T16:16:57Z,"Local Rules | Superior Court of California | County of Lassen","Lassen - Local Rules","","https://versionista.com/444847/24104982/65131327/","https://versionista.com/444847/24104982/65131327:0/"
"https://courts.ca.gov","CA Superior Courts",monitored,"California","https://www.lacourt.ca.gov/home",monitored,1,2026-05-19T19:21:29Z,every 2 days,2026-05-19T19:30:50Z,200 OK,2026-05-27T15:24:03Z,"Superior Court of Los Angeles County","Los Angeles - Home Page","","https://versionista.com/444847/24104988/65028462/",
"https://courts.ca.gov","CA Superior Courts",monitored,"California","https://www.lacourt.ca.gov/pages/cp/gi-court-rules",monitored,1,2026-05-19T19:21:55Z,every 2 days,2026-05-19T19:26:57Z,200 OK,2026-05-27T15:22:45Z,"Superior Court of Los Angeles County","Los Angeles - Local Rules","","https://versionista.com/444847/24104989/65028419/",
"https://courts.ca.gov","CA Superior Courts",monitored,"California","https://www.marin.courts.ca.gov/",monitored,4,2026-05-19T19:24:55Z,every 2 days,2026-05-27T16:29:18Z,200 OK,2026-05-27T16:29:18Z,"Home | Superior Court of California | County of Marin","Marin - Home Page","","https://versionista.com/444847/24105005/65131442/","https://versionista.com/444847/24105005/65131442:0/"
"https://courts.ca.gov","CA Superior Courts",monitored,"California","https://www.marin.courts.ca.gov/general-information/local-rules",monitored,1,2026-05-19T19:25:13Z,every 2 days,2026-05-19T19:28:11Z,200 OK,2026-05-27T14:51:11Z,"Local Rules | Superior Court of California | County of Marin","Marin - Local Rules","","https://versionista.com/444847/24105006/65028425/",
"https://courts.ca.gov","CA Superior Courts",monitored,"California","https://www.mariposa.courts.ca.gov/",monitored,3,2026-05-19T19:25:49Z,every 2 days,2026-05-27T15:10:10Z,200 OK,2026-05-27T15:10:10Z,"Home | Superior Court of California | County of Mariposa","Mariposa - Home Page","","https://versionista.com/444847/24105019/65130766/","https://versionista.com/444847/24105019/65130766:0/"
"https://courts.ca.gov","CA Superior Courts",monitored,"California","https://www.mariposa.courts.ca.gov/general-information/local-rules",monitored,1,2026-05-19T19:26:20Z,every 2 days,2026-05-19T19:40:01Z,200 OK,2026-05-27T15:27:24Z,"Local Rules | Superior Court of California | County of Mariposa","Mariposa - Local Rules","","https://versionista.com/444847/24105020/65028553/",
"https://courts.ca.gov","CA Superior Courts",monitored,"California","https://www.mendocino.courts.ca.gov/",monitored,2,2026-05-19T19:26:44Z,every 2 days,2026-05-27T15:05:45Z,200 OK,2026-05-27T15:05:45Z,"Home | Superior Court of California | County of Mendocino","Mendocino - Home Page","","https://versionista.com/444847/24105021/65130737/","https://versionista.com/444847/24105021/65130737:0/"
"https://courts.ca.gov","CA Superior Courts",monitored,"California","https://www.mendocino.courts.ca.gov/general-information/court-rules-orders",monitored,1,2026-05-19T19:27:59Z,every 2 days,2026-05-19T19:29:02Z,200 OK,2026-05-27T15:31:51Z,"Court Rules &amp; Orders | Superior Court of California | County of Mendocino","Mendocino - Local Rules","","https://versionista.com/444847/24105049/65028434/",
"https://courts.ca.gov","CA Superior Courts",monitored,"California","https://www.merced.courts.ca.gov/",monitored,2,2026-05-19T19:28:22Z,every 2 days,2026-05-21T18:27:10Z,200 OK,2026-05-27T15:01:07Z,"Home | Superior Court of California | County of Merced","Merced - Home Page","","https://versionista.com/444847/24105050/65057286/","https://versionista.com/444847/24105050/65057286:0/"
"https://courts.ca.gov","CA Superior Courts",monitored,"California","https://www.merced.courts.ca.gov/forms-filing/local-rules",monitored,2,2026-05-19T19:28:45Z,every 2 days,2026-05-21T19:05:22Z,200 OK,2026-05-27T16:42:14Z,"Local Rules | Superior Court of California | County of Merced","Merced - Local Rules","","https://versionista.com/444847/24105051/65057631/","https://versionista.com/444847/24105051/65057631:0/"
"https://courts.ca.gov","CA Superior Courts",monitored,"California","https://www.modoc.courts.ca.gov/",monitored,1,2026-05-19T19:29:25Z,every 2 days,2026-05-19T19:32:52Z,200 OK,2026-05-27T15:18:25Z,"Home | Superior Court of California | County of Modoc","Modoc - Home Page","","https://versionista.com/444847/24105064/65028478/",
"https://courts.ca.gov","CA Superior Courts",monitored,"California","https://www.modoc.courts.ca.gov/general-information/local-rules",monitored,1,2026-05-19T19:29:46Z,every 2 days,2026-05-19T19:38:40Z,200 OK,2026-05-27T15:40:05Z,"Local Rules | Superior Court of California | County of Modoc","Modoc - Local Rules","","https://versionista.com/444847/24105079/65028545/",
"https://courts.ca.gov","CA Superior Courts",monitored,"California","https://www.madera.courts.ca.gov/",monitored,1,2026-05-19T19:34:31Z,every 2 days,2026-05-19T19:42:36Z,200 OK,2026-05-27T15:43:23Z,"Home | Superior Court of California | County of Madera","Madera - Home Page","","https://versionista.com/444847/24105172/65028595/",
"https://courts.ca.gov","CA Superior Courts",monitored,"California","https://www.madera.courts.ca.gov/general-information/local-rules",monitored,1,2026-05-19T19:35:08Z,every 2 days,2026-05-19T19:43:24Z,200 OK,2026-05-27T15:19:33Z,"Local Rules | Superior Court of California | County of Madera","Madera - Local Rules","","https://versionista.com/444847/24105185/65028604/",
"https://courts.ca.gov","CA Superior Courts",monitored,"California","https://www.mono.courts.ca.gov/",monitored,2,2026-05-19T19:36:25Z,every 2 days,2026-05-27T15:58:13Z,200 OK,2026-05-27T15:58:13Z,"Home | Superior Court of California | County of Mono","Mono - Home Page","","https://versionista.com/444847/24105193/65131139/","https://versionista.com/444847/24105193/65131139:0/"
"https://courts.ca.gov","CA Superior Courts",monitored,"California","https://www.mono.courts.ca.gov/general-information/other-superior-courts-local-rules",monitored,2,2026-05-19T19:37:02Z,every 2 days,2026-05-21T19:28:17Z,200 OK,2026-05-27T16:55:05Z,"Other Superior Courts&#039; Local Rules | Superior Court of California | County of Mono","Mono - Local Rules","","https://versionista.com/444847/24105195/65057859/","https://versionista.com/444847/24105195/65057859:0/"
"https://courts.ca.gov","CA Superior Courts",monitored,"California","https://www.monterey.courts.ca.gov/",monitored,2,2026-05-19T19:37:28Z,every 2 days,2026-05-23T17:35:16Z,200 OK,2026-05-27T15:25:27Z,"Superior Court of California County of Monterey | Monterey","Monterey - Home Page","","https://versionista.com/444847/24105196/65084676/","https://versionista.com/444847/24105196/65084676:0/"
"https://courts.ca.gov","CA Superior Courts",monitored,"California","https://www.monterey.courts.ca.gov/general-information/local-rules-court",monitored,2,2026-05-19T19:37:50Z,every 2 days,2026-05-23T17:52:10Z,200 OK,2026-05-27T15:59:27Z,"Local Rules Of Court | Monterey","Monterey - Local Rules","","https://versionista.com/444847/24105200/65084804/","https://versionista.com/444847/24105200/65084804:0/"
"https://courts.ca.gov","CA Superior Courts",monitored,"California","https://www.napa.courts.ca.gov/",monitored,2,2026-05-19T19:38:14Z,every 2 days,2026-05-25T16:43:21Z,200 OK,2026-05-27T15:35:03Z,"Home | Superior Court of California | County of Napa","Napa - Home Page","","https://versionista.com/444847/24105201/65106571/","https://versionista.com/444847/24105201/65106571:0/"
"https://courts.ca.gov","CA Superior Courts",monitored,"California","https://www.napa.courts.ca.gov/general-information/local-rules",monitored,1,2026-05-19T19:41:51Z,every 2 days,2026-05-19T19:48:54Z,200 OK,2026-05-27T16:24:50Z,"Local Rules | Superior Court of California | County of Napa","Napa - Local Rules","","https://versionista.com/444847/24105270/65028671/",
"https://courts.ca.gov","CA Superior Courts",monitored,"California","https://www.nevada.courts.ca.gov/",monitored,1,2026-05-19T19:42:25Z,every 2 days,2026-05-19T19:54:18Z,200 OK,2026-05-27T17:14:07Z,"Home | Superior Court of California | County of Nevada","Nevada - Home Page","","https://versionista.com/444847/24105272/65028714/",
"https://courts.ca.gov","CA Superior Courts",monitored,"California","https://www.nevada.courts.ca.gov/forms-filing/rules-court",monitored,1,2026-05-19T19:42:52Z,every 2 days,2026-05-19T19:55:23Z,200 OK,2026-05-27T16:39:11Z,"Rules of Court | Superior Court of California | County of Nevada","Nevada - Local Rules","","https://versionista.com/444847/24105275/65028717/",
"https://courts.ca.gov","CA Superior Courts",monitored,"California","https://www.occourts.org/",monitored,2,2026-05-19T19:45:13Z,every 2 days,2026-05-23T19:01:34Z,200 OK,2026-05-27T17:02:30Z,"Home | Superior Court of California | County of Orange","Orange - Home Page","","https://versionista.com/444847/24105308/65085402/","https://versionista.com/444847/24105308/65085402:0/"
"https://courts.ca.gov","CA Superior Courts",monitored,"California","https://www.occourts.org/forms-filing/rules-court",monitored,2,2026-05-19T19:45:54Z,every 2 days,2026-05-23T18:23:18Z,200 OK,2026-05-27T16:14:01Z,"Rules of Court | Superior Court of California | County of Orange","Orange - Local Rules","","https://versionista.com/444847/24105309/65085093/","https://versionista.com/444847/24105309/65085093:0/"
"https://courts.ca.gov","CA Superior Courts",monitored,"California","https://www.placer.courts.ca.gov/",monitored,1,2026-05-19T19:46:14Z,every 2 days,2026-05-19T19:51:37Z,200 OK,2026-05-27T15:17:09Z,"Home | Placer County Superior Court","Placer - Home Page","","https://versionista.com/444847/24105313/65028694/",
"https://courts.ca.gov","CA Superior Courts",monitored,"California","https://www.placer.courts.ca.gov/forms-filing/local-rules-court",monitored,1,2026-05-19T19:46:35Z,every 2 days,2026-05-19T19:56:24Z,200 OK,2026-05-27T15:44:59Z,"Local Rules of Court | Placer County Superior Court","Placer - Local Rules","","https://versionista.com/444847/24105314/65028728/",
"https://courts.ca.gov","CA Superior Courts",monitored,"California","https://plumas.courts.ca.gov/",monitored,3,2026-05-19T19:46:53Z,every 2 days,2026-05-27T15:32:59Z,200 OK,2026-05-27T15:32:59Z,"Home | Superior Court of California | County of Plumas","Plumas - Home Page","","https://versionista.com/444847/24105315/65130940/","https://versionista.com/444847/24105315/65130940:0/"
"https://courts.ca.gov","CA Superior Courts",monitored,"California","https://plumas.courts.ca.gov/general-information/local-rules",monitored,3,2026-05-19T19:47:21Z,every 2 days,2026-05-27T15:46:42Z,200 OK,2026-05-27T15:46:42Z,"Local Rules | Superior Court of California | County of Plumas","Plumas - Local Rules","","https://versionista.com/444847/24105316/65131046/","https://versionista.com/444847/24105316/65131046:0/"
"https://courts.ca.gov","CA Superior Courts",monitored,"California","https://www.saccourt.ca.gov/",monitored,4,2026-05-19T19:50:09Z,every 2 days,2026-05-25T17:06:03Z,200 OK,2026-05-27T16:06:54Z,"Superior Court of California - County of Sacramento","Sacramento - Home Page","","https://versionista.com/444847/24105324/65106745/","https://versionista.com/444847/24105324/65106745:0/"
"https://courts.ca.gov","CA Superior Courts",monitored,"California","https://www.saccourt.ca.gov/local-rules/local-rules.aspx",monitored,2,2026-05-19T19:50:28Z,every 2 days,2026-05-21T20:09:15Z,200 OK,2026-05-27T17:04:01Z,"Local Rules: Sacramento Superior Court","Sacramento - Local Rules","","https://versionista.com/444847/24105325/65058236/","https://versionista.com/444847/24105325/65058236:0/"
"https://courts.ca.gov","CA Superior Courts",monitored,"California","https://www.saccourt.ca.gov/civil/complex-civil-cases.aspx",monitored,5,2026-05-19T19:51:10Z,every 2 days,2026-05-27T15:49:54Z,200 OK,2026-05-27T15:49:54Z,"Complex Civil Cases: Sacramento Superior Court","Sacramento - Complex Civil Guidelines","","https://versionista.com/444847/24105328/65131080/","https://versionista.com/444847/24105328/65131080:0/"
"https://courts.ca.gov","CA Superior Courts",monitored,"California","https://www.riverside.courts.ca.gov/",monitored,4,2026-05-19T19:51:46Z,every 2 days,2026-05-27T15:28:54Z,403 Forbidden,2026-05-27T15:28:54Z,"Just a moment...","Riverside - Home Page","","https://versionista.com/444847/24105329/65130909/","https://versionista.com/444847/24105329/65130909:0/"
"https://courts.ca.gov","CA Superior Courts",monitored,"California","https://www.riverside.courts.ca.gov/general-information/local-rules",monitored,4,2026-05-19T19:52:02Z,every 2 days,2026-05-27T16:03:33Z,403 Forbidden,2026-05-27T16:03:33Z,"Just a moment...","Riverside - Local Rules","","https://versionista.com/444847/24105335/65131190/","https://versionista.com/444847/24105335/65131190:0/"
"https://courts.ca.gov","CA Superior Courts",monitored,"California","https://www.sanbenito.courts.ca.gov/",monitored,3,2026-05-19T19:53:32Z,every 2 days,2026-05-27T16:05:22Z,200 OK,2026-05-27T16:05:22Z,"Home | Superior Court of California | County of San Benito","San Benito - Home Page","","https://versionista.com/444847/24105336/65131213/","https://versionista.com/444847/24105336/65131213:0/"
"https://courts.ca.gov","CA Superior Courts",monitored,"California","https://www.sanbenito.courts.ca.gov/general-information/local-rules",monitored,2,2026-05-19T19:53:52Z,every 2 days,2026-05-27T16:26:23Z,200 OK,2026-05-27T16:26:23Z,"Local Rules | Superior Court of California | County of San Benito","San Benito - Local Rules","","https://versionista.com/444847/24105337/65131403/","https://versionista.com/444847/24105337/65131403:0/"
"https://courts.ca.gov","CA Superior Courts",monitored,"California","https://sanbernardino.courts.ca.gov/",monitored,3,2026-05-19T19:54:13Z,every 2 days,2026-05-23T18:32:52Z,200 OK,2026-05-27T16:20:43Z,"Home | Superior Court of California | County of San Bernardino","San Bernardino - Home Page","","https://versionista.com/444847/24105338/65085172/","https://versionista.com/444847/24105338/65085172:0/"
"https://courts.ca.gov","CA Superior Courts",monitored,"California","https://sanbernardino.courts.ca.gov/forms-filing/local-rules-court",monitored,2,2026-05-19T19:54:31Z,every 2 days,2026-05-21T19:24:20Z,200 OK,2026-05-27T16:31:56Z,"Local Rules of Court | Superior Court of California | County of San Bernardino","San Bernardino - Local Rules","","https://versionista.com/444847/24105339/65057821/","https://versionista.com/444847/24105339/65057821:0/"
"https://courts.ca.gov","CA Superior Courts",monitored,"California","https://sf.courts.ca.gov/",monitored,1,2026-05-19T19:54:53Z,every 2 days,2026-05-19T19:57:10Z,200 OK,2026-05-27T15:36:31Z,"Home | Superior Court of California | County of San Francisco","San Francisco - Home Page","","https://versionista.com/444847/24105340/65028733/",
"https://courts.ca.gov","CA Superior Courts",monitored,"California","https://sf.courts.ca.gov/general-information/san-francisco-local-rules-court",monitored,1,2026-05-19T19:55:13Z,every 2 days,2026-05-19T20:00:04Z,200 OK,2026-05-27T16:27:53Z,"San Francisco Local Rules of Court | Superior Court of California | County of San Francisco","San Francisco - Local Rules","","https://versionista.com/444847/24105341/65028763/",
"https://courts.ca.gov","CA Superior Courts",monitored,"California","https://www.sdcourt.ca.gov/",monitored,2,2026-05-19T19:57:15Z,every 2 days,2026-05-21T18:58:12Z,200 OK,2026-05-27T15:54:10Z,"Home | Superior Court of California - County of San Diego","San Diego - Home Page","","https://versionista.com/444847/24105343/65057549/","https://versionista.com/444847/24105343/65057549:0/"
"https://courts.ca.gov","CA Superior Courts",monitored,"California","https://www.sdcourt.ca.gov/sdcourt/generalinformation/localrulesofcourt",monitored,1,2026-05-19T19:57:30Z,every 2 days,2026-05-19T20:09:37Z,200 OK,2026-05-27T15:48:31Z,"Rules of Court | Superior Court of California - County of San Diego","San Diego - Local Rules","","https://versionista.com/444847/24105345/65028858/",
"https://courts.ca.gov","CA Superior Courts",monitored,"California","https://www.slo.courts.ca.gov/",monitored,3,2026-05-19T19:57:51Z,every 2 days,2026-05-27T16:00:46Z,200 OK,2026-05-27T16:00:46Z,"Home | Superior Court of California | County of San Luis Obispo","San Luis Obispo - Home Page","","https://versionista.com/444847/24105346/65131160/","https://versionista.com/444847/24105346/65131160:0/"
"https://courts.ca.gov","CA Superior Courts",monitored,"California","https://www.slo.courts.ca.gov/forms-filing/local-rules",monitored,2,2026-05-19T19:58:20Z,every 2 days,2026-05-27T16:11:30Z,200 OK,2026-05-27T16:11:30Z,"Local Rules | Superior Court of California | County of San Luis Obispo","San Luis Obispo - Local Rules","","https://versionista.com/444847/24105349/65131270/","https://versionista.com/444847/24105349/65131270:0/"
"https://courts.ca.gov","CA Superior Courts",monitored,"California","https://sanmateo.courts.ca.gov/",monitored,1,2026-05-19T19:58:37Z,every 2 days,2026-05-19T20:12:23Z,200 OK,2026-05-27T16:52:06Z,"Home | Superior Court of California | County of San Mateo","San Mateo - Home Page","","https://versionista.com/444847/24105350/65028892/",
"https://courts.ca.gov","CA Superior Courts",monitored,"California","https://www.santabarbara.courts.ca.gov/",monitored,1,2026-05-19T20:02:39Z,every 2 days,2026-05-19T20:04:38Z,200 OK,2026-05-27T15:38:22Z,"Home | Superior Court of California | County of Santa Barbara","Santa Barbara - Home Page","","https://versionista.com/444847/24105357/65028809/",
"https://courts.ca.gov","CA Superior Courts",monitored,"California","https://www.santabarbara.courts.ca.gov/forms-filing/local-rules",monitored,1,2026-05-19T20:03:01Z,every 2 days,2026-05-19T20:10:28Z,200 OK,2026-05-27T17:18:23Z,"Local Rules | Superior Court of California | County of Santa Barbara","Santa Barbara - Local Rules","","https://versionista.com/444847/24105358/65028874/",
"https://courts.ca.gov","CA Superior Courts",monitored,"California","https://www.santabarbara.courts.ca.gov/forms-filing/local-rules/proposed-local-rulesforms",monitored,1,2026-05-19T20:03:29Z,every 2 days,2026-05-19T20:29:29Z,200 OK,2026-05-27T16:50:46Z,"Proposed Local Rules/Forms | Superior Court of California | County of Santa Barbara","Santa Barbara - Proposed Local Rules","","https://versionista.com/444847/24105359/65029068/",
"https://courts.ca.gov","CA Superior Courts",monitored,"California","https://santaclara.courts.ca.gov/",monitored,3,2026-05-19T20:03:57Z,every 2 days,2026-05-27T16:48:13Z,200 OK,2026-05-27T16:48:13Z,"Home | Superior Court of California | County of Santa Clara","Santa Clara - Home Page","","https://versionista.com/444847/24105362/65131612/","https://versionista.com/444847/24105362/65131612:0/"
"https://courts.ca.gov","CA Superior Courts",monitored,"California","https://santaclara.courts.ca.gov/general-information/local-rules-court",monitored,2,2026-05-19T20:04:15Z,every 2 days,2026-05-21T19:23:02Z,200 OK,2026-05-27T16:23:17Z,"Local Rules of Court | Superior Court of California | County of Santa Clara","Santa Clara - Local Rules","","https://versionista.com/444847/24105363/65057816/","https://versionista.com/444847/24105363/65057816:0/"
"https://courts.ca.gov","CA Superior Courts",monitored,"California","https://www.santacruz.courts.ca.gov/",monitored,1,2026-05-19T20:04:37Z,every 2 days,2026-05-19T20:08:04Z,200 OK,2026-05-27T17:08:14Z,"Home | Superior Court of California | County of Santa Cruz","Santa Cruz - Home Page","","https://versionista.com/444847/24105364/65028845/",
"https://courts.ca.gov","CA Superior Courts",monitored,"California","https://www.santacruz.courts.ca.gov/forms-filing/local-rules",monitored,1,2026-05-19T20:04:52Z,every 2 days,2026-05-19T20:23:15Z,200 OK,2026-05-27T16:33:10Z,"Local Rules | Superior Court of California | County of Santa Cruz","Santa Cruz - Local Rules","","https://versionista.com/444847/24105365/65029014/",
"https://courts.ca.gov","CA Superior Courts",monitored,"California","https://shasta.courts.ca.gov/",monitored,1,2026-05-19T20:06:42Z,every 2 days,2026-05-19T20:13:21Z,200 OK,2026-05-27T16:12:37Z,"Home | Superior Court of California | County of Shasta","Shasta - Home Page","","https://versionista.com/444847/24105382/65028908/",
"https://courts.ca.gov","CA Superior Courts",monitored,"California","https://shasta.courts.ca.gov/general-information/local-rules-court",monitored,1,2026-05-19T20:06:57Z,every 2 days,2026-05-19T20:27:57Z,200 OK,2026-05-27T16:22:08Z,"Local Rules of Court | Superior Court of California | County of Shasta","Shasta - Local Rules","","https://versionista.com/444847/24105384/65029058/",
"https://courts.ca.gov","CA Superior Courts",monitored,"California","https://www.sierra.courts.ca.gov/",monitored,1,2026-05-19T20:07:20Z,every 2 days,2026-05-19T20:22:04Z,200 OK,2026-05-27T16:36:11Z,"Home | Judicial Council of California | County of Sierra","Sierra - Home Page","","https://versionista.com/444847/24105385/65029006/",
"https://courts.ca.gov","CA Superior Courts",monitored,"California","https://www.sierra.courts.ca.gov/forms-filing",monitored,1,2026-05-19T20:07:43Z,every 2 days,2026-05-19T20:18:08Z,200 OK,2026-05-27T17:22:16Z,"Forms &amp; Filing | Judicial Council of California | County of Sierra","Sierra - Local Rules","","https://versionista.com/444847/24105386/65028969/",
"https://courts.ca.gov","CA Superior Courts",monitored,"California","https://www.siskiyou.courts.ca.gov/",monitored,1,2026-05-19T20:08:05Z,every 2 days,2026-05-19T20:08:55Z,200 OK,2026-05-27T17:06:42Z,"Home | Superior Court of California | County of Siskiyou","Siskiyou - Home Page","","https://versionista.com/444847/24105387/65028848/",
"https://courts.ca.gov","CA Superior Courts",monitored,"California","https://www.siskiyou.courts.ca.gov/general-information/local-rules-standing-orders",monitored,1,2026-05-19T20:08:29Z,every 2 days,2026-05-19T20:17:13Z,200 OK,2026-05-27T15:55:27Z,"Local Rules &amp; Standing Orders | Superior Court of California | County of Siskiyou","Siskiyou - Local Rules","","https://versionista.com/444847/24105389/65028951/",
"https://courts.ca.gov","CA Superior Courts",monitored,"California","https://solano.courts.ca.gov/",monitored,4,2026-05-19T20:11:19Z,every 2 days,2026-05-27T16:46:52Z,200 OK,2026-05-27T16:46:52Z,"Home | Superior Court of California | County of Solano","Solano - Home Page","","https://versionista.com/444847/24105394/65131599/","https://versionista.com/444847/24105394/65131599:0/"
"https://courts.ca.gov","CA Superior Courts",monitored,"California","https://solano.courts.ca.gov/general-information/local-rules-court",monitored,2,2026-05-19T20:11:36Z,every 2 days,2026-05-21T19:08:12Z,200 OK,2026-05-27T15:42:04Z,"Local Rules of Court | Superior Court of California | County of Solano","Solano - Local Rules","","https://versionista.com/444847/24105395/65057673/","https://versionista.com/444847/24105395/65057673:0/"
"https://courts.ca.gov","CA Superior Courts",monitored,"California","https://sonoma.courts.ca.gov/",monitored,1,2026-05-19T20:11:52Z,every 2 days,2026-05-19T20:21:06Z,200 OK,2026-05-27T16:58:16Z,"Home | Superior Court of California | County of Sonoma","Sonoma - Home Page","","https://versionista.com/444847/24105424/65028997/",
"https://courts.ca.gov","CA Superior Courts",monitored,"California","https://sonoma.courts.ca.gov/general-information/local-rules",monitored,1,2026-05-19T20:12:09Z,every 2 days,2026-05-19T20:20:08Z,200 OK,2026-05-27T16:30:34Z,"Local Rules | Superior Court of California | County of Sonoma","Sonoma - Local Rules","","https://versionista.com/444847/24105425/65028983/",
"https://courts.ca.gov","CA Superior Courts",monitored,"California","https://www.stanislaus.courts.ca.gov/",monitored,2,2026-05-19T20:37:29Z,every 2 days,2026-05-21T20:13:35Z,200 OK,2026-05-27T16:53:24Z,"Home | Superior Court of California | County of Stanislaus","Stanislaus - Home Page","","https://versionista.com/444847/24105543/65058281/","https://versionista.com/444847/24105543/65058281:0/"
"https://courts.ca.gov","CA Superior Courts",monitored,"California","https://www.stanislaus.courts.ca.gov/general-information/local-rules-fee-and-bail-schedules",monitored,1,2026-05-19T20:37:51Z,every 2 days,2026-05-19T20:39:47Z,200 OK,2026-05-27T17:20:03Z,"Local Rules &amp; Fee and Bail Schedules | Superior Court of California | County of Stanislaus","Stanislaus - Local Rules","","https://versionista.com/444847/24105544/65029169/",
"https://courts.ca.gov","CA Superior Courts",monitored,"California","https://www.sutter.courts.ca.gov/",monitored,1,2026-05-19T20:38:17Z,every 2 days,2026-05-19T20:38:59Z,200 OK,2026-05-27T16:08:20Z,"Home | Superior Court of California | County of Sutter","Sutter - Home Page","","https://versionista.com/444847/24105546/65029161/",
"https://courts.ca.gov","CA Superior Courts",monitored,"California","https://www.sutter.courts.ca.gov/general-information/local-rules-court",monitored,1,2026-05-19T20:38:38Z,every 2 days,2026-05-19T20:41:02Z,200 OK,2026-05-27T17:26:40Z,"Local Rules of Court | Superior Court of California | County of Sutter","Sutter - Local Rules","","https://versionista.com/444847/24105551/65029183/",
"https://courts.ca.gov","CA Superior Courts",monitored,"California","https://www.tehama.courts.ca.gov/",monitored,2,2026-05-19T20:42:12Z,every 2 days,2026-05-23T18:34:13Z,200 OK,2026-05-27T16:18:14Z,"Home | Superior Court of California, County of Tehama","Tehama - Home Page","","https://versionista.com/444847/24105564/65085185/","https://versionista.com/444847/24105564/65085185:0/"
"https://courts.ca.gov","CA Superior Courts",monitored,"California","https://www.tehama.courts.ca.gov/general-information/local-rules",monitored,1,2026-05-19T20:42:31Z,every 2 days,2026-05-19T20:44:17Z,200 OK,2026-05-27T17:28:19Z,"Local Rules | Superior Court of California, County of Tehama","Tehama - Local Rules","","https://versionista.com/444847/24105565/65029220/",
"https://courts.ca.gov","CA Superior Courts",monitored,"California","https://www.trinity.courts.ca.gov/",monitored,3,2026-05-19T20:43:00Z,every 2 days,2026-05-23T19:09:50Z,200 OK,2026-05-27T16:56:39Z,"Home | Superior Court of California | County of Trinity","Trinity - Home Page","","https://versionista.com/444847/24105567/65085494/","https://versionista.com/444847/24105567/65085494:0/"
"https://courts.ca.gov","CA Superior Courts",monitored,"California","https://www.trinity.courts.ca.gov/general-information/local-rules",monitored,1,2026-05-19T20:43:15Z,every 2 days,2026-05-19T20:56:11Z,200 OK,2026-05-27T16:43:56Z,"Local Rules | Superior Court of California | County of Trinity","Trinity - Local Rules","","https://versionista.com/444847/24105568/65029327/",
"https://courts.ca.gov","CA Superior Courts",monitored,"California","https://www.tulare.courts.ca.gov/",monitored,5,2026-05-19T20:43:35Z,every 2 days,2026-05-27T17:15:41Z,200 OK,2026-05-27T17:15:41Z,"Home | Superior Court of California | County of Tulare","Tulare - Home Page","","https://versionista.com/444847/24105571/65131871/","https://versionista.com/444847/24105571/65131871:0/"
"https://courts.ca.gov","CA Superior Courts",monitored,"California","https://www.tulare.courts.ca.gov/forms-filing",monitored,2,2026-05-19T20:43:48Z,every 2 days,2026-05-21T19:59:59Z,200 OK,2026-05-27T17:00:12Z,"Forms &amp; Filing | Superior Court of California | County of Tulare","Tulare - Local Rules","","https://versionista.com/444847/24105573/65058141/","https://versionista.com/444847/24105573/65058141:0/"
"https://courts.ca.gov","CA Superior Courts",monitored,"California","https://www.tuolumne.courts.ca.gov/",monitored,3,2026-05-19T20:44:05Z,every 2 days,2026-05-23T19:14:20Z,200 OK,2026-05-27T17:01:21Z,"Home | Superior Court of California | County of Tuolumne","Tuolumne - Home Page","","https://versionista.com/444847/24105574/65085533/","https://versionista.com/444847/24105574/65085533:0/"
"https://courts.ca.gov","CA Superior Courts",monitored,"California","https://www.tuolumne.courts.ca.gov/forms-filing/local-rules",monitored,1,2026-05-19T20:44:23Z,every 2 days,2026-05-19T20:48:23Z,200 OK,2026-05-27T16:49:37Z,"Local Rules | Superior Court of California | County of Tuolumne","Tuolumne - Local Rules","","https://versionista.com/444847/24105576/65029264/",
"https://courts.ca.gov","CA Superior Courts",monitored,"California","https://ventura.courts.ca.gov/",monitored,1,2026-05-19T20:45:39Z,every 2 days,2026-05-19T20:55:18Z,200 OK,2026-05-27T17:24:57Z,"Home | Superior Court of California | County of Ventura","Ventura - Home Page","","https://versionista.com/444847/24105578/65029324/",
"https://courts.ca.gov","CA Superior Courts",monitored,"California","https://ventura.courts.ca.gov/general-information/local-rules-court",monitored,2,2026-05-19T20:45:55Z,every 2 days,2026-05-23T19:27:22Z,200 OK,2026-05-27T17:31:23Z,"Local Rules of Court | Superior Court of California | County of Ventura","Ventura - Local Rules","","https://versionista.com/444847/24105580/65085665/","https://versionista.com/444847/24105580/65085665:0/"
"https://courts.ca.gov","CA Superior Courts",monitored,"California","https://www.yolo.courts.ca.gov/",monitored,4,2026-05-19T20:46:14Z,every 2 days,2026-05-27T16:37:36Z,200 OK,2026-05-27T16:37:36Z,"Home | County of Yolo","Yolo - Home Page","","https://versionista.com/444847/24105582/65131521/","https://versionista.com/444847/24105582/65131521:0/"
"https://courts.ca.gov","CA Superior Courts",monitored,"California","https://www.yolo.courts.ca.gov/general-information/local-rules-news-notices-orders-and-policies",monitored,3,2026-05-19T20:46:27Z,every 2 days,2026-05-23T19:21:40Z,200 OK,2026-05-27T17:16:51Z,"Local Rules, News, Notices, Orders and Policies | County of Yolo","Yolo - Local Rules","","https://versionista.com/444847/24105583/65085597/","https://versionista.com/444847/24105583/65085597:0/"
"https://courts.ca.gov","CA Superior Courts",monitored,"California","https://www.yuba.courts.ca.gov/",monitored,3,2026-05-19T20:47:03Z,every 2 days,2026-05-27T17:12:42Z,200 OK,2026-05-27T17:12:42Z,"Home | Superior Court of California | County of Yuba","Yuba - Home Page","","https://versionista.com/444847/24105585/65131843/","https://versionista.com/444847/24105585/65131843:0/"
"https://courts.ca.gov","CA Superior Courts",monitored,"California","https://www.yuba.courts.ca.gov/general-information/local-rules-court-superior-court-california-county-yuba",monitored,1,2026-05-19T20:47:18Z,every 2 days,2026-05-19T20:50:21Z,200 OK,2026-05-27T17:35:58Z,"Local Rules of Court- Superior Court of California, County of Yuba | Superior Court of California | County of Yuba","Yuba - Local Rules","","https://versionista.com/444847/24105587/65029286/",
"https://courts.ca.gov","CA Superior Courts",monitored,"California","https://courts.ca.gov/forms-rules/rules-court/local-rules",monitored,1,2026-05-19T21:18:40Z,every 2 days,2026-05-19T21:18:57Z,200 OK,2026-05-27T17:34:31Z,"Local Rules | Judicial Branch of California","Superior Courts - Local Rules","","https://versionista.com/444847/24105736/65029551/",
"https://courts.ca.gov","CA Superior Courts",monitored,"California","https://www.calaveras.courts.ca.gov/general-orders",monitored,1,2026-05-27T23:06:37Z,every 2 days,2026-05-27T23:06:40Z,200 OK,2026-05-27T23:06:40Z,"General Orders | Superior Court of California | County of Calaveras","Calaveras - General Orders","","https://versionista.com/444847/24122605/65134358/",
"https://courts.ca.gov","CA Superior Courts",monitored,"California","https://www.eldorado.courts.ca.gov/general-information/standing-orders",monitored,1,2026-05-27T23:10:42Z,every 2 days,2026-05-27T23:10:48Z,200 OK,2026-05-27T23:10:48Z,"Standing Orders | Superior Court of California | County of El Dorado","El Dorado - Standing Orders","","https://versionista.com/444847/24122609/65134408/",
"https://www.coloradojudicial.gov","CO Appellate Courts",monitored,"Colorado","https://www.coloradojudicial.gov/supreme-court",monitored,6,2026-04-20T23:07:32Z,every 2 days,2026-05-22T05:09:25Z,200 OK,2026-05-28T01:45:37Z,"Supreme Court | Colorado Judicial Branch","Supreme Court - Home Page","","https://versionista.com/444849/24049373/65063014/","https://versionista.com/444849/24049373/65063014:0/"
"https://www.coloradojudicial.gov","CO Appellate Courts",monitored,"Colorado","https://www.coloradojudicial.gov/court-appeals",monitored,8,2026-04-21T19:40:20Z,every 2 days,2026-05-21T02:16:51Z,200 OK,2026-05-26T22:55:19Z,"Court of Appeals | Colorado Judicial Branch","Court of Appeals - Home Page","","https://versionista.com/444849/24050288/65046928/","https://versionista.com/444849/24050288/65046928:0/"
"https://www.coloradojudicial.gov","CO Appellate Courts",monitored,"Colorado","https://www.coloradojudicial.gov/supreme-court/adopted-proposed-rule-changes",monitored,6,2026-04-21T20:17:15Z,every 2 days,2026-05-09T09:59:11Z,200 OK,2026-05-27T00:08:29Z,"Adopted &amp; Proposed Rule Changes | Colorado Judicial Branch","Adopted/Proposed Rule Changes","","https://versionista.com/444849/24050311/64898012/","https://versionista.com/444849/24050311/64898012:0/"
"https://www.coloradojudicial.gov","CO Water Courts",monitored,"Colorado","https://www.coloradojudicial.gov/water-courts",monitored,4,2026-04-20T23:12:19Z,every 2 days,2026-05-08T12:46:50Z,200 OK,2026-05-28T01:35:53Z,"Water Courts | Colorado Judicial Branch","Home Page","","https://versionista.com/444850/24049379/64886156/","https://versionista.com/444850/24049379/64886156:0/"
"https://www.coloradojudicial.gov","CO Water Courts",monitored,"Colorado","https://www.coloradojudicial.gov/water-courts/division-2",monitored,9,2026-04-21T19:31:26Z,every 2 days,2026-05-21T02:10:39Z,200 OK,2026-05-26T22:47:17Z,"Division 2 | Colorado Judicial Branch","Division 2 - Home Page","","https://versionista.com/444850/24050281/65046882/","https://versionista.com/444850/24050281/65046882:0/"
"https://www.coloradojudicial.gov","CO Water Courts",monitored,"Colorado","https://www.coloradojudicial.gov/sites/default/files/2023-06/Water%20Division%202%20Administrative%20Order%20Amended%20March%202019.pdf",monitored,1,2026-04-21T19:33:37Z,every 2 days,2026-04-21T19:33:43Z,200 OK,2026-05-26T23:03:24Z,"","Division 2 - Administrative Order (PDF)","","https://versionista.com/444850/24050282/64667890/",
"https://www.coloradojudicial.gov","CO Water Courts",monitored,"Colorado","https://www.coloradojudicial.gov/water-courts/division-1?topic=153&wrapped=true",monitored,10,2026-04-21T19:36:04Z,every 2 days,2026-05-15T06:25:49Z,200 OK,2026-05-26T23:42:18Z,"Division 1 | Colorado Judicial Branch","Division 1 - Home Page","","https://versionista.com/444850/24050286/64972345/","https://versionista.com/444850/24050286/64972345:0/"
"https://www.coloradojudicial.gov","CO Water Courts",monitored,"Colorado","https://www.coloradojudicial.gov/sites/default/files/2024-06/2023_9_8%2023CW1%20-%20Revised%20Division%201%20Water%20Court%20Policies.pdf",monitored,1,2026-04-21T19:37:07Z,every 2 days,2026-04-21T19:37:24Z,200 OK,2026-05-26T22:53:18Z,"","Division 1 - Court Policies (PDF)","","https://versionista.com/444850/24050287/64667929/",
"https://coa1.azcourts.gov","AZ Appellate Courts",monitored,"Arizona","https://coa1.azcourts.gov/",monitored,3,2026-04-23T22:53:54Z,every 2 days,2026-05-19T08:04:06Z,200 OK,2026-05-27T03:31:44Z,"Home","Court of Appeals - Division One (Home Page)","","https://versionista.com/444888/24052691/65021799/","https://versionista.com/444888/24052691/65021799:0/"
"https://coa1.azcourts.gov","AZ Appellate Courts",monitored,"Arizona","https://www.appeals2.az.gov/ODSPlus/apl2.cfm",monitored,3,2026-04-23T22:56:00Z,every 2 days,2026-05-21T07:03:25Z,200 OK,2026-05-27T03:49:16Z,"Arizona Court of Appeals - Division Two","Court of Appeals - Division Two (Home Page)","","https://versionista.com/444888/24052693/65050260/","https://versionista.com/444888/24052693/65050260:0/"
"https://coa1.azcourts.gov","AZ Appellate Courts",monitored,"Arizona","https://www.azcourts.gov/AZSupremeCourt",monitored,1,2026-04-23T22:58:06Z,every 2 days,2026-04-23T22:58:14Z,200 OK,2026-05-27T03:53:45Z,"AZ Supreme Court","Supreme Court - Home Page","","https://versionista.com/444888/24052694/64698465/",
"https://coa1.azcourts.gov","AZ Appellate Courts",monitored,"Arizona","https://govt.westlaw.com/azrules/Browse/Home/Arizona/ArizonaCourtRules/ArizonaStatutesCourtRules?guid=N0854C3F0715611DAA16E8D4AC7636430&transitionType=CategoryPageItem&contextData=(sc.Default)",monitored,3,2026-04-23T23:01:24Z,every 2 days,2026-05-17T09:18:23Z,200 OK,2026-05-27T03:51:07Z,"Browse &gt; Rules of Civil Appellate Procedure - Arizona Court Rules","Rules of Appellate Procedure","","https://versionista.com/444888/24052695/64999266/","https://versionista.com/444888/24052695/64999266:0/"
"https://coa1.azcourts.gov","AZ Appellate Courts",monitored,"Arizona","https://govt.westlaw.com/azrules/Browse/Home/Arizona/ArizonaCourtRules/ArizonaStatutesCourtRules?guid=N96EE7620715511DAA16E8D4AC7636430&transitionType=CategoryPageItem&contextData=(sc.Default)",monitored,3,2026-04-23T23:03:40Z,every 2 days,2026-05-17T09:22:35Z,200 OK,2026-05-27T03:55:26Z,"Browse &gt; Rules of the Supreme Court of Arizona - Arizona Court Rules","Rules of the Supreme Court","","https://versionista.com/444888/24052696/64999287/","https://versionista.com/444888/24052696/64999287:0/"
"https://georgiacourts.gov","GA State",monitored,"Georgia","https://georgiacourts.gov/",monitored,2,2026-04-24T20:37:34Z,every 2 days,2026-05-28T01:21:29Z,200 OK,2026-05-28T01:21:29Z,"Georgia Courts &#8211; Home","Georgia Judicial Branch","","https://versionista.com/444919/24053642/65135418/","https://versionista.com/444919/24053642/65135418:0/"
"https://georgiasuperiorcourts.org","GA Superior Courts",monitored,"Georgia","https://georgiasuperiorcourts.org/",paused,1,2026-04-24T20:52:11Z,every 2 days,2026-04-24T20:52:16Z,403 Forbidden,2026-05-10T11:36:49Z,"403 Forbidden","Home Page","","https://versionista.com/444920/24053648/64711104/",
"https://georgiasuperiorcourts.org","GA Superior Courts",monitored,"Georgia","https://georgiasuperiorcourts.org/find-my-local-superior-court/",paused,1,2026-04-24T20:53:27Z,every 2 days,2026-04-24T20:53:45Z,403 Forbidden,2026-05-10T11:44:50Z,"403 Forbidden","Superior Courts - Maps","","https://versionista.com/444920/24053650/64711121/",
"https://www.illinoiscourts.gov","IL Circuit Courts",monitored,"Illinois","https://www.illinoiscourts.gov/courts/circuit-court/",monitored,1,2026-04-27T21:41:49Z,every 2 days,2026-04-27T21:42:04Z,200 OK,2026-05-27T04:39:54Z,"The Circuit Court of Illinois","Home Page","","https://versionista.com/444932/24055973/64745829/",
"https://www.illinoiscourts.gov","IL Circuit Courts",monitored,"Illinois","https://www.cookcountycourtil.gov/",monitored,6,2026-04-27T21:42:40Z,every 2 days,2026-05-23T06:56:10Z,200 OK,2026-05-27T04:48:36Z,"Home | Circuit Court of Cook County","Cook - Home Page (News)","","https://versionista.com/444932/24055975/65078524/","https://versionista.com/444932/24055975/65078524:0/"
"https://www.illinoiscourts.gov","IL Circuit Courts",monitored,"Illinois","https://www.cookcountycourtil.gov/about/circuit-court-rules",monitored,2,2026-04-27T21:44:22Z,every 2 days,2026-05-23T07:16:48Z,200 OK,2026-05-27T05:17:02Z,"Circuit Court Rules | Circuit Court of Cook County","Cook - Local Rules","","https://versionista.com/444932/24055977/65078886/","https://versionista.com/444932/24055977/65078886:0/"
"https://www.illinoiscourts.gov","IL Circuit Courts",monitored,"Illinois","https://www.cookcountycourtil.gov/about/legal-court-holidays",monitored,2,2026-04-27T21:45:02Z,every 2 days,2026-05-23T06:54:10Z,200 OK,2026-05-27T04:33:00Z,"Legal Court Holidays | Circuit Court of Cook County","Cook - Holiday Schedule","","https://versionista.com/444932/24055978/65078488/","https://versionista.com/444932/24055978/65078488:0/"
"https://www.illinois.gov","IL State",monitored,"Illinois","https://www.illinois.gov/government/judicial-branch.html",monitored,3,2026-04-27T21:46:59Z,every 2 days,2026-05-19T09:19:00Z,200 OK,2026-05-27T04:48:36Z,"Judicial Branch","Illinois Judicial Branch","","https://versionista.com/444933/24055979/65022565/","https://versionista.com/444933/24055979/65022565:0/"
"https://www.illinois.gov","IL State",monitored,"Illinois","https://www.ilga.gov/",monitored,2,2026-04-27T21:47:56Z,every 2 days,2026-05-05T17:45:59Z,200 OK,2026-05-27T05:42:56Z,"Illinois General Assembly - Home Page","Illinois General Assembly","","https://versionista.com/444933/24055983/64847128/","https://versionista.com/444933/24055983/64847128:0/"
"https://www.illinois.gov","IL State",monitored,"Illinois","https://www.ilga.gov/Legislation/ILCS/Chapters",monitored,1,2026-04-27T21:48:49Z,every 2 days,2026-04-27T21:49:21Z,200 OK,2026-05-27T04:52:14Z,"Illinois General Assembly - Illinois Compiled Statutes","Illinois Compiled Statutes","","https://versionista.com/444933/24055984/64745928/",
"https://www.illinois.gov","IL State",monitored,"Illinois","https://www.illinoiscourts.gov/courts/additional-resources/holidays-and-closings/",monitored,4,2026-04-27T22:01:47Z,every 2 days,2026-05-17T10:52:08Z,200 OK,2026-05-27T05:07:26Z,"Court Holidays &amp; Closings for Courts and Administration","Holiday Schedule","","https://versionista.com/444933/24055991/64999954/","https://versionista.com/444933/24055991/64999954:0/"
"https://www.illinois.gov","IL State",monitored,"Illinois","https://www.illinoiscourts.gov/",monitored,8,2026-04-27T22:03:12Z,every 2 days,2026-05-23T07:48:48Z,200 OK,2026-05-27T05:32:26Z,"State of Illinois Office of the Illinois Courts","Illinois Courts","","https://versionista.com/444933/24055992/65079338/","https://versionista.com/444933/24055992/65079338:0/"
"https://www.illinoiscourts.gov","IL Appellate Courts",monitored,"Illinois","https://www.illinoiscourts.gov/courts/supreme-court/",monitored,1,2026-04-27T21:50:57Z,every 2 days,2026-04-27T21:51:07Z,200 OK,2026-05-27T04:55:26Z,"The Supreme Court of Illinois","Supreme Court - Home Page","","https://versionista.com/444934/24055986/64745953/",
"https://www.illinoiscourts.gov","IL Appellate Courts",monitored,"Illinois","https://www.illinoiscourts.gov/courts/appellate-court/",monitored,1,2026-04-27T21:53:13Z,every 2 days,2026-04-27T21:53:17Z,200 OK,2026-05-27T05:20:55Z,"Appellate Court","Court of Appeals - Home Page","","https://versionista.com/444934/24055987/64745981/",
"https://www.illinoiscourts.gov","IL Appellate Courts",monitored,"Illinois","https://www.illinoiscourts.gov/courts/appellate-court/appellate-court-local-rules/",monitored,2,2026-04-27T21:53:46Z,every 2 days,2026-05-19T09:34:22Z,200 OK,2026-05-27T05:11:35Z,"Appellate Court Local Rules","Rules of Appellate Procedure","","https://versionista.com/444934/24055988/65022732/","https://versionista.com/444934/24055988/65022732:0/"
"https://www.illinoiscourts.gov","IL Appellate Courts",monitored,"Illinois","https://www.illinoiscourts.gov/rules-law/supreme-court-rules/",monitored,1,2026-04-27T21:54:38Z,every 2 days,2026-04-27T21:55:57Z,200 OK,2026-05-27T04:50:47Z,"Supreme Court Rules","Rules of the Supreme Court","","https://versionista.com/444934/24055989/64746020/",
"https://www.in.gov","IN State",monitored,"Indiana","https://www.in.gov/courts/",monitored,2,2026-04-27T22:11:44Z,every 2 days,2026-05-07T16:18:44Z,200 OK,2026-05-27T04:50:50Z,"Indiana Judicial Branch: Judiciary Home","Indiana Judicial Branch","","https://versionista.com/444935/24056000/64874837/","https://versionista.com/444935/24056000/64874837:0/"
"https://www.in.gov","IN State",monitored,"Indiana","https://www.in.gov/courts/holidays/",monitored,1,2026-04-27T22:12:50Z,every 2 days,2026-04-27T22:14:48Z,200 OK,2026-05-27T05:47:52Z,"Indiana Judicial Branch: State Holidays","Holiday Schedule","","https://versionista.com/444935/24056002/64746288/",
"https://www.in.gov","IN State",monitored,"Indiana","https://www.in.gov/courts/public-records/orders/rules/",monitored,1,2026-04-27T22:13:29Z,every 2 days,2026-04-27T22:19:33Z,200 OK,2026-05-27T06:46:39Z,"Indiana Judicial Branch: Orders Amending Rules of Court","Orders Amending Rules","","https://versionista.com/444935/24056003/64746337/",
"https://www.in.gov","IN State",monitored,"Indiana","https://www.in.gov/courts/publications/rules/",monitored,1,2026-04-27T22:14:00Z,every 2 days,2026-04-27T22:18:24Z,200 OK,2026-05-27T05:55:37Z,"Indiana Judicial Branch: Rules of Court","Rules of Court","","https://versionista.com/444935/24056004/64746329/",
"https://www.in.gov","IN Circuit Courts",monitored,"Indiana","https://www.in.gov/courts/directory/",monitored,1,2026-04-27T22:22:04Z,every 2 days,2026-04-27T22:22:07Z,200 OK,2026-05-27T06:24:01Z,"Indiana Judicial Branch: Courts &amp; Clerks Offices","Circuit Courts - Directory","","https://versionista.com/444936/24056007/64746373/",
"https://www.in.gov","IN Circuit Courts",monitored,"Indiana","https://www.in.gov/courts/local/hamilton-county/",monitored,1,2026-04-27T22:23:50Z,every 2 days,2026-04-27T22:24:07Z,200 OK,2026-05-27T06:30:31Z,"Indiana Judicial Branch: Hamilton County","Hamilton - Home Page","","https://versionista.com/444936/24056008/64746395/",
"https://www.in.gov","IN Circuit Courts",monitored,"Indiana","https://www.in.gov/courts/files/hamilton-local-rules.pdf",monitored,1,2026-04-27T22:24:44Z,every 2 days,2026-04-27T22:25:08Z,200 OK,2026-05-27T05:46:37Z,"","Hamilton - Local Rules (PDF)","","https://versionista.com/444936/24056009/64746405/",
"https://www.iowacourts.gov","IA State",monitored,"Iowa","https://www.iowacourts.gov/",monitored,11,2026-04-27T22:38:15Z,every 2 days,2026-05-27T05:38:55Z,200 OK,2026-05-27T05:38:55Z,"Administering Justice Under Law Equally To All Persons | Iowa Judicial Branch","Iowa Judicial Branch","","https://versionista.com/444937/24056021/65124955/","https://versionista.com/444937/24056021/65124955:0/"
"https://www.iowacourts.gov","IA State",monitored,"Iowa","https://www.legis.iowa.gov/",monitored,2,2026-04-27T22:39:21Z,every 2 days,2026-05-05T18:13:33Z,200 OK,2026-05-27T05:40:57Z,"Iowa Legislature","Iowa Legislature","","https://versionista.com/444937/24056023/64847411/","https://versionista.com/444937/24056023/64847411:0/"
"https://www.iowacourts.gov","IA State",monitored,"Iowa","https://www.legis.iowa.gov/law/courtRules/courtRulesListings",monitored,1,2026-04-27T22:41:13Z,every 2 days,2026-04-27T22:41:15Z,200 OK,2026-05-27T05:48:41Z,"Iowa Legislature - Court Rules","Rules of Court","","https://versionista.com/444937/24056031/64746616/",
"https://www.iowacourts.gov","IA State",monitored,"Iowa","https://das.iowa.gov/",monitored,5,2026-04-27T22:43:06Z,every 2 days,2026-05-09T15:45:47Z,200 OK,2026-05-27T05:32:46Z,"Welcome | Iowa Department of Administrative Services","Department of Administrative Services","","https://versionista.com/444937/24056033/64901287/","https://versionista.com/444937/24056033/64901287:0/"
"https://www.iowacourts.gov","IA State",monitored,"Iowa","https://das.iowa.gov/state-employees/state-accounting/centralized-payroll/state-holidays",monitored,6,2026-04-27T22:43:30Z,every 2 days,2026-05-23T08:12:31Z,200 OK,2026-05-27T05:59:25Z,"State Holidays | Iowa Department of Administrative Services","Holiday Schedule","","https://versionista.com/444937/24056034/65079620/","https://versionista.com/444937/24056034/65079620:0/"
"https://www.kycourts.gov","KY Circuit Courts",monitored,"Kentucky","https://www.kycourts.gov/Courts/Circuit-Court/Pages/default.aspx",monitored,1,2026-04-27T23:00:04Z,every 2 days,2026-04-27T23:00:25Z,200 OK,2026-05-27T05:48:33Z,"Circuit Court - Kentucky Court of Justice","Circuit Courts - Directory","","https://versionista.com/444938/24056061/64746846/",
"https://www.kycourts.gov","KY Circuit Courts",monitored,"Kentucky","https://www.kycourts.gov/Courts/Pages/Rules-of-Practice.aspx",monitored,1,2026-04-27T23:00:54Z,every 2 days,2026-04-27T23:01:52Z,200 OK,2026-05-27T06:01:12Z,"Local Rules of Practice&nbsp;- Kentucky Court of Justice","Jefferson - Local Rules","","https://versionista.com/444938/24056062/64746859/",
"https://www.kycourts.gov","KY Circuit Courts",monitored,"Kentucky","https://www.kycourts.gov/Courts/Rules%20of%20Practice/C30LOCALRULES.pdf",monitored,1,2026-04-27T23:01:27Z,every 2 days,2026-04-27T23:02:51Z,200 OK,2026-05-27T06:23:52Z,"","Jefferson - Local Rules (PDF)","","https://versionista.com/444938/24056063/64746866/",
"https://www.louisiana.gov","LA State",monitored,"Louisiana","https://www.louisiana.gov/government/judicial-branch/",monitored,1,2026-04-27T23:11:55Z,every 2 days,2026-04-27T23:13:01Z,200 OK,2026-05-27T06:46:55Z,"Judicial Branch - The official website of Louisiana","Louisiana Judicial Branch","","https://versionista.com/444939/24056076/64747009/",
"https://www.louisiana.gov","LA State",monitored,"Louisiana","https://www.laclerksofcourt.org/",monitored,3,2026-04-27T23:15:26Z,every 2 days,2026-05-17T12:05:06Z,200 OK,2026-05-27T06:41:15Z,"LA Clerks of Court Association","Louisiana Clerks of Courts Association","","https://versionista.com/444939/24056079/65000736/","https://versionista.com/444939/24056079/65000736:0/"
"https://www.louisiana.gov","LA State",monitored,"Louisiana","https://www.laclerksofcourt.org/holidays",monitored,2,2026-04-27T23:16:02Z,every 2 days,2026-05-05T19:05:40Z,200 OK,2026-05-27T06:53:37Z,"Holidays","Holiday Schedule","","https://versionista.com/444939/24056080/64848027/","https://versionista.com/444939/24056080/64848027:0/"
"https://www.louisiana.gov","LA Appellate Courts",monitored,"Louisiana","https://www.louisiana.gov/government/judicial-branch/",monitored,1,2026-04-27T23:16:57Z,every 2 days,2026-04-27T23:22:12Z,200 OK,2026-05-27T07:15:24Z,"Judicial Branch - The official website of Louisiana","Home Page","","https://versionista.com/444940/24056081/64747108/",
"https://www.louisiana.gov","LA Appellate Courts",monitored,"Louisiana","https://www.lasc.org/",monitored,8,2026-04-27T23:17:45Z,every 2 days,2026-05-23T08:25:05Z,200 OK,2026-05-27T06:25:49Z,"","Supreme Court - Home Page","","https://versionista.com/444940/24056082/65079768/","https://versionista.com/444940/24056082/65079768:0/"
"https://www.louisiana.gov","LA Appellate Courts",monitored,"Louisiana","https://www.lasc.org/CourtNews/",monitored,3,2026-04-27T23:18:49Z,every 2 days,2026-05-23T09:18:32Z,200 OK,2026-05-27T07:23:38Z,"","Supreme Court - News","","https://versionista.com/444940/24056083/65080313/","https://versionista.com/444940/24056083/65080313:0/"
"https://www.louisiana.gov","LA Appellate Courts",monitored,"Louisiana","https://www.lasc.org/SupremeCourtRules",monitored,2,2026-04-27T23:19:15Z,every 2 days,2026-05-23T08:43:06Z,200 OK,2026-05-27T06:35:08Z,"","Rules of the Supreme Court","","https://versionista.com/444940/24056084/65079965/","https://versionista.com/444940/24056084/65079965:0/"
"https://www.louisiana.gov","LA Appellate Courts",monitored,"Louisiana","https://www.la-fcca.org/",monitored,3,2026-04-28T22:12:53Z,every 2 days,2026-05-20T09:39:14Z,200 OK,2026-05-28T05:19:26Z,"Home - Court of Appeal, First Circuit","Court of Appeals - First Circuit ","","https://versionista.com/444940/24056962/65037105/","https://versionista.com/444940/24056962/65037105:0/"
"https://www.louisiana.gov","LA Appellate Courts",monitored,"Louisiana","https://cdnsm5-hosted2.civiclive.com/UserFiles/Servers/Server_161501/File/Clerks%20Office/First%20Circuit%20Local%20Rules/revised%20local%20rules.pdf",monitored,1,2026-04-28T22:37:21Z,every 2 days,2026-04-28T22:37:43Z,200 OK,2026-05-28T05:26:37Z,"","Rules of Appellate Procedure - First Circuit (PDF)","","https://versionista.com/444940/24056972/64760027/",
"https://www.mass.gov","MA Appellate Courts",monitored,"Massachusetts","https://www.mass.gov/orgs/appeals-court",paused,2,2026-04-28T23:16:11Z,every 2 days,2026-04-30T22:09:44Z,403 Forbidden,2026-04-30T22:09:44Z,"Not allowed | Mass Gov","Court of Appeals - Home Page","","https://versionista.com/444943/24057062/64788657/","https://versionista.com/444943/24057062/64788657:0/"
"https://www.courts.michigan.gov","MI Appellate Courts",monitored,"Michigan","https://www.courts.michigan.gov/courts/court-of-appeals/",monitored,1,2026-04-29T21:42:14Z,every 2 days,2026-04-29T21:42:19Z,200 OK,2026-05-27T06:17:57Z,"","Court of Appeals - Home Page","","https://versionista.com/444957/24058644/64772400/",
"https://www.courts.michigan.gov","MI Appellate Courts",monitored,"Michigan","https://www.courts.michigan.gov/courts/supreme-court/",monitored,1,2026-04-29T21:43:03Z,every 2 days,2026-04-29T21:43:32Z,200 OK,2026-05-27T06:41:40Z,"","Supreme Court - Home Page","","https://versionista.com/444957/24058645/64772420/",
"https://www.courts.michigan.gov","MI Appellate Courts",monitored,"Michigan","https://www.courts.michigan.gov/siteassets/rules-instructions-administrative-orders/michigan-court-rules/court-rules-book-ch-7-responsive-html5.zip/index.html",monitored,1,2026-04-29T21:43:31Z,every 2 days,2026-04-29T21:44:37Z,200 OK,2026-05-27T06:34:24Z,"Michigan Court Rules Chap 7. Appellate Rules","Rules of Appellate Procedure","","https://versionista.com/444957/24058646/64772437/",
"https://www.courts.michigan.gov","MI Appellate Courts",monitored,"Michigan","https://www.courts.michigan.gov/rules-administrative-orders-and-jury-instructions/proposed-adopted/michigan-court-rules/chapter-7-appellate-rules/",monitored,1,2026-04-29T21:46:36Z,every 2 days,2026-04-29T21:46:42Z,200 OK,2026-05-27T06:26:47Z,"","Proposed Rules/Amendments (Appellate Procedure)","","https://versionista.com/444957/24058653/64772472/",
"https://courts.mt.gov","MT Appellate Courts",monitored,"Montana","https://courts.mt.gov/Courts/Supreme/",paused,3,2026-04-29T22:34:37Z,every 2 days,2026-05-03T20:16:02Z,200 OK,2026-05-03T20:16:02Z,"Request Rejected","Supreme Court - Home Page","","https://versionista.com/444958/24058773/64823675/","https://versionista.com/444958/24058773/64823675:0/"
"https://courts.mt.gov","MT Appellate Courts",monitored,"Montana","https://courts.mt.gov/external/rules/mtr_app_pro.pdf",paused,3,2026-04-29T22:40:19Z,every 2 days,2026-05-03T20:28:43Z,200 OK,2026-05-03T20:28:43Z,"Request Rejected","Rules of Appellate Procedure (PDF)","","https://versionista.com/444958/24058783/64823788/","https://versionista.com/444958/24058783/64823788:0/"
"https://nebraskajudicial.gov","NE State",monitored,"Nebraska","https://nebraskajudicial.gov/",monitored,14,2026-04-29T22:42:35Z,every 2 days,2026-05-27T06:54:28Z,200 OK,2026-05-27T06:54:28Z,"Nebraska Judicial Branch","Nebraska Judicial Branch","","https://versionista.com/444959/24058787/65126437/","https://versionista.com/444959/24058787/65126437:0/"
"https://nebraskajudicial.gov","NE State",monitored,"Nebraska","https://nebraskajudicial.gov/personnel-and-miscellaneous-rules/nebraska-judicial-branch-personnel-policies-and-procedures-manual/26-authorized-leave/holidays",monitored,2,2026-04-29T22:43:19Z,every 2 days,2026-05-07T18:07:50Z,200 OK,2026-05-27T07:03:06Z,"A. Holidays | Nebraska Judicial Branch","Holiday Schedule","","https://versionista.com/444959/24058788/64876091/","https://versionista.com/444959/24058788/64876091:0/"
"https://nebraskajudicial.gov","NE Appellate Courts",monitored,"Nebraska","https://nebraskajudicial.gov/courts/court-appeals",monitored,2,2026-04-29T22:44:27Z,every 2 days,2026-05-07T18:24:38Z,200 OK,2026-05-27T06:51:51Z,"Court of Appeals | Nebraska Judicial Branch","Court of Appeals - Home Page","","https://versionista.com/444960/24058793/64876319/","https://versionista.com/444960/24058793/64876319:0/"
"https://nebraskajudicial.gov","NE Appellate Courts",monitored,"Nebraska","https://nebraskajudicial.gov/supreme-court-rules",monitored,2,2026-04-29T22:45:59Z,every 2 days,2026-05-07T18:17:26Z,200 OK,2026-05-27T06:49:31Z,"Supreme Court Rules | Nebraska Judicial Branch","Rules of the Supreme Court","","https://versionista.com/444960/24058794/64876229/","https://versionista.com/444960/24058794/64876229:0/"
"https://nvcourts.gov","NV Appellate Courts",monitored,"Nevada","https://nvcourts.gov/supreme",monitored,8,2026-04-29T22:56:11Z,every 2 days,2026-05-27T06:39:23Z,200 OK,2026-05-27T06:39:23Z,"Nevada Appellate Courts","Home Page (News)","","https://versionista.com/444961/24058832/65126103/","https://versionista.com/444961/24058832/65126103:0/"
"https://nvcourts.gov","NV Appellate Courts",monitored,"Nevada","https://nvcourts.gov/nevada_court_rules/nevada_appellate_court_rules2/nevada_rules_of_appellate_procedure",monitored,1,2026-04-29T22:58:21Z,every 2 days,2026-04-29T22:58:28Z,200 OK,2026-05-27T06:57:20Z,"Nevada Rules of Appellate Procedure | Nevada Judiciary","Rules of Appellate Procedure","","https://versionista.com/444961/24058834/64773559/",
"https://nvcourts.gov","NV District Courts",monitored,"Nevada","https://nvcourts.gov/find_a_court/district_courts",monitored,1,2026-04-29T23:00:20Z,every 2 days,2026-04-29T23:00:28Z,200 OK,2026-05-27T06:59:42Z,"District Courts | Nevada Judiciary","District Courts - Directory","","https://versionista.com/444962/24058837/64773582/",
"https://nvcourts.gov","NV District Courts",monitored,"Nevada","https://www.clarkcountycourts.us/",monitored,1,2026-04-29T23:03:27Z,every 2 days,2026-04-29T23:03:44Z,200 OK,2026-05-27T07:18:37Z,"Eighth Judicial District Court","Clark - Home Page","","https://versionista.com/444962/24058858/64773631/",
"https://nvcourts.gov","NV District Courts",monitored,"Nevada","https://www.clarkcountycourts.us/general/court-rules-and-administrative-orders/",monitored,1,2026-04-29T23:03:58Z,every 2 days,2026-04-29T23:05:16Z,200 OK,2026-05-27T07:14:52Z,"Court Rules and Administrative Orders &#8211; Eighth Judicial District Court","Clark - Local Rules","","https://versionista.com/444962/24058859/64773666/",
"https://nvcourts.gov","NV District Courts",monitored,"Nevada","https://www.clarkcountycourts.us/general/holidays/",monitored,1,2026-04-29T23:04:15Z,every 2 days,2026-04-29T23:08:10Z,200 OK,2026-05-27T07:46:45Z,"Holidays &#8211; Eighth Judicial District Court","Clark - Holiday Schedule","","https://versionista.com/444962/24058860/64773699/",
"https://nvcourts.gov","NV District Courts",monitored,"Nevada","https://www.washoecourts.com/",monitored,4,2026-04-29T23:05:12Z,every 2 days,2026-05-23T09:44:50Z,200 OK,2026-05-27T07:30:13Z,"Home - Washoe Courts","Washoe - Home Page","","https://versionista.com/444962/24058861/65080502/","https://versionista.com/444962/24058861/65080502:0/"
"https://nvcourts.gov","NV District Courts",monitored,"Nevada","https://www.washoecourts.com/AdminOrders",monitored,4,2026-04-29T23:05:55Z,every 2 days,2026-05-23T09:23:16Z,200 OK,2026-05-27T07:10:21Z,"Administrative Orders - Washoe Courts","Washoe - Administrative Orders","","https://versionista.com/444962/24058864/65080345/","https://versionista.com/444962/24058864/65080345:0/"
"https://nvcourts.gov","NV District Courts",monitored,"Nevada","https://www.leg.state.nv.us/courtrules/seconddcr.html",monitored,1,2026-04-29T23:08:54Z,every 2 days,2026-04-29T23:09:09Z,200 OK,2026-05-27T07:06:02Z,"Rules of Practice for the Second Judicial District Court of the State of Nevada","Washoe - Local Rules","","https://versionista.com/444962/24058867/64773723/",
"https://nvcourts.gov","NV District Courts",monitored,"Nevada","https://www.nyecountynv.gov/295/District-Court",monitored,3,2026-04-29T23:10:43Z,every 2 days,2026-05-27T07:22:13Z,200 OK,2026-05-27T07:22:13Z,"Fifth Judicial District Court | Nye County, NV Official Website","Nye - Home Page","","https://versionista.com/444962/24058868/65126926/","https://versionista.com/444962/24058868/65126926:0/"
"https://nvcourts.gov","NV District Courts",monitored,"Nevada","https://www.nyecountynv.gov/576/Holidays",monitored,2,2026-04-29T23:12:33Z,every 2 days,2026-05-19T12:16:13Z,200 OK,2026-05-27T07:41:13Z,"Holidays | Nye County, NV Official Website","Nye - Holiday Schedule","","https://versionista.com/444962/24058870/65024859/","https://versionista.com/444962/24058870/65024859:0/"
"https://www.courts.nh.gov","NH Superior Courts",monitored,"New Hampshire","https://www.courts.nh.gov/our-courts/superior-court",paused,7,2026-04-29T23:24:25Z,every 2 days,2026-05-11T16:28:31Z,403 Forbidden,2026-05-11T16:28:31Z,"Access Denied","Home Page","","https://versionista.com/444964/24058962/64923931/","https://versionista.com/444964/24058962/64923931:0/"
"https://www.courts.nh.gov","NH Superior Courts",monitored,"New Hampshire","https://www.courts.nh.gov/rules-superior-court-state-new-hampshire",paused,7,2026-04-29T23:25:28Z,every 2 days,2026-05-11T16:30:30Z,403 Forbidden,2026-05-11T16:30:30Z,"Access Denied","Rules of the Superior Court","","https://versionista.com/444964/24059013/64923958/","https://versionista.com/444964/24059013/64923958:0/"
"https://nmcourts.gov","NM State",monitored,"New Mexico","https://nmcourts.gov/",monitored,3,2026-05-01T22:36:09Z,every 2 days,2026-05-27T08:02:17Z,200 OK,2026-05-27T08:02:17Z,"Home - New Mexico Courts","New Mexico Judicial Branch","","https://versionista.com/444983/24062412/65127354/","https://versionista.com/444983/24062412/65127354:0/"
"https://nmcourts.gov","NM State",monitored,"New Mexico","https://nmonesource.com/nmos/en/nav.do",monitored,2,2026-05-01T22:37:44Z,every 2 days,2026-05-05T20:18:38Z,200 200,2026-05-27T07:41:14Z,"Home - NMOneSource.com","New Mexico Compilation Commission","","https://versionista.com/444983/24062413/64848953/","https://versionista.com/444983/24062413/64848953:0/"
"https://nmcourts.gov","NM State",monitored,"New Mexico","https://www.employmentlawhandbook.com/employment-and-labor-laws/states/new-mexico/",monitored,1,2026-05-01T22:39:07Z,every 2 days,2026-05-01T22:39:23Z,200 OK,2026-05-27T07:44:15Z,"New Mexico Employment Laws 2026 | Labor Laws Guide","Employment Laws 2026","","https://versionista.com/444983/24062414/64803060/",
"https://nmcourts.gov","NM State",monitored,"New Mexico","https://nmonesource.com/nmos/nmra/en/nav_date.do",monitored,2,2026-05-01T22:41:29Z,every 2 days,2026-05-05T20:24:28Z,200 200,2026-05-27T08:04:20Z,"Navigation by Date: 2026 - NMOneSource.com","Rules of Court","","https://versionista.com/444983/24062415/64849022/","https://versionista.com/444983/24062415/64849022:0/"
"https://www.nyed.uscourts.gov","NY USDC",monitored,"New York","https://www.nyed.uscourts.gov/",monitored,1,2026-05-01T23:00:18Z,every 2 days,2026-05-05T23:43:43Z,200 OK,2026-05-28T17:29:37Z,"NYED Homepage | US Courts - New York Eastern District","Eastern District - Home Page (News)","","https://versionista.com/444984/24062428/64850574/",
"https://www.nyed.uscourts.gov","NY USDC",monitored,"New York","https://www.nyed.uscourts.gov/local-rules-search?title=&type%5B33%5D=33&__ncforminfo=FTbkWN78EjQlhbebp-RN-JYg0nl1PbJzgOXYLkiOdMyNGI5ywVNLZYf2s3pgO3DKarXyYSFKnnVYOmAhzX456etsd7d_B0gigCyVbe-CBYoKNomyUJl1VnULhkRCfYiYqfTTMjzN9-5-hxyA6EA9IP8M1jlceZOEOCUqXdxWfE2UEOQCIYfWCTmkUcigWDNa4v7uFBMDe-idK2iHjESz1ZzPnByCaiSOJk5rM1VMEfhC_UXHWguHTgK1Eld4HnTFa8Vv54k_0kZOwvZJ-FzysFIcic7cZkKAUgTt4-vftmX0FMBswgUDQA3_V3E4ee02cttNJ7Z-6K9i7TXkjjLFe2LPCSqXPleD",monitored,3,2026-05-01T23:02:46Z,every 2 days,2026-05-11T01:36:33Z,200 OK,2026-05-27T07:53:29Z,"Local Rules Search | US Courts - New York Eastern District","Eastern District - Local Rules","","https://versionista.com/444984/24062429/64916727/","https://versionista.com/444984/24062429/64916727:0/"
"https://www.nyed.uscourts.gov","NY USDC",monitored,"New York","https://www.nyed.uscourts.gov/court-hours-and-holidays",monitored,1,2026-05-01T23:03:25Z,every 2 days,2026-05-04T23:55:54Z,200 OK,2026-05-26T03:58:19Z,"Court Hours and Holidays | US Courts - New York Eastern District","Eastern District - Holiday Schedule","","https://versionista.com/444984/24062430/64836209/",
"https://www.nyed.uscourts.gov","NY USDC",monitored,"New York","https://www.nysd.uscourts.gov/",paused,4,2026-05-01T23:05:25Z,every 2 days,2026-05-11T07:15:21Z,404 Not Found,2026-05-11T07:15:21Z,"Object not found!","Southern District - Home Page (News)","","https://versionista.com/444984/24062431/64918612/","https://versionista.com/444984/24062431/64918612:0/"
"https://www.nyed.uscourts.gov","NY USDC",monitored,"New York","https://www.nysd.uscourts.gov/rules",paused,4,2026-05-01T23:05:52Z,every 2 days,2026-05-13T01:08:34Z,404 Not Found,2026-05-13T01:08:34Z,"Object not found!","Southern District - Local Rules","","https://versionista.com/444984/24062432/64941596/","https://versionista.com/444984/24062432/64941596:0/"
"https://www.nyed.uscourts.gov","NY USDC",monitored,"New York","https://www.nysd.uscourts.gov/about/holidays",paused,4,2026-05-01T23:06:35Z,every 2 days,2026-05-11T10:45:42Z,404 Not Found,2026-05-11T10:45:42Z,"Object not found!","Southern District - Holiday Schedule","","https://versionista.com/444984/24062433/64919757/","https://versionista.com/444984/24062433/64919757:0/"
"https://www.nyed.uscourts.gov","NY USDC",monitored,"New York","https://www.nynd.uscourts.gov/",paused,4,2026-05-01T23:08:22Z,every 2 days,2026-05-10T19:17:38Z,200 OK,2026-05-10T19:17:38Z,"Request Rejected","Northern District - Home Page (News)","","https://versionista.com/444984/24062434/64914542/","https://versionista.com/444984/24062434/64914542:0/"
"https://www.nyed.uscourts.gov","NY USDC",monitored,"New York","https://www.nynd.uscourts.gov/local-rules",paused,4,2026-05-01T23:08:54Z,every 2 days,2026-05-10T14:03:53Z,200 OK,2026-05-10T14:03:53Z,"Request Rejected","Northern District - Local Rules","","https://versionista.com/444984/24062435/64910754/","https://versionista.com/444984/24062435/64910754:0/"
"https://www.nyed.uscourts.gov","NY USDC",monitored,"New York","https://www.nynd.uscourts.gov/court-holidays",paused,3,2026-05-01T23:09:25Z,every 2 days,2026-05-09T14:34:58Z,200 OK,2026-05-09T14:34:58Z,"Request Rejected","Northern District - Holiday Schedule","","https://versionista.com/444984/24062436/64900564/","https://versionista.com/444984/24062436/64900564:0/"
"https://www.nyed.uscourts.gov","NY USDC",monitored,"New York","https://www.nynb.uscourts.gov/",paused,3,2026-05-01T23:10:17Z,every 2 days,2026-05-07T02:41:45Z,200 OK,2026-05-07T02:41:45Z,"Request Rejected","Bankruptcy Northern District - Home Page (News)","","https://versionista.com/444984/24062437/64866487/","https://versionista.com/444984/24062437/64866487:0/"
"https://www.nyed.uscourts.gov","NY USDC",monitored,"New York","https://www.nynb.uscourts.gov/local-rules-general-orders",paused,3,2026-05-01T23:10:48Z,every 2 days,2026-05-06T15:39:10Z,200 OK,2026-05-06T15:39:10Z,"Request Rejected","Bankruptcy Northern District - Local Rules","","https://versionista.com/444984/24062438/64860123/","https://versionista.com/444984/24062438/64860123:0/"
"https://www.nyed.uscourts.gov","NY USDC",monitored,"New York","https://www.nyeb.uscourts.gov/",paused,2,2026-05-01T23:12:04Z,every 2 days,2026-05-07T05:55:40Z,200 OK,2026-05-07T05:55:40Z,"Request Rejected","Bankruptcy Eastern District - Home Page (News)","","https://versionista.com/444984/24062439/64868723/","https://versionista.com/444984/24062439/64868723:0/"
"https://www.nyed.uscourts.gov","NY USDC",monitored,"New York","https://www.nyeb.uscourts.gov/local-bankruptcy-rules-united-states-bankruptcy-court-eastern-district-new-york",paused,3,2026-05-01T23:12:48Z,every 2 days,2026-05-08T07:47:50Z,200 OK,2026-05-08T07:47:50Z,"Request Rejected","Bankruptcy Eastern District - Local Rules","","https://versionista.com/444984/24062441/64883445/","https://versionista.com/444984/24062441/64883445:0/"
"https://www.nyed.uscourts.gov","NY USDC",monitored,"New York","https://www.nywd.uscourts.gov/",paused,4,2026-05-01T23:13:57Z,every 2 days,2026-05-13T22:46:39Z,200 OK,2026-05-13T22:46:39Z,"Request Rejected","Western District - Home Page (News)","","https://versionista.com/444984/24062442/64953826/","https://versionista.com/444984/24062442/64953826:0/"
"https://www.nyed.uscourts.gov","NY USDC",monitored,"New York","https://www.nywd.uscourts.gov/rules-individual-local-federal",paused,4,2026-05-01T23:14:35Z,every 2 days,2026-05-12T00:54:40Z,200 OK,2026-05-12T00:54:40Z,"Request Rejected","Western District - Local Rules","","https://versionista.com/444984/24062443/64927549/","https://versionista.com/444984/24062443/64927549:0/"
"https://www.nyed.uscourts.gov","NY USDC",monitored,"New York","https://www.nywd.uscourts.gov/court-holidays-0",paused,3,2026-05-01T23:15:25Z,every 2 days,2026-05-11T08:45:59Z,200 OK,2026-05-11T08:45:59Z,"Request Rejected","Western District - Holiday Schedule","","https://versionista.com/444984/24062444/64919047/","https://versionista.com/444984/24062444/64919047:0/"
"https://www.nyed.uscourts.gov","NY USDC",monitored,"New York","https://www.nywb.uscourts.gov/",paused,3,2026-05-01T23:15:57Z,every 2 days,2026-05-09T09:09:37Z,200 OK,2026-05-09T09:09:37Z,"Request Rejected","Bankruptcy Western District - Home Page (News)","","https://versionista.com/444984/24062445/64897781/","https://versionista.com/444984/24062445/64897781:0/"
"https://www.nyed.uscourts.gov","NY USDC",monitored,"New York","https://www.nywb.uscourts.gov/general-and-standingorders",paused,3,2026-05-01T23:17:03Z,every 2 days,2026-05-07T23:45:31Z,200 OK,2026-05-07T23:45:31Z,"Request Rejected","Bankruptcy Western District - General Orders","","https://versionista.com/444984/24062446/64878918/","https://versionista.com/444984/24062446/64878918:0/"
"https://www.nyed.uscourts.gov","NY USDC",monitored,"New York","https://www.nysb.uscourts.gov/",paused,3,2026-05-01T23:18:00Z,every 2 days,2026-05-07T14:49:51Z,404 Not Found,2026-05-07T14:49:51Z,"Object not found!","Bankruptcy Southern District - Home Page (News)","","https://versionista.com/444984/24062447/64873715/","https://versionista.com/444984/24062447/64873715:0/"
"https://www.nyed.uscourts.gov","NY USDC",monitored,"New York","https://www.nysb.uscourts.gov/content/local-rules",paused,3,2026-05-01T23:18:41Z,every 2 days,2026-05-09T22:09:36Z,404 Not Found,2026-05-09T22:09:36Z,"Object not found!","Bankruptcy Southern District - Local Rules","","https://versionista.com/444984/24062448/64903815/","https://versionista.com/444984/24062448/64903815:0/"
"https://www.nycourts.gov","NY Appellate Courts",monitored,"New York","https://www.nycourts.gov/ctapps/index.htm",monitored,2,2026-05-13T19:57:29Z,every 2 days,2026-05-15T18:50:33Z,403 Forbidden,2026-05-27T12:06:39Z,"Just a moment...","Court of Appeals - Home Page","","https://versionista.com/445316/24093619/64981216/","https://versionista.com/445316/24093619/64981216:0/"
"https://www.nycourts.gov","NY Appellate Courts",monitored,"New York","https://www.nycourts.gov/ctapps/500rules.htm",monitored,2,2026-05-13T20:00:24Z,every 2 days,2026-05-15T18:56:56Z,403 Forbidden,2026-05-27T12:03:00Z,"Just a moment...","Court of Appeals - Rules of Practice","","https://versionista.com/445316/24093624/64981255/","https://versionista.com/445316/24093624/64981255:0/"
"https://www.nycourts.gov","NY Appellate Courts",monitored,"New York","https://www.nycourts.gov/courts/ad4/",monitored,2,2026-05-13T20:00:54Z,every 2 days,2026-05-15T18:52:36Z,403 Forbidden,2026-05-27T12:00:19Z,"Just a moment...","Appellate Division, 4th Judicial Department","","https://versionista.com/445316/24093625/64981227/","https://versionista.com/445316/24093625/64981227:0/"
"https://www.nycourts.gov","NY Appellate Courts",monitored,"New York","https://ad4.nycourts.gov/rules",monitored,2,2026-05-13T20:04:12Z,every 2 days,2026-05-15T18:55:32Z,403 Forbidden,2026-05-27T12:08:30Z,"Just a moment...","Appellate Division, 4th Judicial Department - Rules of Practice","","https://versionista.com/445316/24093626/64981250/","https://versionista.com/445316/24093626/64981250:0/"
"https://www.nccourts.gov","NC State",monitored,"North Carolina","https://www.nccourts.gov/",monitored,3,2026-05-13T20:46:33Z,every 2 days,2026-05-23T15:00:36Z,200 OK,2026-05-27T12:40:08Z,"The North Carolina Judicial Branch","North Carolina Judicial Branch","","https://versionista.com/445317/24093681/65083451/","https://versionista.com/445317/24093681/65083451:0/"
"https://www.nccourts.gov","NC State",monitored,"North Carolina","https://www.nccourts.gov/courts/supreme-court/court-rules/rules-for-court-ordered-arbitration",monitored,1,2026-05-13T20:47:37Z,every 2 days,2026-05-13T20:47:54Z,200 OK,2026-05-27T12:43:58Z,"Rules for Court-Ordered Arbitration | North Carolina Judicial Branch","Rules for Court Ordered Arbitration","","https://versionista.com/445317/24093682/64952697/",
"https://www.nccourts.gov","NC State",monitored,"North Carolina","https://www.nccourts.gov/courts/supreme-court/court-rules/rules-of-the-dispute-resolution-commission",monitored,1,2026-05-13T20:49:17Z,every 2 days,2026-05-13T20:49:22Z,200 OK,2026-05-27T12:57:45Z,"Rules of the Dispute Resolution Commission | North Carolina Judicial Branch","Rules of the Dispute Resolution Commission","","https://versionista.com/445317/24093683/64952707/",
"https://www.nccourts.gov","NC State",monitored,"North Carolina","https://www.nccourts.gov/courts/supreme-court/court-rules/rules-for-mediated-settlement-conferences-and-other-settlement-procedures-in-superior-court-civil-actions",monitored,1,2026-05-13T20:49:54Z,every 2 days,2026-05-13T20:50:41Z,200 OK,2026-05-27T12:49:33Z,"Rules for Mediated Settlement Conferences and Other Settlement Procedures in Superior Court Civil Actions | North Carolina Judicial Branch","Rules for Mediated Settlement Conferences","","https://versionista.com/445317/24093684/64952728/",
"https://www.nccourts.gov","NC State",monitored,"North Carolina","https://www.nccourts.gov/assets/inline-files/Rules%20of%20Mediation%20for%20Matters%20Before%20the%20Clerk%20of%20Superior%20Court%20-%20Codified%2018%20June%202024.pdf?VersionId=cZgXbb6mUyc4gn4WK8Y5THC90pSvARpp",monitored,1,2026-05-13T20:50:38Z,every 2 days,2026-05-13T20:53:53Z,200 OK,2026-05-27T13:24:48Z,"","Rules of Mediation for Matters Before the Superior Court (PDF)","","https://versionista.com/445317/24093685/64952749/",
"https://www.nccourts.gov","NC State",monitored,"North Carolina","https://www.nccourts.gov/assets/inline-files/Business-Court-Rules-Codified-16-February-2023.pdf?VersionId=OiJZZzkNAcIBTRtd9eUvXCmCivIIfULY",monitored,1,2026-05-13T20:51:28Z,every 2 days,2026-05-13T20:52:47Z,200 OK,2026-05-27T12:46:57Z,"","Business Court Rules (PDF)","","https://versionista.com/445317/24093686/64952742/",
"https://www.nccourts.gov","NC State",monitored,"North Carolina","https://www.ic.nc.gov/",monitored,3,2026-05-13T20:52:11Z,every 2 days,2026-05-21T16:28:42Z,200 OK,2026-05-27T13:28:34Z,"N.C. Industrial Commission Home Page","North Carolina Industrial Commission ","","https://versionista.com/445317/24093687/65056429/","https://versionista.com/445317/24093687/65056429:0/"
"https://www.nccourts.gov","NC State",monitored,"North Carolina","https://www.ic.nc.gov/calendars.html",monitored,1,2026-05-13T20:53:02Z,every 2 days,2026-05-13T20:55:55Z,200 OK,2026-05-27T12:52:33Z,"N.C. Industrial Commission Calendars Page","Holiday Schedule","","https://versionista.com/445317/24093688/64952765/",
"https://www.nccourts.gov","NC Appellate Courts",monitored,"North Carolina","https://www.nccourts.gov/courts/supreme-court",monitored,3,2026-05-13T20:53:51Z,every 2 days,2026-05-23T15:17:21Z,200 OK,2026-05-27T12:59:54Z,"Supreme Court | North Carolina Judicial Branch","Supreme Court - Home Page","","https://versionista.com/445318/24093690/65083607/","https://versionista.com/445318/24093690/65083607:0/"
"https://www.nccourts.gov","NC Appellate Courts",monitored,"North Carolina","https://www.nccourts.gov/courts/supreme-court/court-rules/north-carolina-rules-of-appellate-procedure",monitored,1,2026-05-13T20:54:53Z,every 2 days,2026-05-13T20:59:34Z,200 OK,2026-05-27T13:30:07Z,"North Carolina Rules of Appellate Procedure | North Carolina Judicial Branch","Rules of Appellate Procedure","","https://versionista.com/445318/24093691/64952796/",
"https://www.ndcourts.gov","ND Appellate Courts",monitored,"North Dakota","https://www.ndcourts.gov/supreme-court",monitored,5,2026-05-13T21:16:47Z,every 2 days,2026-05-27T13:25:08Z,200 OK,2026-05-27T13:25:08Z,"North Dakota Court System - Supreme Court","Supreme Court - Home Page","","https://versionista.com/445320/24093731/65130037/","https://versionista.com/445320/24093731/65130037:0/"
"https://www.supremecourt.ohio.gov","OH Courts of Common Pleas",monitored,"Ohio","https://www.supremecourt.ohio.gov/courts/judicial-system/judicial-system-structure/",monitored,3,2026-05-13T21:38:34Z,every 2 days,2026-05-27T13:34:33Z,200 OK,2026-05-27T13:34:33Z,"Judicial System Structure &raquo; Supreme Court of Ohio","Courts of Common Pleas - Home Page","","https://versionista.com/445321/24093747/65130148/","https://versionista.com/445321/24093747/65130148:0/"
"https://www.supremecourt.ohio.gov","OH Courts of Common Pleas",monitored,"Ohio","https://www.unioncountyohio.gov/localrules",monitored,1,2026-05-13T21:39:38Z,every 2 days,2026-05-13T21:42:45Z,200 OK,2026-05-27T13:38:46Z,"Union County, Ohio - Local Rules of Court","Union - Local Rules","","https://versionista.com/445321/24093748/64953119/",
"https://www.supremecourt.ohio.gov","OH Courts of Common Pleas",monitored,"Ohio","https://www.unioncountyohio.gov/ScheduledClosures",monitored,1,2026-05-13T21:40:01Z,every 2 days,2026-05-13T21:40:19Z,200 OK,2026-05-27T13:58:49Z,"Union County, Ohio - Scheduled Closures","Union - Holiday Schedule","","https://versionista.com/445321/24093749/64953098/",
"https://www.supremecourt.ohio.gov","OH Courts of Common Pleas",monitored,"Ohio","https://www.unioncountyohio.gov/",monitored,1,2026-05-13T21:40:54Z,every 2 days,2026-05-13T21:44:07Z,200 OK,2026-05-27T14:07:00Z,"Union County, Ohio - Home Page","Union - Home Page","","https://versionista.com/445321/24093750/64953126/",
"https://www.oscn.net","OK District Courts",monitored,"Oklahoma","https://www.oscn.net/courts/",paused,1,2026-05-13T21:56:25Z,every 2 days,2026-05-13T21:56:30Z,200 OK,2026-05-13T21:56:30Z,"Courts &#8211; OSCN","District Courts - Home Page","","https://versionista.com/445322/24093775/64953232/",
"https://www.oscn.net","OK District Courts",monitored,"Oklahoma","https://www.tulsacountydistrictcourt.org/",monitored,1,2026-05-13T21:58:06Z,every 2 days,2026-05-13T21:58:09Z,200 OK,2026-05-27T13:55:13Z,"Tulsa County District Court Home","Tulsa - Home Page","","https://versionista.com/445322/24093780/64953246/",
"https://www.oscn.net","OK District Courts",monitored,"Oklahoma","https://www.tulsacountydistrictcourt.org/localrules.html",monitored,1,2026-05-13T21:58:30Z,every 2 days,2026-05-13T21:59:14Z,200 OK,2026-05-27T13:59:20Z,"Local Rules","Tulsa - Local Rules","","https://versionista.com/445322/24093782/64953253/",
"https://www.oscn.net","OK District Courts",monitored,"Oklahoma","https://www.oklahomacounty.org/",monitored,3,2026-05-13T22:00:43Z,every 2 days,2026-05-27T14:05:10Z,200 OK,2026-05-27T14:05:10Z,"Welcome to Oklahoma County","Oklahoma - Home Page","","https://versionista.com/445322/24093788/65130315/","https://versionista.com/445322/24093788/65130315:0/"
"https://www.oscn.net","OK District Courts",monitored,"Oklahoma","https://www.oklahomacounty.org/Portals/0/Oklahoma%20and%20Canadian%20County%20Local%20Court%20Rules%20as%20adopted%208-21-25.pdf",monitored,1,2026-05-13T22:10:30Z,every 2 days,2026-05-13T22:10:45Z,200 OK,2026-05-27T14:16:06Z,"","Oklahoma/Canadian - Local Rules (PDF)","","https://versionista.com/445322/24093829/64953398/",
"https://www.oscn.net","OK District Courts",monitored,"Oklahoma","https://www.oscn.net/applications/oscn/DeliverDocument.asp?CiteID=458308",paused,1,2026-05-13T22:12:47Z,every 2 days,2026-05-13T22:13:02Z,200 OK,2026-05-13T22:13:02Z,"Fifteenth District Court Judicial District (Muskogee County only)","Muskogee - Local Rules","","https://versionista.com/445322/24093830/64953424/",
"https://www.oscn.net","OK District Courts",monitored,"Oklahoma","https://www.oscn.net/courts/muskogee",paused,1,2026-05-13T22:18:08Z,every 2 days,2026-05-13T22:18:18Z,200 OK,2026-05-13T22:18:18Z,"Muskogee &#8211; OSCN","Muskogee - Home Page","","https://versionista.com/445322/24093892/64953491/",
"https://www.oscn.net","OK District Courts",monitored,"Oklahoma","https://www.oscn.net/courts/canadian",paused,1,2026-05-13T22:20:12Z,every 2 days,2026-05-13T22:21:40Z,200 OK,2026-05-13T22:21:40Z,"Canadian &#8211; OSCN","Canadian - Home Page","","https://versionista.com/445322/24093902/64953529/",
"https://www.courts.oregon.gov","OR State",monitored,"Oregon","https://www.courts.oregon.gov/Pages/default.aspx",monitored,1,2026-05-13T22:42:23Z,every 2 days,2026-05-13T22:42:29Z,200 OK,2026-05-27T15:17:09Z,"Oregon Judicial Department : Oregon Courts Home : State of Oregon","Oregon Judicial Branch","","https://versionista.com/445329/24094134/64953770/",
"https://www.courts.oregon.gov","OR State",monitored,"Oregon","https://www.oregonlegislature.gov/",monitored,8,2026-05-13T22:43:14Z,every 2 days,2026-05-27T15:04:30Z,200 OK,2026-05-27T15:04:30Z,"Oregon State Legislature","Oregon Legislature","","https://versionista.com/445329/24094137/65130722/","https://versionista.com/445329/24094137/65130722:0/"
"https://www.courts.oregon.gov","OR State",monitored,"Oregon","https://www.courts.oregon.gov/programs/utcr/Pages/currentrules.aspx",monitored,3,2026-05-13T22:43:41Z,every 2 days,2026-05-21T18:02:12Z,200 OK,2026-05-27T14:40:43Z,"Oregon Judicial Department : Current Rules : Uniform Trial Court Rules & Committee : State of Oregon","Uniform Trial Court Rules","","https://versionista.com/445329/24094163/65057094/","https://versionista.com/445329/24094163/65057094:0/"
"https://www.courts.oregon.gov","OR State",monitored,"Oregon","https://www.courts.oregon.gov/about/pages/holidays.aspx",monitored,1,2026-05-13T22:44:09Z,every 2 days,2026-05-13T22:46:06Z,200 OK,2026-05-27T14:52:34Z,"Oregon Judicial Department : Court Hours &amp; Holidays : About OJD : State of Oregon","Holiday Schedule","","https://versionista.com/445329/24094165/64953817/",
"https://www.courts.oregon.gov","OR State",monitored,"Oregon","https://www.oregonlegislature.gov/bills_laws/Pages/orcp.aspx",monitored,2,2026-05-13T22:45:11Z,every 2 days,2026-05-27T15:06:00Z,200 OK,2026-05-27T15:06:00Z,"Bills and Laws ORCP","Rules of Civil Procedure","","https://versionista.com/445329/24094172/65130739/","https://versionista.com/445329/24094172/65130739:0/"
"https://www.courts.oregon.gov","OR Appellate Courts",monitored,"Oregon","https://www.courts.oregon.gov/courts/appellate/Pages/default.aspx",monitored,1,2026-05-13T22:46:32Z,every 2 days,2026-05-13T22:49:12Z,200 OK,2026-05-27T14:57:50Z,"Oregon Judicial Department : Oregon Appellate Courts Home : Oregon Appellate Courts : State of Oregon","Appellate Courts - Home Page","","https://versionista.com/445331/24094199/64953860/",
"https://www.courts.oregon.gov","OR Appellate Courts",monitored,"Oregon","https://www.courts.oregon.gov/courts/appellate/rules/Pages/orap.aspx",monitored,1,2026-05-13T22:47:18Z,every 2 days,2026-05-13T22:50:02Z,200 OK,2026-05-27T15:14:10Z,"Oregon Judicial Department : Current Oregon Rules of Appellate Procedure : Rules and Resources : State of Oregon","Rules of Appellate Procedure","","https://versionista.com/445331/24094204/64953873/",
"https://www.pacourts.us","PA Judicial Districts",monitored,"Pennsylvania","https://www.pacourts.us/courts/courts-of-common-pleas/judicial-districts",monitored,1,2026-05-13T23:18:41Z,every 2 days,2026-05-13T23:18:46Z,200 OK,2026-05-27T15:24:58Z,"Judicial Districts | Courts of Common Pleas | Courts | Unified Judicial System of Pennsylvania","Judicial Districts - Directory","","https://versionista.com/445334/24094323/64954224/",
"https://www.pacourts.us","PA Judicial Districts",monitored,"Pennsylvania","https://www.courts.phila.gov/",monitored,4,2026-05-13T23:20:24Z,every 2 days,2026-05-27T15:12:26Z,200 OK,2026-05-27T15:12:26Z,"The Philadelphia Courts | First Judicial District of Pennsylvania","Philadelphia - 1st Judicial District Home Page","","https://versionista.com/445334/24094324/65130782/","https://versionista.com/445334/24094324/65130782:0/"
"https://www.pacourts.us","PA Judicial Districts",monitored,"Pennsylvania","https://www.courts.phila.gov/holidays/",monitored,2,2026-05-13T23:22:07Z,every 2 days,2026-05-15T22:14:21Z,200 OK,2026-05-27T15:22:59Z,"Holiday Schedule | Philadelphia Courts - First Judicial District of Pennsylvania","Philadelphia - 1st Judicial District Holiday Schedule","","https://versionista.com/445334/24094325/64982758/","https://versionista.com/445334/24094325/64982758:0/"
"https://www.pacourts.us","PA Judicial Districts",monitored,"Pennsylvania","https://www.courts.phila.gov/localrules/",monitored,4,2026-05-13T23:23:27Z,every 2 days,2026-05-27T15:27:07Z,200 OK,2026-05-27T15:27:07Z,"Philadelphia County Local Rules","Philadelphia - 1st Judicial District Local Rules","","https://versionista.com/445334/24094326/65130894/","https://versionista.com/445334/24094326/65130894:0/"
"https://www.pacourts.us","PA Judicial Districts",monitored,"Pennsylvania","https://www.courts.phila.gov/news/",monitored,4,2026-05-13T23:23:54Z,every 2 days,2026-05-27T15:15:33Z,200 OK,2026-05-27T15:15:33Z,"Court News | The Philadelphia Courts - First Judicial District of Pennsylvania","Philadelphia - 1st Judicial District News","","https://versionista.com/445334/24094327/65130804/","https://versionista.com/445334/24094327/65130804:0/"
"https://www.courts.ri.gov","RI Appellate Courts",monitored,"Rhode Island","https://www.courts.ri.gov/Courts/SupremeCourt/Pages/default.aspx",monitored,3,2026-05-13T23:29:40Z,every 2 days,2026-05-21T18:56:54Z,200 OK,2026-05-27T15:25:28Z,"Supreme Court","Supreme Court - Home Page","","https://versionista.com/445335/24094338/65057541/","https://versionista.com/445335/24094338/65057541:0/"
"https://www.courts.ri.gov","RI Appellate Courts",monitored,"Rhode Island","https://www.courts.ri.gov/Courts/SupremeCourt/Pages/Supreme%20Court%20Rules.aspx",monitored,1,2026-05-13T23:30:20Z,every 2 days,2026-05-13T23:31:33Z,200 OK,2026-05-27T15:34:48Z,"Supreme Court","Supreme Court Rules","","https://versionista.com/445335/24094339/64954360/",
"https://www.utcourts.gov","UT Appellate Courts",monitored,"Utah","https://www.utcourts.gov/en/courts/court-types/appellate-courts/sup.html",monitored,2,2026-05-14T21:31:57Z,every 2 days,2026-05-20T18:05:06Z,200 OK,2026-05-28T13:26:16Z,"Utah Supreme Court","Supreme Court - Home Page","","https://versionista.com/445378/24095940/65043297/","https://versionista.com/445378/24095940/65043297:0/"
"https://www.utcourts.gov","UT Appellate Courts",monitored,"Utah","https://legacy.utcourts.gov/rules/urap-scso.php",monitored,1,2026-05-14T21:32:45Z,every 2 days,2026-05-14T21:33:34Z,200 OK,2026-05-28T13:31:43Z,"Utah Supreme Court Standing Orders&nbsp; - Utah Courts","Supreme Court Standing Orders","","https://versionista.com/445378/24095946/64967786/",
"https://www.courts.wa.gov","WA State",monitored,"Washington","https://www.courts.wa.gov/",monitored,3,2026-05-15T19:06:29Z,every 2 days,2026-05-23T14:51:19Z,200 OK,2026-05-27T12:35:46Z,"Washington State Courts Washington Courts","Washington Judicial Branch","","https://versionista.com/445398/24097629/65083389/","https://versionista.com/445398/24097629/65083389:0/"
"https://www.courts.wa.gov","WA State",monitored,"Washington","https://www.courts.wa.gov/court_rules/?fa=court_rules.ruleorderpage",monitored,2,2026-05-15T19:07:01Z,every 2 days,2026-05-23T14:37:17Z,200 OK,2026-05-27T12:21:42Z,"Washington State Courts - Court Rules - Rule Orders","Rule-Related Court Orders","","https://versionista.com/445398/24097630/65083314/","https://versionista.com/445398/24097630/65083314:0/"
"https://www.courts.wa.gov","WA State",monitored,"Washington","https://www.courts.wa.gov/court_rules/?fa=court_rules.archivelist",monitored,2,2026-05-15T19:07:24Z,every 2 days,2026-05-23T14:48:00Z,200 OK,2026-05-27T12:50:45Z,"Washington State Courts - Court Rules","Archive Rule History","","https://versionista.com/445398/24097631/65083368/","https://versionista.com/445398/24097631/65083368:0/"
"https://www.txcourts.gov","TX District Courts",monitored,"Texas","https://www.txcourts.gov/judicial-directory/court-jurisdiction-maps/",monitored,2,2026-05-18T20:19:25Z,every 2 days,2026-05-28T14:31:26Z,200 OK,2026-05-28T14:31:26Z,"TJB | Judicial Data | Judicial Directory | Court Jurisdiction Maps","District Courts Judicial Directory","","https://versionista.com/445407/24102497/65144508/","https://versionista.com/445407/24102497/65144508:0/"
"https://www.txcourts.gov","TX District Courts",monitored,"Texas","https://www.angelinacounty.net/",monitored,4,2026-05-18T20:24:09Z,every 2 days,2026-05-28T14:34:29Z,200 OK,2026-05-28T14:34:29Z,"Angelina County &#8211; Angelina County, Texas","Angelina - Home Page","","https://versionista.com/445407/24102506/65144547/","https://versionista.com/445407/24102506/65144547:0/"
"https://www.txcourts.gov","TX District Courts",monitored,"Texas","https://www.angelinacounty.net/districtcourt159/",monitored,6,2026-05-18T20:24:34Z,every 2 days,2026-05-28T14:46:51Z,200 OK,2026-05-28T14:46:51Z,"District Court &#8211; 159th &#8211; Angelina County","Angelina - Local Rules","","https://versionista.com/445407/24102507/65144680/","https://versionista.com/445407/24102507/65144680:0/"
"https://www.txcourts.gov","TX District Courts",monitored,"Texas","https://www.austincounty.com/page/austin.Home",monitored,3,2026-05-18T20:59:40Z,every 2 days,2026-05-22T18:40:08Z,200 OK,2026-05-28T15:11:22Z,"Austin County Texas","Austin - Home Page","","https://versionista.com/445407/24102527/65072300/","https://versionista.com/445407/24102527/65072300:0/"
"https://www.txcourts.gov","TX District Courts",monitored,"Texas","https://www.austincounty.com/page/austin.HolidayCalendar",monitored,1,2026-05-18T21:02:07Z,every 2 days,2026-05-18T21:02:13Z,200 OK,2026-05-28T15:23:50Z,"Austin County, Texas","Austin - Holiday Schedule","","https://versionista.com/445407/24102528/65015516/",
"https://www.txcourts.gov","TX District Courts",monitored,"Texas","https://www.co.bailey.tx.us/",monitored,3,2026-05-18T21:04:26Z,every 2 days,2026-05-28T15:14:56Z,200 OK,2026-05-28T15:14:56Z,"Bailey County, Texas","Bailey - Home Page","","https://versionista.com/445407/24102530/65144981/","https://versionista.com/445407/24102530/65144981:0/"
"https://www.txcourts.gov","TX District Courts",monitored,"Texas","https://www.bellcountytx.com/",monitored,2,2026-05-18T21:07:24Z,every 2 days,2026-05-26T16:28:43Z,200 OK,2026-05-28T15:19:01Z,"Bell County, Texas","Bell - Home Page","","https://versionista.com/445407/24102544/65119006/","https://versionista.com/445407/24102544/65119006:0/"
"https://www.txcourts.gov","TX District Courts",monitored,"Texas","https://topics.txcourts.gov/LocalRulesPublic/PreviewAttachment/1286",monitored,1,2026-05-18T21:12:25Z,every 2 days,2026-05-18T21:12:32Z,200 OK,2026-05-28T15:31:51Z,"","Bell - Local Rules (PDF)","","https://versionista.com/445407/24102553/65015628/",
"https://www.txcourts.gov","TX District Courts",monitored,"Texas","https://www.aransascountytx.gov/main/",monitored,1,2026-05-18T21:13:59Z,every 2 days,2026-05-18T21:14:04Z,200 OK,2026-05-28T15:29:32Z,"","Aransas - Home Page","","https://versionista.com/445407/24102554/65015650/",
"https://www.txcourts.gov","TX District Courts",monitored,"Texas","https://www.aransascountytx.gov/main/calendars.php",monitored,1,2026-05-18T21:14:20Z,every 2 days,2026-05-18T21:15:33Z,200 OK,2026-05-28T16:06:05Z,"","Aransas - Holiday Schedule","","https://versionista.com/445407/24102555/65015668/",
"https://www.txcourts.gov","TX District Courts",monitored,"Texas","https://www.brazoscountytx.gov/",monitored,2,2026-05-18T21:17:17Z,every 2 days,2026-05-20T20:10:55Z,200 OK,2026-05-28T15:43:32Z,"Brazos County, TX - Official Website | Official Website","Brazos - Home Page","","https://versionista.com/445407/24102557/65044478/","https://versionista.com/445407/24102557/65044478:0/"
"https://www.txcourts.gov","TX District Courts",monitored,"Texas","https://www.brazoscountytx.gov/318/County-Holidays",monitored,1,2026-05-18T21:17:40Z,every 2 days,2026-05-18T21:18:37Z,200 OK,2026-05-28T15:33:59Z,"County Holidays | Brazos County, TX - Official Website","Brazos - Holiday Schedule","","https://versionista.com/445407/24102560/65015708/",
"https://www.txcourts.gov","TX District Courts",monitored,"Texas","https://www.brewstercounty.gov/",monitored,1,2026-05-18T21:18:25Z,every 2 days,2026-05-18T21:19:55Z,200 OK,2026-05-28T15:41:38Z,"Brewster County, Texas","Brewster - Home Page","","https://versionista.com/445407/24102562/65015724/",
"https://www.txcourts.gov","TX District Courts",monitored,"Texas","https://www.browncountytx.gov/",monitored,2,2026-05-18T21:20:49Z,every 2 days,2026-05-28T15:35:18Z,200 OK,2026-05-28T15:35:18Z,"Home Page - Brown County","Brown - Home Page","","https://versionista.com/445407/24102569/65145161/","https://versionista.com/445407/24102569/65145161:0/"
"https://www.txcourts.gov","TX District Courts",monitored,"Texas","https://www.co.caldwell.tx.us/",monitored,6,2026-05-18T21:22:01Z,every 2 days,2026-05-28T15:48:41Z,200 OK,2026-05-28T15:48:41Z,"Homepage - Caldwell County, TX","Caldwell - Home Page","","https://versionista.com/445407/24102571/65145292/","https://versionista.com/445407/24102571/65145292:0/"
"https://www.txcourts.gov","TX District Courts",monitored,"Texas","https://www.co.camp.tx.us/",monitored,1,2026-05-18T21:23:58Z,every 2 days,2026-05-18T21:24:07Z,200 OK,2026-05-28T15:46:29Z,"Camp County, Texas","Camp - Home Page","","https://versionista.com/445407/24102577/65015785/",
"https://www.txcourts.gov","TX District Courts",monitored,"Texas","https://www.co.camp.tx.us/page/camp.County.News",monitored,1,2026-05-18T21:24:24Z,every 2 days,2026-05-18T21:25:21Z,200 OK,2026-05-28T16:10:36Z,"Camp County, Texas","Camp - Holiday Schedule","","https://versionista.com/445407/24102578/65015797/",
"https://www.txcourts.gov","TX District Courts",monitored,"Texas","https://www.co.colorado.tx.us/",monitored,3,2026-05-18T21:24:45Z,every 2 days,2026-05-28T15:38:57Z,200 OK,2026-05-28T15:38:57Z,"Colorado County Homepage","Colorado - Home Page","","https://versionista.com/445407/24102579/65145194/","https://versionista.com/445407/24102579/65145194:0/"
"https://www.txcourts.gov","TX District Courts",monitored,"Texas","https://www.co.colorado.tx.us/page/colorado.Holiday.Schedule",monitored,1,2026-05-18T21:25:44Z,every 2 days,2026-05-18T21:28:33Z,200 OK,2026-05-28T15:59:32Z,"Colorado County Holiday Schedule","Colorado - Holiday Schedule","","https://versionista.com/445407/24102585/65015832/",
"https://www.txcourts.gov","TX District Courts",monitored,"Texas","https://topics.txcourts.gov/LocalRulesPublic/PreviewAttachment/2012",monitored,1,2026-05-18T21:26:35Z,every 2 days,2026-05-18T21:29:45Z,200 OK,2026-05-28T15:56:09Z,"","Colorado - Local Rules (PDF)","","https://versionista.com/445407/24102586/65015846/",
"https://www.txcourts.gov","TX District Courts",monitored,"Texas","https://www.co.coleman.tx.us/",monitored,2,2026-05-18T21:29:45Z,every 2 days,2026-05-28T16:24:37Z,200 OK,2026-05-28T16:24:37Z,"Coleman County Government","Coleman - Home Page","","https://versionista.com/445407/24102592/65145684/","https://versionista.com/445407/24102592/65145684:0/"
"https://www.txcourts.gov","TX District Courts",monitored,"Texas","https://www.co.coleman.tx.us/page/coleman.Holidays",monitored,1,2026-05-18T21:30:16Z,every 2 days,2026-05-18T21:34:52Z,200 OK,2026-05-28T16:14:51Z,"Coleman County, Texas","Coleman - Holiday Schedule","","https://versionista.com/445407/24102593/65015896/",
"https://www.txcourts.gov","TX District Courts",monitored,"Texas","https://www.coryellcounty.org/",monitored,2,2026-05-18T21:30:43Z,every 2 days,2026-05-24T18:04:53Z,200 OK,2026-05-28T15:50:40Z,"Home Page - Coryell County","Coryell - Home Page","","https://versionista.com/445407/24102594/65096176/","https://versionista.com/445407/24102594/65096176:0/"
"https://www.txcourts.gov","TX District Courts",monitored,"Texas","https://www.coryellcounty.org/page/coryell.Holiday",monitored,1,2026-05-18T21:31:18Z,every 2 days,2026-05-18T21:33:56Z,200 OK,2026-05-28T16:04:20Z,"Coryell County, Texas","Coryell - Holiday Schedule","","https://versionista.com/445407/24102595/65015881/",
"https://www.txcourts.gov","TX District Courts",monitored,"Texas","https://www.dallascounty.org/",monitored,2,2026-05-18T21:42:29Z,every 2 days,2026-05-26T17:16:13Z,200 OK,2026-05-28T16:07:39Z,"Dallas County | Home","Dallas - Home Page","","https://versionista.com/445407/24102657/65119371/","https://versionista.com/445407/24102657/65119371:0/"
"https://www.txcourts.gov","TX District Courts",monitored,"Texas","https://www.dallascounty.org/Assets/uploads/docs/district-clerk/Local-Rules-for-Civil-District-Courts-With-Appendixes-Included.pdf",monitored,1,2026-05-18T21:43:15Z,every 2 days,2026-05-18T21:43:44Z,200 OK,2026-05-28T16:30:12Z,"","Dallas - Local Civil Rules (PDF)","","https://versionista.com/445407/24102679/65016012/",
"https://www.txcourts.gov","TX District Courts",monitored,"Texas","https://www.dallascounty.org/Assets/uploads/docs/district-clerk/familyrules.pdf",monitored,1,2026-05-18T21:43:51Z,every 2 days,2026-05-18T21:47:41Z,200 OK,2026-05-28T16:11:46Z,"","Dallas - Local Family Rules (PDF)","","https://versionista.com/445407/24102680/65016081/",
"https://www.txcourts.gov","TX District Courts",monitored,"Texas","https://www.co.fayette.tx.us/",monitored,1,2026-05-18T21:44:52Z,every 2 days,2026-05-18T21:45:01Z,200 OK,2026-05-28T16:09:15Z,"Fayette County, Texas","Fayette - Home Page","","https://versionista.com/445407/24102695/65016031/",
"https://www.txcourts.gov","TX District Courts",monitored,"Texas","https://www.co.fayette.tx.us/upload/page/1714/docs/signed%202026%20Amended%20Holiday%20Schedule.pdf",monitored,1,2026-05-18T21:45:15Z,every 2 days,2026-05-18T21:46:21Z,200 OK,2026-05-28T16:02:28Z,"","Fayette - Holiday Schedule (PDF)","","https://versionista.com/445407/24102746/65016056/",
"https://www.txcourts.gov","TX District Courts",monitored,"Texas","https://www.co.fannin.tx.us/",monitored,4,2026-05-18T22:00:45Z,every 2 days,2026-05-28T16:28:17Z,200 OK,2026-05-28T16:28:17Z,"Fannin County, Texas","Fannin - Home Page","","https://versionista.com/445407/24102886/65145732/","https://versionista.com/445407/24102886/65145732:0/"
"https://www.txcourts.gov","TX District Courts",monitored,"Texas","https://www.co.fannin.tx.us/page/fannin.County.Calendars",monitored,2,2026-05-18T22:01:09Z,every 2 days,2026-05-28T17:00:06Z,200 OK,2026-05-28T17:00:06Z,"Fannin County, Texas","Fannin - Holiday Schedule","","https://versionista.com/445407/24102887/65146063/","https://versionista.com/445407/24102887/65146063:0/"
"https://www.txcourts.gov","TX District Courts",monitored,"Texas","https://www.fishercounty.org/",monitored,2,2026-05-18T22:01:36Z,every 2 days,2026-05-28T16:22:38Z,200 OK,2026-05-28T16:22:38Z,"Fisher County, Texas","Fisher - Home Page","","https://versionista.com/445407/24102888/65145656/","https://versionista.com/445407/24102888/65145656:0/"
"https://www.txcourts.gov","TX District Courts",monitored,"Texas","https://www.fishercounty.org/upload/page/7774/docs/INFORMATION/FISHER%20COUNTY%20Holidays%202026.pdf",monitored,1,2026-05-18T22:02:20Z,every 2 days,2026-05-18T22:09:44Z,200 OK,2026-05-28T17:04:52Z,"","Fisher - Holiday Schedule (PDF)","","https://versionista.com/445407/24102889/65016446/",
"https://www.txcourts.gov","TX District Courts",monitored,"Texas","https://www.co.floyd.tx.us/",monitored,1,2026-05-18T22:02:52Z,every 2 days,2026-05-18T22:07:16Z,200 OK,2026-05-28T17:10:06Z,"Floyd County, Texas","Floyd - Home Page","","https://versionista.com/445407/24102917/65016398/",
"https://www.txcourts.gov","TX District Courts",monitored,"Texas","https://www.co.franklin.tx.us/",monitored,1,2026-05-18T22:03:30Z,every 2 days,2026-05-18T22:10:51Z,200 OK,2026-05-28T16:32:48Z,"Franklin County, Texas","Franklin - Home Page","","https://versionista.com/445407/24102918/65016471/",
"https://www.txcourts.gov","TX District Courts",monitored,"Texas","https://www.co.franklin.tx.us/page/franklin.Holidays",monitored,1,2026-05-18T22:03:54Z,every 2 days,2026-05-18T22:06:12Z,200 OK,2026-05-28T16:19:38Z,"Franklin County, Texas","Franklin - Holiday Schedule","","https://versionista.com/445407/24102919/65016374/",
"https://www.txcourts.gov","TX District Courts",monitored,"Texas","https://www.garzacounty.gov/",monitored,1,2026-05-18T22:07:55Z,every 2 days,2026-05-18T22:14:36Z,200 OK,2026-05-28T16:45:26Z,"Garza County Texas","Garza - Home Page","","https://versionista.com/445407/24102972/65016535/",
"https://www.txcourts.gov","TX District Courts",monitored,"Texas","https://www.garzacounty.gov/page/calendar.holidays",monitored,2,2026-05-18T22:08:19Z,every 2 days,2026-05-28T16:40:55Z,200 OK,2026-05-28T16:40:55Z,"Garza County Texas","Garza - Holiday Schedule","","https://versionista.com/445407/24102973/65145864/","https://versionista.com/445407/24102973/65145864:0/"
"https://www.txcourts.gov","TX District Courts",monitored,"Texas","https://www.co.gray.tx.us/",monitored,1,2026-05-18T22:08:39Z,every 2 days,2026-05-18T22:17:16Z,200 OK,2026-05-28T16:39:18Z,"Gray County, Texas","Gray - Home Page","","https://versionista.com/445407/24102983/65016572/",
"https://www.txcourts.gov","TX District Courts",monitored,"Texas","https://grimescountytexas.gov/",monitored,4,2026-05-18T22:09:10Z,every 2 days,2026-05-28T17:17:42Z,200 OK,2026-05-28T17:17:42Z,"Grimes County, TX","Grimes - Home Page","","https://versionista.com/445407/24102984/65146194/","https://versionista.com/445407/24102984/65146194:0/"
"https://www.txcourts.gov","TX District Courts",monitored,"Texas","https://grimescountytexas.gov/county-holidays",monitored,2,2026-05-18T22:09:29Z,every 2 days,2026-05-22T20:05:43Z,200 OK,2026-05-28T16:48:57Z,"Grimes County Holiday Schedule - Grimes County, TX","Grimes - Holiday Schedule","","https://versionista.com/445407/24102985/65073132/","https://versionista.com/445407/24102985/65073132:0/"
"https://www.txcourts.gov","TX District Courts",monitored,"Texas","https://www.co.hansford.tx.us/",monitored,1,2026-05-18T22:12:14Z,every 2 days,2026-05-18T22:18:46Z,200 OK,2026-05-28T17:11:47Z,"Hansford County, Texas","Hansford - Home Page","","https://versionista.com/445407/24103036/65016602/",
"https://www.txcourts.gov","TX District Courts",monitored,"Texas","https://www.justex.net/",monitored,1,2026-05-18T22:12:44Z,every 2 days,2026-05-18T22:17:58Z,200 OK,2026-05-28T16:53:22Z,"Justex","Harris - Home Page","","https://versionista.com/445407/24103037/65016587/",
"https://www.txcourts.gov","TX District Courts",monitored,"Texas","https://www.justex.net/info/21/8",monitored,1,2026-05-18T22:13:10Z,every 2 days,2026-05-18T22:21:53Z,200 OK,2026-05-28T16:42:46Z,"Justex","Harris - Local Civil Rules","","https://versionista.com/445407/24103043/65016646/",
"https://www.txcourts.gov","TX District Courts",monitored,"Texas","https://www.justex.net/info/21/9",monitored,1,2026-05-18T22:13:34Z,every 2 days,2026-05-18T22:20:02Z,200 OK,2026-05-28T16:46:42Z,"Justex","Harris - Local Family Rules","","https://versionista.com/445407/24103044/65016613/",
"https://www.txcourts.gov","TX District Courts",monitored,"Texas","https://www.haskellcountytx.gov/",monitored,2,2026-05-18T22:14:05Z,every 2 days,2026-05-20T21:23:36Z,200 OK,2026-05-28T17:01:47Z,"Haskell County, Texas","Haskell - Home Page","","https://versionista.com/445407/24103048/65045245/","https://versionista.com/445407/24103048/65045245:0/"
"https://www.txcourts.gov","TX District Courts",monitored,"Texas","https://www.co.hemphill.tx.us/",monitored,1,2026-05-18T22:16:26Z,every 2 days,2026-05-18T22:24:09Z,200 OK,2026-05-28T17:27:10Z,"Hemphill County, Texas","Hemphill - Home Page","","https://versionista.com/445407/24103086/65016675/",
"https://www.txcourts.gov","TX District Courts",monitored,"Texas","https://www.co.hill.tx.us/",monitored,1,2026-05-18T22:16:58Z,every 2 days,2026-05-18T22:28:49Z,200 OK,2026-05-28T16:55:03Z,"Hill County, Texas","Hill - Home Page","","https://versionista.com/445407/24103088/65016743/",
"https://www.txcourts.gov","TX District Courts",monitored,"Texas","https://www.co.hill.tx.us/page/hill.Bulletin",monitored,1,2026-05-18T22:17:27Z,every 2 days,2026-05-18T22:38:35Z,200 OK,2026-05-28T17:45:26Z,"Hill County, Texas","Hill - Holiday Schedule","","https://versionista.com/445407/24103095/65016862/",
"https://www.txcourts.gov","TX District Courts",monitored,"Texas","http://hopkinscountytx.org/",monitored,2,2026-05-18T22:17:52Z,every 2 days,2026-05-28T17:30:33Z,200 OK,2026-05-28T17:30:33Z,"Home Page - Hopkins County","Hopkins - Home Page","","https://versionista.com/445407/24103096/65146283/","https://versionista.com/445407/24103096/65146283:0/"
"https://www.txcourts.gov","TX District Courts",monitored,"Texas","https://www.co.irion.tx.us/",monitored,1,2026-05-18T22:19:27Z,every 2 days,2026-05-18T22:22:56Z,200 OK,2026-05-28T18:01:03Z,"Irion County, Texas","Irion- Home Page","","https://versionista.com/445407/24103102/65016660/",
"https://www.txcourts.gov","TX District Courts",monitored,"Texas","https://www.co.jackson.tx.us/",monitored,2,2026-05-18T22:19:57Z,every 2 days,2026-05-22T20:19:09Z,200 OK,2026-05-28T16:56:44Z,"Jackson County, Texas","Jackson - Home Page","","https://versionista.com/445407/24103106/65073272/","https://versionista.com/445407/24103106/65073272:0/"
"https://www.txcourts.gov","TX District Courts",monitored,"Texas","https://www.jeffdaviscounty.texas.gov/",monitored,1,2026-05-18T22:22:07Z,every 2 days,2026-05-18T22:43:44Z,200 OK,2026-05-28T17:24:08Z,"Jeff Davis County, Texas","Jeff - Home Page","","https://versionista.com/445407/24103140/65016908/",
"https://www.txcourts.gov","TX District Courts",monitored,"Texas","https://www.co.jim-hogg.tx.us/",monitored,1,2026-05-18T22:22:52Z,every 2 days,2026-05-18T22:31:09Z,200 OK,2026-05-28T17:08:31Z,"Jim Hogg County, Texas","Jim Hogg - Home Page","","https://versionista.com/445407/24103141/65016777/",
"https://www.txcourts.gov","TX District Courts",monitored,"Texas","https://www.co.jones.tx.us/",monitored,2,2026-05-18T22:23:32Z,every 2 days,2026-05-28T17:41:20Z,200 OK,2026-05-28T17:41:20Z,"Home Page - Jones County","Jones - Home Page","","https://versionista.com/445407/24103146/65146328/","https://versionista.com/445407/24103146/65146328:0/"
"https://www.txcourts.gov","TX District Courts",monitored,"Texas","https://www.co.jones.tx.us/upload/page/1299/holidays%202026_20251105164038.pdf",monitored,1,2026-05-18T22:23:54Z,every 2 days,2026-05-18T22:32:04Z,200 OK,2026-05-28T17:20:25Z,"","Jones - Holiday Schedule (PDF)","","https://versionista.com/445407/24103147/65016792/",
"https://www.txcourts.gov","TX District Courts",monitored,"Texas","https://www.johnsoncountytx.org/",monitored,6,2026-05-18T22:24:13Z,every 2 days,2026-05-28T17:54:40Z,403 Forbidden,2026-05-28T17:54:40Z,"Access Denied","Johnson - Home Page","","https://versionista.com/445407/24103148/65146415/","https://versionista.com/445407/24103148/65146415:0/"
"https://www.txcourts.gov","TX District Courts",monitored,"Texas","https://www.lamarcountytx.gov/",monitored,3,2026-05-18T22:26:49Z,every 2 days,2026-05-28T17:32:46Z,200 OK,2026-05-28T17:32:46Z,"Lamar County, TX | Official Website","Lamar - Home Page","","https://versionista.com/445407/24103185/65146298/","https://versionista.com/445407/24103185/65146298:0/"
"https://www.txcourts.gov","TX District Courts",monitored,"Texas","https://www.lamarcountytx.gov/Archive.aspx?AMID=39",monitored,1,2026-05-18T22:27:14Z,every 2 days,2026-05-18T22:39:17Z,200 OK,2026-05-28T17:58:32Z,"Archive Center • Holidays","Lamar - Holiday Schedule","","https://versionista.com/445407/24103186/65016869/",
"https://www.txcourts.gov","TX District Courts",monitored,"Texas","https://www.co.lamb.tx.us/",monitored,1,2026-05-18T22:27:36Z,every 2 days,2026-05-18T22:44:27Z,200 OK,2026-05-28T17:14:47Z,"Lamb County, Texas","Lamb - Home Page","","https://versionista.com/445407/24103187/65016922/",
"https://www.txcourts.gov","TX District Courts",monitored,"Texas","https://www.co.lamb.tx.us/upload/page/5005/docs/2026%20Holiday%20Schedule.pdf",monitored,1,2026-05-18T22:28:10Z,every 2 days,2026-05-18T22:51:17Z,200 OK,2026-05-28T17:25:35Z,"","Lamb - Holiday Schedule (PDF)","","https://versionista.com/445407/24103188/65016980/",
"https://www.txcourts.gov","TX District Courts",monitored,"Texas","https://www.co.lee.tx.us/",monitored,1,2026-05-18T22:28:33Z,every 2 days,2026-05-18T22:46:22Z,200 OK,2026-05-28T18:07:08Z,"Lee County, Texas","Lee - Home Page","","https://versionista.com/445407/24103194/65016935/",
"https://www.txcourts.gov","TX District Courts",monitored,"Texas","https://www.co.lee.tx.us/page/CountyHolidaySchedule",monitored,1,2026-05-18T22:28:51Z,every 2 days,2026-05-18T22:48:02Z,200 OK,2026-05-28T17:13:07Z,"Lee County, Texas","Lee - Holiday Schedule","","https://versionista.com/445407/24103195/65016949/",
"https://www.txcourts.gov","TX District Courts",monitored,"Texas","https://www.co.loving.tx.us/",monitored,1,2026-05-18T22:29:10Z,every 2 days,2026-05-18T22:32:55Z,200 OK,2026-05-28T17:03:22Z,"Loving County, Texas","Loving - Home Page","","https://versionista.com/445407/24103196/65016806/",
"https://www.txcourts.gov","TX District Courts",monitored,"Texas","https://www.co.menard.tx.us/",monitored,2,2026-05-18T22:31:09Z,every 2 days,2026-05-22T20:54:22Z,200 OK,2026-05-28T17:38:29Z,"Menard County, Texas","Menard - Home Page","","https://versionista.com/445407/24103200/65073514/","https://versionista.com/445407/24103200/65073514:0/"
"https://www.txcourts.gov","TX District Courts",monitored,"Texas","https://www.co.menard.tx.us/page/menard.CountyHolidays",monitored,2,2026-05-18T22:31:25Z,every 2 days,2026-05-22T20:27:42Z,200 OK,2026-05-28T17:16:27Z,"Menard County, Texas","Menard - Holiday Schedule","","https://versionista.com/445407/24103207/65073348/","https://versionista.com/445407/24103207/65073348:0/"
"https://www.txcourts.gov","TX District Courts",monitored,"Texas","https://www.millscountytx.gov/",monitored,2,2026-05-18T22:31:46Z,every 2 days,2026-05-28T17:37:13Z,200 OK,2026-05-28T17:37:13Z,"Mills County, Texas","Mills - Home Page","","https://versionista.com/445407/24103208/65146311/","https://versionista.com/445407/24103208/65146311:0/"
"https://www.txcourts.gov","TX District Courts",monitored,"Texas","https://www.millscountytx.gov/page/mills.Holidays",monitored,2,2026-05-18T22:32:03Z,every 2 days,2026-05-28T17:50:07Z,200 OK,2026-05-28T17:50:07Z,"Holidays | Mills County, TX","Mills - Holiday Schedule","","https://versionista.com/445407/24103209/65146375/","https://versionista.com/445407/24103209/65146375:0/"
"https://www.txcourts.gov","TX District Courts",monitored,"Texas","https://www.runnelscounty.org/",monitored,1,2026-05-18T22:33:42Z,every 2 days,2026-05-18T22:50:27Z,200 OK,2026-05-28T18:13:18Z,"Home - Runnels County","Runnels - Home Page","","https://versionista.com/445407/24103214/65016972/",
"https://www.txcourts.gov","TX District Courts",monitored,"Texas","https://www.runnelscounty.org/page/runnels.holidays",monitored,1,2026-05-18T22:34:00Z,every 2 days,2026-05-18T22:36:22Z,200 OK,2026-05-28T17:48:30Z,"Holidays - Runnels County","Runnels - Holiday Schedule","","https://versionista.com/445407/24103215/65016842/",
"https://www.txcourts.gov","TX District Courts",monitored,"Texas","https://www.co.sherman.tx.us/",monitored,2,2026-05-18T22:34:20Z,every 2 days,2026-05-28T16:58:15Z,200 OK,2026-05-28T16:58:15Z,"Sherman County, Texas","Sherman - Home Page","","https://versionista.com/445407/24103216/65146037/","https://versionista.com/445407/24103216/65146037:0/"
"https://www.txcourts.gov","TX District Courts",monitored,"Texas","https://www.co.sherman.tx.us/page/sherman.Holiday",monitored,1,2026-05-18T22:34:40Z,every 2 days,2026-05-18T22:37:26Z,200 OK,2026-05-28T17:28:38Z,"Sherman County, Texas","Sherman - Holiday Schedule","","https://versionista.com/445407/24103217/65016852/",
"https://www.txcourts.gov","TX District Courts",monitored,"Texas","https://www.smith-county.com/",monitored,5,2026-05-18T22:35:14Z,every 2 days,2026-05-28T17:51:36Z,200 OK,2026-05-28T17:51:36Z,"Smith County, TX | Official Website","Smith - Home Page","","https://versionista.com/445407/24103218/65146391/","https://versionista.com/445407/24103218/65146391:0/"
"https://www.txcourts.gov","TX District Courts",monitored,"Texas","https://www.smith-county.com/175/County-Calendar-Holiday-Schedule",monitored,2,2026-05-18T22:35:31Z,every 2 days,2026-05-28T17:35:57Z,200 OK,2026-05-28T17:35:57Z,"County Calendar &amp; Holiday Schedule | Smith County, TX","Smith - Holiday Schedule","","https://versionista.com/445407/24103219/65146308/","https://versionista.com/445407/24103219/65146308:0/"
"https://www.txcourts.gov","TX District Courts",monitored,"Texas","https://www.stonewallcounty.org/",monitored,1,2026-05-18T22:37:03Z,every 2 days,2026-05-18T22:57:30Z,200 OK,2026-05-28T17:39:59Z,"Stonewall County, Texas","Stonewall - Home Page","","https://versionista.com/445407/24103223/65017031/",
"https://www.txcourts.gov","TX District Courts",monitored,"Texas","https://www.tarrantcountytx.gov/en.html",monitored,4,2026-05-18T22:37:21Z,every 2 days,2026-05-28T17:42:52Z,200 OK,2026-05-28T17:42:52Z,"Tarrant County - Home","Tarrant - Home Page","","https://versionista.com/445407/24103224/65146342/","https://versionista.com/445407/24103224/65146342:0/"
"https://www.txcourts.gov","TX District Courts",monitored,"Texas","https://www.tarrantcountytx.gov/en/district-clerk/about-us/rules/local-rules-of-the-courts.html",monitored,1,2026-05-18T22:37:49Z,every 2 days,2026-05-18T22:47:00Z,200 OK,2026-05-28T17:53:06Z,"Local Rules of the Courts","Tarrant - Local Rules","","https://versionista.com/445407/24103225/65016937/",
"https://www.txcourts.gov","TX District Courts",monitored,"Texas","https://www.tarrantcountytx.gov/en/calendar.html",monitored,1,2026-05-18T22:38:09Z,every 2 days,2026-05-18T22:56:36Z,200 OK,2026-05-28T17:47:00Z,"Calendar","Tarrant - Holiday Schedule","","https://versionista.com/445407/24103226/65017023/",
"https://www.txcourts.gov","TX District Courts",monitored,"Texas","https://www.tomgreencountytx.gov/",monitored,1,2026-05-18T22:39:25Z,every 2 days,2026-05-18T22:52:26Z,200 OK,2026-05-28T18:05:12Z,"Tom Green County","Tom Green - Home Page","","https://versionista.com/445407/24103227/65016989/",
"https://www.txcourts.gov","TX District Courts",monitored,"Texas","https://www.tomgreencountytx.gov/page/ct.Holidays",monitored,1,2026-05-18T22:39:45Z,every 2 days,2026-05-18T22:40:08Z,200 OK,2026-05-28T17:57:19Z,"Tom Green County","Tom Green - Holiday Schedule","","https://versionista.com/445407/24103228/65016876/",
"https://www.txcourts.gov","TX District Courts",monitored,"Texas","https://www.co.wilson.tx.us/",monitored,2,2026-05-18T22:40:06Z,every 2 days,2026-05-24T19:53:09Z,200 OK,2026-05-28T17:44:04Z,"Wilson County, Texas","Wilson - Home Page","","https://versionista.com/445407/24103229/65096884/","https://versionista.com/445407/24103229/65096884:0/"
"https://www.txcourts.gov","TX District Courts",monitored,"Texas","https://www.co.wilson.tx.us/page/wilson.Holidays",monitored,1,2026-05-18T22:40:26Z,every 2 days,2026-05-18T22:53:16Z,200 OK,2026-05-28T18:02:01Z,"Wilson County, Texas","Wilson - Holiday Schedule","","https://versionista.com/445407/24103230/65016995/",
"https://www.txcourts.gov","TX State",monitored,"Texas","https://www.txcourts.gov/",monitored,2,2026-05-18T21:55:20Z,every 2 days,2026-05-28T16:36:39Z,200 OK,2026-05-28T16:36:39Z,"TJB","Texas Judicial Branch","","https://versionista.com/445409/24102842/65145819/","https://versionista.com/445409/24102842/65145819:0/"
"https://www.txcourts.gov","TX State",monitored,"Texas","https://www.txcourts.gov/rules-forms/rules-standards/",monitored,2,2026-05-18T21:55:51Z,every 2 days,2026-05-28T16:26:54Z,200 OK,2026-05-28T16:26:54Z,"TJB | Rules & Forms | Rules & Standards","Statewide Rules","","https://versionista.com/445409/24102843/65145709/","https://versionista.com/445409/24102843/65145709:0/"
"https://www.txcourts.gov","TX State",monitored,"Texas","https://www.txcourts.gov/supreme/administrative-orders/rules-advisories/",monitored,2,2026-05-18T21:56:15Z,every 2 days,2026-05-28T16:16:13Z,200 OK,2026-05-28T16:16:13Z,"TJB | SC | Administrative Orders | Rules Advisories","Rule Advisories","","https://versionista.com/445409/24102879/65145606/","https://versionista.com/445409/24102879/65145606:0/"
"https://www.txcourts.gov","TX State",monitored,"Texas","https://statutes.capitol.texas.gov/",monitored,1,2026-05-18T21:56:47Z,every 2 days,2026-05-18T21:57:53Z,200 OK,2026-05-28T16:52:02Z,"Texas Constitution and Statutes","Texas Constitutions and Statutes","","https://versionista.com/445409/24102880/65016240/",
"https://www.txcourts.gov","TX State",monitored,"Texas","https://statutes.capitol.texas.gov/?tab=1&code=GV&chapter=GV.662&artSec=",monitored,1,2026-05-18T21:57:47Z,every 2 days,2026-05-18T22:00:43Z,200 OK,2026-05-28T16:34:49Z,"Texas Constitution and Statutes","Holiday Schedule","","https://versionista.com/445409/24102882/65016284/",
"https://www.flcourts.gov","FL Circuit Courts",monitored,"Florida","https://www.flcourts.gov/Courts-System/court-structure/trial-courts-circuit",monitored,1,2026-05-19T21:28:09Z,every 2 days,2026-05-19T21:28:17Z,200 OK,2026-05-27T16:55:02Z,"Trial Courts - Circuit / Court Structure / Courts System - - Florida Courts","Circuit Courts - Map","","https://versionista.com/445420/24105758/65029675/",
"https://www.flcourts.gov","FL Circuit Courts",monitored,"Florida","https://www.firstjudicialcircuit.org/",monitored,1,2026-05-19T22:01:17Z,every 2 days,2026-05-19T22:01:26Z,200 OK,2026-05-27T17:28:10Z,"First Judicial Circuit Court of Florida | First Judicial Circuit of Florida","1st Judicial Circuit - Home Page","","https://versionista.com/445420/24105833/65030005/",
"https://www.flcourts.gov","FL Circuit Courts",monitored,"Florida","https://www.jud4.org/",monitored,1,2026-05-19T22:04:41Z,every 2 days,2026-05-19T22:04:48Z,200 OK,2026-05-27T17:31:28Z,"Jud4.org - Welcome","4th Judicial Circuit - Home Page","","https://versionista.com/445420/24105834/65030049/",
"https://www.flcourts.gov","FL Circuit Courts",monitored,"Florida","https://www.jud6.org/",monitored,1,2026-05-19T22:13:04Z,every 2 days,2026-05-19T22:13:22Z,200 OK,2026-05-27T17:54:11Z,"Welcome to the Sixth Judicial Circuit of Florida - Serving Pasco and Pinellas Counties","6th Judicial Circuit - Home Page","","https://versionista.com/445420/24105843/65030148/",
"https://www.flcourts.gov","FL Circuit Courts",monitored,"Florida","https://www.jud6.org/LegalCommunity/LocalRules.html",monitored,1,2026-05-19T22:13:31Z,every 2 days,2026-05-19T22:14:41Z,200 OK,2026-05-27T17:40:52Z,"Sixth Judicial Circuit of Florida - Pinellas and Pasco Counties - Local Rules","6th Judicial Circuit - Local Rules","","https://versionista.com/445420/24105844/65030160/",
"https://www.flcourts.gov","FL Circuit Courts",monitored,"Florida","https://circuit7.org/",monitored,4,2026-05-19T22:15:48Z,every 2 days,2026-05-27T17:42:53Z,200 OK,2026-05-27T17:42:53Z,"Home - Seventh Judicial Circuit Court of Florida","7th Judicial Circuit - Home Page","","https://versionista.com/445420/24105845/65132108/","https://versionista.com/445420/24105845/65132108:0/"
"https://www.flcourts.gov","FL Circuit Courts",monitored,"Florida","https://circuit7.org/administrative-orders/",monitored,2,2026-05-19T22:16:14Z,every 2 days,2026-05-21T21:07:51Z,200 OK,2026-05-27T17:37:10Z,"Administrative Orders - Seventh Judicial Circuit Court of Florida","7th Judicial Circuit - Administrative Orders","","https://versionista.com/445420/24105846/65058772/","https://versionista.com/445420/24105846/65058772:0/"
"https://www.flcourts.gov","FL Circuit Courts",monitored,"Florida","https://circuit7.org/courthouse-hours-and-holidays/",monitored,2,2026-05-19T22:16:39Z,every 2 days,2026-05-21T21:13:38Z,200 OK,2026-05-27T18:04:33Z,"Courthouse Hours and Holidays - Seventh Judicial Circuit Court of Florida","7th Judicial Circuit - Holiday Schedule","","https://versionista.com/445420/24105847/65058829/","https://versionista.com/445420/24105847/65058829:0/"
"https://www.flcourts.gov","FL Circuit Courts",monitored,"Florida","https://ninthcircuit.org/",monitored,3,2026-05-19T22:17:42Z,every 2 days,2026-05-23T20:24:47Z,200 OK,2026-05-27T18:07:48Z,"Orange &amp; Osceola Counties | Ninth Judicial Circuit Court of Florida","9th Judicial Circuit - Home Page","","https://versionista.com/445420/24105848/65086141/","https://versionista.com/445420/24105848/65086141:0/"
"https://www.flcourts.gov","FL Circuit Courts",monitored,"Florida","https://ninthcircuit.org/resources/admin-orders",monitored,1,2026-05-19T22:18:01Z,every 2 days,2026-05-19T22:26:12Z,200 OK,2026-05-27T18:01:26Z,"Administrative Orders | Ninth Judicial Circuit Court of Florida","9th Judicial Circuit - Administrative Orders","","https://versionista.com/445420/24105849/65030270/",
"https://www.flcourts.gov","FL Circuit Courts",monitored,"Florida","https://ninthcircuit.org/about/court-holidays",monitored,2,2026-05-19T22:18:29Z,every 2 days,2026-05-27T17:51:29Z,200 OK,2026-05-27T17:51:29Z,"Court Holidays | Ninth Judicial Circuit Court of Florida","9th Judicial Circuit - Holiday Schedule","","https://versionista.com/445420/24105850/65132176/","https://versionista.com/445420/24105850/65132176:0/"
"https://www.flcourts.gov","FL Circuit Courts",monitored,"Florida","https://www.jud10.flcourts.org/",monitored,3,2026-05-19T22:21:14Z,every 2 days,2026-05-27T18:06:14Z,200 OK,2026-05-27T18:06:14Z,"10th Judicial Circuit Court | Usability - Technical - Art","10th Judicial Circuit - Home Page","","https://versionista.com/445420/24105851/65132296/","https://versionista.com/445420/24105851/65132296:0/"
"https://www.flcourts.gov","FL Circuit Courts",monitored,"Florida","https://www.jud10.flcourts.org/admin-orders?q=administrative-orders/admin-1",monitored,3,2026-05-19T22:21:41Z,every 2 days,2026-05-27T17:55:46Z,200 OK,2026-05-27T17:55:46Z,"Administrative Orders - Division 1 | 10th Judicial Circuit Court","10th Judicial Circuit - Administrative Orders (Division 1)","","https://versionista.com/445420/24105853/65132220/","https://versionista.com/445420/24105853/65132220:0/"
"https://www.flcourts.gov","FL Circuit Courts",monitored,"Florida","https://www.jud10.flcourts.org/admin-orders?q=administrative-orders/admin-3",monitored,3,2026-05-19T22:22:11Z,every 2 days,2026-05-27T17:58:41Z,200 OK,2026-05-27T17:58:41Z,"Administrative Orders - Division 3 | 10th Judicial Circuit Court","10th Judicial Circuit - Administrative Orders (Division 3)","","https://versionista.com/445420/24105854/65132235/","https://versionista.com/445420/24105854/65132235:0/"
"https://www.flcourts.gov","FL Circuit Courts",monitored,"Florida","https://www.jud10.flcourts.org/courthouse-hours-holidays",monitored,3,2026-05-19T22:22:28Z,every 2 days,2026-05-27T17:47:25Z,200 OK,2026-05-27T17:47:25Z,"Hours of Operation &amp; Holidays | 10th Judicial Circuit Court","10th Judicial Circuit - Holiday Schedule","","https://versionista.com/445420/24105855/65132141/","https://versionista.com/445420/24105855/65132141:0/"
"https://www.flcourts.gov","FL Circuit Courts",monitored,"Florida","https://www.jud11.flcourts.org/",monitored,4,2026-05-19T22:23:32Z,every 2 days,2026-05-27T18:09:15Z,200 OK,2026-05-27T18:09:15Z,"Eleventh Judicial Circuit of Florida - Home","11th Judicial Circuit - Home Page","","https://versionista.com/445420/24105856/65132315/","https://versionista.com/445420/24105856/65132315:0/"
"https://www.flcourts.gov","FL Circuit Courts",monitored,"Florida","https://www.jud11.flcourts.org/General-Information/Local-Rules",monitored,2,2026-05-19T22:23:50Z,every 2 days,2026-05-21T21:36:25Z,200 OK,2026-05-27T18:18:54Z,"Local Rules","11th Judicial Circuit - Local Rules","","https://versionista.com/445420/24105857/65058972/","https://versionista.com/445420/24105857/65058972:0/"
"https://www.flcourts.gov","FL Circuit Courts",monitored,"Florida","https://www.jud11.flcourts.org/About-the-Court/Court-Holidays-Closings",monitored,2,2026-05-19T22:24:10Z,every 2 days,2026-05-21T21:25:48Z,200 OK,2026-05-27T17:57:14Z,"Court Holidays/Closings","11th Judicial Circuit - Holiday Schedule","","https://versionista.com/445420/24105858/65058910/","https://versionista.com/445420/24105858/65058910:0/"
"https://www.flcourts.gov","FL Circuit Courts",monitored,"Florida","https://www.fljud13.org/",monitored,1,2026-05-19T22:26:03Z,every 2 days,2026-05-19T22:39:19Z,200 OK,2026-05-27T18:35:42Z,"Thirteenth Judicial Circuit Court","13th Judicial Circuit - Home Page","","https://versionista.com/445420/24105859/65030363/",
"https://www.flcourts.gov","FL Circuit Courts",monitored,"Florida","https://www.fljud13.org/AdministrativeOrders/LocalRules.aspx",monitored,1,2026-05-19T22:26:22Z,every 2 days,2026-05-19T22:29:17Z,200 OK,2026-05-27T18:12:08Z,"Thirteenth Judicial Circuit Administrative Office of the Courts > Administrative Orders > Local Rules","13th Judicial Circuit - Local Rules","","https://versionista.com/445420/24105860/65030290/",
"https://www.flcourts.gov","FL Circuit Courts",monitored,"Florida","https://www.fljud13.org/AboutUs/CourtHolidays.aspx",monitored,1,2026-05-19T22:26:47Z,every 2 days,2026-05-19T22:30:29Z,200 OK,2026-05-27T18:17:27Z,"Thirteenth Judicial Circuit Administrative Office of the Courts > About Us > Court Holidays","13th Judicial Circuit - Holiday Schedule","","https://versionista.com/445420/24105861/65030303/",
"https://www.flcourts.gov","FL Circuit Courts",monitored,"Florida","https://jud14.flcourts.org/",monitored,2,2026-05-19T22:28:27Z,every 2 days,2026-05-23T20:37:06Z,200 OK,2026-05-27T18:26:20Z,"Fourteenth Judicial Circuit | Justice in Florida will be Accessible, Fair, Effective, Responsive, and Accountable","14th Judicial Circuit - Home Page","","https://versionista.com/445420/24105863/65086235/","https://versionista.com/445420/24105863/65086235:0/"
"https://www.flcourts.gov","FL Circuit Courts",monitored,"Florida","https://jud14.flcourts.org/administrative-orders",monitored,2,2026-05-19T22:28:45Z,every 2 days,2026-05-23T20:31:44Z,200 OK,2026-05-27T18:16:02Z,"Administrative Court Orders | Fourteenth Judicial Circuit","14th Judicial Circuit - Administrative Orders","","https://versionista.com/445420/24105864/65086190/","https://versionista.com/445420/24105864/65086190:0/"
"https://www.flcourts.gov","FL Circuit Courts",monitored,"Florida","https://jud14.flcourts.org/calendars-schedules",monitored,2,2026-05-19T22:29:15Z,every 2 days,2026-05-23T20:21:29Z,200 OK,2026-05-27T18:10:30Z,"Calendars & Schedules | Fourteenth Judicial Circuit","14th Judicial Circuit - Holiday Schedule","","https://versionista.com/445420/24105865/65086119/","https://versionista.com/445420/24105865/65086119:0/"
"https://www.flcourts.gov","FL Circuit Courts",monitored,"Florida","https://www.15thcircuit.com/",monitored,3,2026-05-19T22:29:41Z,every 2 days,2026-05-27T18:13:41Z,200 OK,2026-05-27T18:13:41Z,"Home | 15th Circuit","15th Judicial Circuit - Home Page","","https://versionista.com/445420/24105867/65132338/","https://versionista.com/445420/24105867/65132338:0/"
"https://www.flcourts.gov","FL Circuit Courts",monitored,"Florida","https://www.15thcircuit.com/updated-administrative-orders",monitored,3,2026-05-19T22:30:00Z,every 2 days,2026-05-27T18:24:40Z,200 OK,2026-05-27T18:24:40Z,"Updated Administrative Orders | 15th Circuit","15th Judicial Circuit - Administrative Orders","","https://versionista.com/445420/24105868/65132413/","https://versionista.com/445420/24105868/65132413:0/"
"https://www.flcourts.gov","FL Circuit Courts",monitored,"Florida","https://www.15thcircuit.com/court-schedule",monitored,1,2026-05-19T22:30:23Z,every 2 days,2026-05-19T22:33:41Z,200 OK,2026-05-27T18:36:50Z,"Court Hours and Holiday Schedule | 15th Circuit","15th Judicial Circuit - Holiday Schedule","","https://versionista.com/445420/24105869/65030326/",
"https://www.flcourts.gov","FL Circuit Courts",monitored,"Florida","https://keyscourts.net/",monitored,1,2026-05-19T22:31:41Z,every 2 days,2026-05-19T22:45:46Z,200 OK,2026-05-27T18:28:53Z,"Court Administration 16th Circuit of Florida &#8211; Judicial Circuit for the Florida Keys","16th Judicial Circuit - Home Page","","https://versionista.com/445420/24105870/65030404/",
"https://www.flcourts.gov","FL Circuit Courts",monitored,"Florida","https://www.17th.flcourts.org/",monitored,1,2026-05-19T22:41:22Z,every 2 days,2026-05-19T22:54:40Z,200 OK,2026-05-27T18:49:49Z,"Seventeenth Judicial Circuit of Florida &#8211; Seventeenth Judicial Circuit of Florida","17th Judicial Circuit - Home Page","","https://versionista.com/445420/24105886/65030475/",
"https://www.flcourts.gov","FL Circuit Courts",monitored,"Florida","https://www.17th.flcourts.org/local-rules-2/",monitored,1,2026-05-19T22:41:43Z,every 2 days,2026-05-19T22:46:43Z,200 OK,2026-05-27T18:19:59Z,"Local Rules &#8211; Seventeenth Judicial Circuit of Florida","17th Judicial Circuit - Local Rules","","https://versionista.com/445420/24105887/65030410/",
"https://www.flcourts.gov","FL Circuit Courts",monitored,"Florida","https://www.17th.flcourts.org/civil-administrative-orders/",monitored,1,2026-05-19T22:42:04Z,every 2 days,2026-05-19T22:51:52Z,200 OK,2026-05-27T18:56:58Z,"Civil Administrative Orders &#8211; Seventeenth Judicial Circuit of Florida","17th Judicial Circuit - Administrative Orders","","https://versionista.com/445420/24105888/65030451/",
"https://www.flcourts.gov","FL Circuit Courts",monitored,"Florida","https://www.17th.flcourts.org/court-closures-2/",monitored,1,2026-05-19T22:42:28Z,every 2 days,2026-05-19T22:50:46Z,200 OK,2026-05-27T18:44:05Z,"Court Closures &#8211; Seventeenth Judicial Circuit of Florida","17th Judicial Circuit - Holiday Schedule","","https://versionista.com/445420/24105889/65030445/",
"https://www.flcourts.gov","FL Circuit Courts",monitored,"Florida","https://www.circuit19.org/",monitored,1,2026-05-19T22:43:00Z,every 2 days,2026-05-19T22:58:51Z,200 OK,2026-05-27T18:58:52Z,"Circuit19 - Nineteenth Judicial Circuit","19th Judicial Circuit - Home Page","","https://versionista.com/445420/24105890/65030516/",
"https://www.flcourts.gov","FL Circuit Courts",monitored,"Florida","https://www.ca.cjis20.org/",monitored,1,2026-05-19T22:43:19Z,every 2 days,2026-05-19T22:55:48Z,200 OK,2026-05-27T18:32:58Z,"Home","20th Judicial Circuit - Home Page","","https://versionista.com/445420/24105892/65030491/",
"https://www.flcourts.gov","FL Circuit Courts",monitored,"Florida","https://www.ca.cjis20.org/Documents/admin-orders.aspx",monitored,1,2026-05-19T22:43:41Z,every 2 days,2026-05-19T22:44:35Z,200 OK,2026-05-27T18:31:48Z,"Administrative Orders","20th Judicial Circuit - Administrative Orders","","https://versionista.com/445420/24105893/65030394/",
"https://www.flcourts.gov","FL Circuit Courts",monitored,"Florida","https://www.ca.cjis20.org/About-The-Court/Court-Schedules/",monitored,1,2026-05-19T22:44:05Z,every 2 days,2026-05-19T22:48:30Z,200 OK,2026-05-27T18:23:00Z,"Judge Schedules","20th Judicial Circuit - Holiday Schedule","","https://versionista.com/445420/24105919/65030423/",
"https://www.flcourts.gov","FL Circuit Courts",monitored,"Florida","https://www.rjslawlibrary.org/local-rules",monitored,1,2026-05-19T22:48:01Z,every 2 days,2026-05-19T22:53:25Z,200 OK,2026-05-27T18:30:29Z,"Local Rules | St Lucie Law Library","19th Judicial Circuit - Local Rules","","https://versionista.com/445420/24105972/65030469/",
"https://www.flcourts.gov","FL Circuit Courts",monitored,"Florida","https://www.duvalclerk.gov/services/adminorders",monitored,1,2026-05-19T22:52:03Z,every 2 days,2026-05-19T22:56:54Z,200 OK,2026-05-27T18:45:59Z,"- Administrative Orders","4th Judicial Circuit - Administrative Orders","","https://versionista.com/445420/24106019/65030496/",
"https://www.flcourts.gov","FL State",monitored,"Florida","https://www.flcourts.gov/",monitored,1,2026-05-19T22:38:21Z,every 2 days,2026-05-19T22:52:41Z,200 OK,2026-05-27T18:42:24Z,"Florida Courts","Florida Judicial Branch","","https://versionista.com/445421/24105879/65030463/",
"https://www.flcourts.gov","FL State",monitored,"Florida","https://www.floridabar.org/",monitored,4,2026-05-19T22:39:18Z,every 2 days,2026-05-27T18:53:27Z,200 OK,2026-05-27T18:53:27Z,"The Florida Bar","The Florida Bar - Home Page","","https://versionista.com/445421/24105883/65132514/","https://versionista.com/445421/24105883/65132514:0/"
"https://www.flcourts.gov","FL State",monitored,"Florida","https://www.floridabar.org/news_article_section/notices/",monitored,2,2026-05-19T22:39:51Z,every 2 days,2026-05-21T21:58:20Z,200 OK,2026-05-27T18:52:03Z,"Notices &#8211; The Florida Bar","The Florida Bar - News","","https://versionista.com/445421/24105884/65059107/","https://versionista.com/445421/24105884/65059107:0/"
"https://www.flcourts.gov","FL State",monitored,"Florida","https://www.floridabar.org/rules/ctproc/",monitored,1,2026-05-19T22:40:32Z,every 2 days,2026-05-19T22:42:19Z,200 OK,2026-05-27T18:39:43Z,"Florida Rules of Court Procedure","The Florida Bar - Rules of Court Procedure","","https://versionista.com/445421/24105885/65030384/",
"https://www.supremecourt.gov","U.S. Supreme Court",monitored,"U.S. Appellate Courts","https://www.supremecourt.gov/",monitored,5,2026-05-20T22:11:08Z,every 2 days,2026-05-28T17:31:03Z,200 OK,2026-05-28T17:31:03Z,"Home - Supreme Court of the United States","Supreme Court - Home Page (News)","","https://versionista.com/445452/24109062/65146285/","https://versionista.com/445452/24109062/65146285:0/"
"https://www.supremecourt.gov","U.S. Supreme Court",monitored,"U.S. Appellate Courts","https://www.supremecourt.gov/filingandrules/rules_guidance.aspx",monitored,1,2026-05-20T22:12:42Z,every 2 days,2026-05-20T22:12:56Z,200 OK,2026-05-28T17:38:35Z,"Rules and Guidance","Supreme Court - Rules and Guidance","","https://versionista.com/445452/24109089/65045687/",
"https://www.supremecourt.gov","U.S. Supreme Court",monitored,"U.S. Appellate Courts","https://www.supremecourt.gov/publicinfo/press/pressreleases.aspx",monitored,2,2026-05-20T22:13:15Z,every 2 days,2026-05-22T21:04:35Z,200 OK,2026-05-28T17:40:16Z,"Press Releases - Supreme Court of the United States","Supreme Court - Press Releases","","https://versionista.com/445452/24109090/65073551/","https://versionista.com/445452/24109090/65073551:0/"
"https://www.usa.gov","U.S. Federal Agencies",monitored,"U.S. Federal Agencies","https://www.usa.gov/agency-index",monitored,1,2026-05-20T22:27:18Z,every 2 days,2026-05-20T22:27:23Z,200 OK,2026-05-28T17:46:05Z,"A-Z index of U.S. government departments and agencies | USAGov","U.S. Agencies Index","","https://versionista.com/445454/24109253/65045789/",
"https://www.usa.gov","U.S. Federal Agencies",monitored,"U.S. Federal Agencies","https://www.faa.gov/",monitored,5,2026-05-20T22:31:28Z,every 2 days,2026-05-28T17:51:40Z,200 OK,2026-05-28T17:51:40Z,"Federal Aviation Administration","Federal Aviation Administration - Home Page","","https://versionista.com/445454/24109285/65146393/","https://versionista.com/445454/24109285/65146393:0/"
"https://www.usa.gov","U.S. Federal Agencies",monitored,"U.S. Federal Agencies","https://www.opm.gov/policy-data-oversight/pay-leave/federal-holidays/",monitored,3,2026-05-20T22:33:30Z,every 2 days,2026-05-24T20:13:48Z,200 OK,2026-05-28T17:54:08Z,"Federal Holidays","Office of Personnel Management - Holiday Schedule","","https://versionista.com/445454/24109306/65096951/","https://versionista.com/445454/24109306/65096951:0/"
"https://www.usa.gov","U.S. Federal Agencies",monitored,"U.S. Federal Agencies","https://www.opm.gov/",monitored,1,2026-05-20T22:34:24Z,every 2 days,2026-05-20T22:34:42Z,200 OK,2026-05-28T18:09:11Z,"OPM Home - OPM.gov","Office of Personnel Management - Home Page","","https://versionista.com/445454/24109307/65045831/",
"https://www.usa.gov","U.S. Federal Agencies",monitored,"U.S. Federal Agencies","https://www.finra.org/",monitored,1,2026-05-20T22:35:00Z,every 2 days,2026-05-20T22:37:46Z,200 OK,2026-05-28T18:07:27Z,"A vibrant market is at its best when it works for everyone | FINRA.org","FINRA - Home Page","","https://versionista.com/445454/24109314/65045848/",
"https://www.usa.gov","U.S. Federal Agencies",monitored,"U.S. Federal Agencies","https://www.finra.org/rules-guidance/rulebooks/updates",monitored,1,2026-05-20T22:35:28Z,every 2 days,2026-05-20T22:38:31Z,200 OK,2026-05-28T18:18:47Z,"Recent Updates | FINRA.org","FINRA - Manual Updates","","https://versionista.com/445454/24109315/65045854/",
"https://www.usa.gov","U.S. Federal Agencies",monitored,"U.S. Federal Agencies","https://www.justice.gov/ust",monitored,1,2026-05-20T22:36:05Z,every 2 days,2026-05-20T22:36:09Z,200 OK,2026-05-28T18:05:37Z,"U.S. Trustee Program | U.S. Trustee Program","U.S. Trustee Program - Home Page ","","https://versionista.com/445454/24109316/65045840/",
"https://www.usa.gov","U.S. Federal Agencies",monitored,"U.S. Federal Agencies","https://www.ustaxcourt.gov/",monitored,2,2026-05-20T22:42:42Z,every 2 days,2026-05-28T18:15:22Z,200 OK,2026-05-28T18:15:22Z,"United States Tax Court","U.S. Tax Court - Home Page","","https://versionista.com/445454/24109376/65146519/","https://versionista.com/445454/24109376/65146519:0/"
"https://www.usa.gov","U.S. Federal Agencies",monitored,"U.S. Federal Agencies","https://www.ustaxcourt.gov/rules/",monitored,1,2026-05-20T22:43:07Z,every 2 days,2026-05-20T22:43:39Z,200 OK,2026-05-28T18:11:26Z,"Tax Court Rules | United States Tax Court","U.S. Tax Court - Court Rules","","https://versionista.com/445454/24109377/65045880/",
